    1881     651      22
      23    1134     640
      69    1029     580
    1965     248    1749
     621    1762     364
     666    1975     198
     456     341    1216
     429     842    1665
     508     824    1972
     982    1895     170
     182    1141     863
     484    1926     681
     886     398    1299
     889     245     685
      35     530     695
      88     678    1700
     679    1283     984
    1642     724     423
    1402     344     974
    1548     178    1552
     787    1620     417
     181    1071     856
     154    1230    1970
     967    1670     205
     469     633    1854
    1553     224     997
     871     397    1344
     738     220    1841
      19    1319     534
     665    1308     157
     452     823    1798
    1057     197    1990
     793     355     283
    1758    1058     444
     505     348    1112
     488    1475    1933
     144    1571     672
    1433    1491     627
     767     274     269
      58    1219    1847
     690    1585     242
    1872     573      30
     841     256     443
     593     386    1519
     854    2009      46
    1509    1380     160
    1763     177    1412
    1120     234    1781
    1243    1356      92
     701     199     138
     951    1902     673
      27    1123     588
     451    1768    1127
    1157    1337     659
    1231     318     457
     532     227     202
     127     839     594
     708     931      47
     759     277    1598
     431     399     975
     109    1221     770
     410    1108    1577
    1629    1284     421
    1408     388     720
    1679     312    1278
    1151     389     246
     571     572     817
     911     259     516
      91     916     799
    1150    1170      71
     132    1168     149
    1124     278     858
     551     201    1916
     976    1920     188
    1173     327    1022
    1850     664      39
     556    1859     178
     780    1765     116
    1460    1437     152
     499    1722     917
    1174     306     771
     521     167     135
     926     228     564
     118    1417     608
    1164    1416     628
     460     206    1397
     136     953     562
      45     766     565
    1630     111      79
     514     851      77
    1608     698      55
      47     675    1506
     539    1114     835
     411     208    1279
    1663     979     426
     782     524    1983
      86     772     661
     688     264    1381
    1635     358     434
     445     360    1138
     825     465    1858
     828    1821     577
     709     356    1003
     541    2014    1006
      54     662    1209
    1672     125    1248
    1332     328    1015
      55    1791    1608
     642    1561    1370
    1719    1144     161
     862     742      92
     559     857      84
     795     153    1300
    1201     314     418
     409     342     981
     948    1292     195
     118    1250    1078
      60     836     723
     116    1372     899
     730    1594     251
    1978     883      80
     760     266     260
    1606     707      90
    1807     252     980
     547    1409     822
    1125     295     657
     908     276    2035
      65     689    1949
    1449     371     895
      66     860     943
     972     347    1683
    1446     165    1204
    1093    1311     466
     791     324     239
    1016     351     244
     758     315     261
      70    1004     600
     957     212    1786
      71    1101      83
    1994    1065     462
      72    1197    1938
     865    1119     410
      73    1516    1205
     489     307    1682
    1182     270    1073
    1649    1172     422
    1650     448     440
     515     327    1091
      76    1310     875
    1359     343    1088
     898    1856     171
    1866    1239     468
      78    1350    1510
      26    1434     644
    1179    1472     141
     936     854      46
      80    1301     626
     843    1907     235
     818     209     448
     745     246     214
     603     297    1489
     966     322     211
    1291     331     273
    1564     391     411
    1456    1590     566
    1493     376     813
    1067     273     221
      85    1208    1268
    1421     357     427
     412     399     705
     568     656      87
    1696    1467     432
       7     900     576
     964     267    1780
    1096     340     286
     450     177    1738
      90    1457     929
       1     845    1615
     861     187     424
    1644    1452     420
      92    1481    1218
      92    1711     862
      93    1396     538
     754     194    1061
      94    1379     928
      94    1445    1793
      32     584    1601
     403     412     769
     660    1625     548
     728    1656     896
     447     869    1788
    1554     390     575
     459    1465    1817
     463     879    1836
    1890    1137     131
      49    1776    2043
    1430     333     991
     723    2007     870
    1534    1084     101
      22     999    1881
    1592     384     641
     590     765     102
      55    1448    1791
     430    1984    1580
    1667     396     655
      34     955    1899
    1129     275     554
     830     332     319
    1536     252     763
     441    1487     965
     107    1567     613
     107     609    1545
    1483     354    1186
       7    1227     592
     109    1140     643
    1755     389    1094
     558    1499     888
     777     996     144
     111    1502    1432
     560     636     111
     112    1145     687
    1506     708      47
     847    1286     193
      10    1074    1929
    1027    1505     197
      53    1999     618
     589    1126     115
    1748     387    1294
     116     912     780
    1940     846     116
     503    1930    1079
    1888      18    1654
     118    1624    1083
    1081     283    1224
     654     320    1541
     946     447     488
     120    1597    1595
     561    1238     120
     876     267    1222
     599    1528     290
    2023    1848     122
      36    1405     619
    1118     568      87
     569     326     873
    1588     377    1181
     678    1513     404
      54    1042     658
     125    1618    1033
    1090     545     616
    1524     891     126
    1925     189    1109
     578     186     811
     650     370     128
     128    1404    1865
     794     130     591
     543     903     129
    1510    1443      78
    2028     201     130
    1056     394     374
     131     407    1496
     102    1725     590
    1329     289     680
    1490     947     987
     517    1650     440
     700     176     570
     611     994     530
     535     179     135
     135     571     521
    1868     629     136
       5     676    1977
     574     550     761
    1732     385     549
     138     660     701
    1823    1188     458
    1949     737      65
     732     278     139
     866    1225     140
    1621     378     250
     406    1191    1992
    1466     628     421
     606     219     142
     484    1273     914
     408     352     893
     461     185    1813
    1919     961     144
     719    1876     501
     145     789     551
     612     152     904
       4    2004    2025
     610     293     146
     983     402    2002
      29    1295     557
      14     692     625
     829      35     617
     676       5     680
     519     384    1695
     587     215     150
     622    1991     150
    1874    1276     151
     709    1245    1634
    1420    2023     122
     614     228     152
    1947    1985     153
    1293     795     659
    1378     230     675
     494     265    1946
    1658    1477     155
     949      97     575
    1080     746     751
     546     303    1135
     449     284    1122
    1060     249    1951
    1373     547     964
       9     691    1862
     668    2045     517
     731    1593     637
    1327     461    1813
     686    1882     160
    1183     291    1770
     671      46    2009
    1389     266     874
    1440     237    1007
     163     611     913
     734     259    1764
    1944     497     764
    1244     356     652
     165     867    1548
    1040     292     498
     620    1713     596
    1415     359     683
     167    1842     135
     167     706     465
       0     992     663
     168    1716    1580
     511    2038    1601
     772      86    1673
     170     740    1264
    1285     631     466
    1401     357     604
    1260     514     898
     473    1826     682
      16    1316     756
     726    1149    1025
     564     595     145
     775     224    1116
    1082     245     735
     693      33     549
     743     388     175
     176     749     567
     700    1810     176
    2019     430    1412
    1931     750     566
     531    1987     498
     887      40    1045
     919     714     495
     744      45     572
      57    1136     742
     638     369     180
     797    1037     181
     784      12     548
     721    1086     597
    1282     232     969
    1806     213    1195
     787     649    1945
     184     703    1303
     781    1610     184
      11    1160     648
     185     832     143
    1142     578     540
     807    1632     186
    1349    2040      91
     991    2001     100
     855       9    1839
     771     606     142
     973    1386     189
    1028     294     542
    1334     276     803
     802     280    1995
    1934     696     506
     773    1464     191
     579    1517     192
     687     451    1790
     527     553     971
    1013      70    1641
     754    1723     194
     717     295    1728
     932     255     584
     605     508    1972
       1    1591     806
      61    1235     710
      21    1234     544
    1900     541    1027
    1064     546     666
     905       9     570
     649    1823     458
     199     569     183
     200    1874     151
     929     452    1798
     757       2     586
     201     591     130
     202     940     532
      29     747     632
     838      14     625
     647     469    1854
     204     731    1981
    1726     525     159
    1574     441     967
     205    1492     950
     206    1993    1397
    1668     788     627
      41    1240     733
      60    1579     836
     208     393     230
     762      83      85
     818     712    1098
     792      59    1008
    1095      24    1886
      31    1341     602
     863     727     182
     885      70     600
    1237     721     487
     957     298     212
     849     335    1710
     213     417    1195
     588     526      27
     635      75      81
     215     732     139
     689      65     633
       4     952     712
     850    1530     209
    1463     390     696
    1418     351    1029
     956    1915    1169
      31     995     805
    1313     522     129
     219     681     142
     747      29     557
     220     977     545
    1015     638     180
     768      55     702
    1504     669     635
    1317     301    1123
     899    1956     116
     897     397    1232
     775     332     224
      68    1468    1002
     848     366    1616
      61    1508     944
     691       9     715
    1075     156     746
     227     719    1698
     227     777    1639
    2003     726     173
     228     677     152
       7    1000     725
    1447     321    1004
      48     988     536
     230    1279     208
    1765    1940     116
    1610     463    1836
       3    1385     942
    1217     315     884
    1646     834    1158
     724      87    2015
     736     326     234
    1120    1838    1363
     974     581     162
    1394     496     843
     236     934     744
     953     136     629
     901       1    1615
     963     371     237
      46    1196    1046
     819     264    1657
     239     852    1092
    1982     305    1353
     865    1365     240
    1049     299    1451
    1393     362     978
     241     954     444
     242    1522     690
      28    1261     844
     827      18    1888
     891     439    1705
     244    1281    1016
     875     679      76
     245     734     163
     245     645     174
     246     837    1151
     246    1159    1110
     247     503    1586
     916    1644     420
     248     743    1749
     248     826     563
     249    1060     554
     249     951     453
     831     299    1384
    1185     115    1126
    1424     437     730
     251    1633     888
    1038      15     616
     915    1600     252
     253    1584     917
    1044      18     537
    1953     347    1192
     667     316    1922
     932     378     255
    1989     948     195
     256     797    1543
     256    1442    1207
    1472     406    1532
    1432    1280     111
    1196      46     671
     258     431    1429
     259    1211     808
    1961     753    1764
    1042      54    1801
    1085    1914     483
    1296    1047     597
    1059      69     580
     262    1068     652
    1632     585     186
    1189    1642     423
     958    1696     432
    1603     670    1381
     264    1289     636
    1411     579     192
    1145    1155     154
     266    1099    1085
    1335     344    1018
     267     876     470
    1834    1298     435
     970       0     604
    1985    1041     153
     269    1034     767
     895     674     162
     270    1947     153
     270     835    1917
     271    1021    1358
    1026    1246     271
     698     702      55
    1106     393     748
    1139      85      83
     273     752     221
    1102      17    1066
    1072      53     618
    1129    1905     275
    1924     598    1055
     276    1334     838
     908     381     276
     995      31     602
     277    1271     613
     278    1117     637
     278    1124     987
    1187    1968     501
    1054      51    1709
     802    1165     280
     280    1568     928
    1115     285     988
    1322     154    1030
    1369     331    1167
    1101      71    1170
     283    1081    1297
    1203    1831     283
     990      27     526
     284     665    1122
     800     539      74
    1172      28     552
     286    1051    1096
    1365     505    2011
     813     559      84
    1162     328     287
    1036     391     288
      30    1348    1318
    1329     338     289
     289     989     798
    1147      38     624
    1627     372    1190
     291    1183    2036
     968    1719     161
     641    1868     136
     292    1204     165
      40    1454    1177
     293    1132     146
    1028    1773     294
     294    1109    1815
     295    1210     751
     295    1125     697
     296     500    1720
    1348      30     573
    1000    1021    1704
     297    1315     815
    1226      70     885
    1141     182     816
     299     582    1451
     299    1305     534
     880      59     716
    1094     682      34
    1361    2032     222
    1165     456    1803
     952       4     785
    1202     688     216
     303    1611    1178
    1396      93     657
     304    1104     844
    1346     101     910
    1895     631     170
    1241      93     538
     306    1254     855
    1810     914     176
      73    1011    1014
     307    1527    1187
    1261    1649     422
     308    1157     418
     640    1199     644
    1266      96    1752
    1239      31     805
    1219      58     615
     311    1342    1266
      23    1345    1134
     955    1826     473
     312    1679    1366
     313     890    1439
    1301      80     883
    1275      21    1050
     314    1201     464
     315    1217    1059
     315     969     232
    1035      51    1054
    1571     144     961
    1259       6     804
     317    1180     655
    1295    1527     307
     318    1231     426
    1107      14     803
    1379      94     673
    1053      19     958
    1671     119    1475
     321    1447    1013
    1071     181     779
     322     741     211
    1723     886     194
    1253       6     925
    1905     639     275
     324    1012     239
     324    1133     881
    1022     133    1739
    1360     379     325
     326    1729     873
     326    1631    1479
     327    1360     325
    2029     669    1091
     328    1236     768
     328     810     287
     329    1392     634
    1250     118     607
    1084     114    1242
     330    1161     544
     331    1369    1069
     331    1251     282
     332    1152    1107
     332     997     224
    1707     623     187
     333    1413     207
    1356    1711      92
    1243     353     334
    1247     340     335
     335    1456     857
    1011      73    1205
    1776    1795     457
     337     507    1596
    1218      78      92
    1503    1441     338
    1214      99     859
    1500      16     756
    1221     109     643
    1287      25    1262
     340     704     335
    1445      94    1216
    2047     449     812
    1367    1550     403
     342    1269    1676
     343     740     170
     343     984     232
     344     945     235
     344     874     266
    1235      61     907
    1637     965     196
     346    1383    1414
    1374      52     577
     347     781    1683
     347     445    1192
    1879    1049    1112
     986     736     234
    1410     383    1234
    1618     125    1001
    1575     519     149
     132    1272    1168
     351    1418    1020
     351     941     217
     352     686     160
     352    1835     893
    1469    1382     428
     353     778     334
      23    1377    1345
     354     896     311
     355    1203     283
     355    1025     207
     356    1244     455
    1431    1777     164
     809     650     128
     357    1370    1904
     358    1523     937
     358    1635     786
     359    1415    1374
    1417     118    1083
     360     667    1138
     765     684     102
     361     614     152
    1425     122     520
    1570     713     200
    1457      90     707
    1958     897     223
    1372     116     846
    1452      91    2040
    1694    1427     542
      40    1501    1454
     365    1433     801
     996    1919     144
    1587     110     842
     651     455    1800
    1677    1111     114
    1108    1423      72
    1498    2038     511
     369    1347     337
    1481      92     180
    1197     450    1778
    1220      72    1423
     371    1034     269
     371    1007     237
    1181    1388     124
     372     599    1340
    1341      31     630
    1597     120     720
    1288       5     596
    1624    1861    1056
    1670     776     205
    1600     763     252
     376    1162     287
     755     528     103
     377    1312     372
     377    1186     354
     378     831     250
    1822     140    1052
     379    1638     467
    1357     139     947
    1405    1427     364
    1551      41    1400
     664    1832      39
     381    1912    1175
     656    2015      87
    1249      12     527
    1171     956     218
     383    1033     349
    1903    1324     292
     384    1592    1695
    1576      33    1783
     796     460    1820
    1675      23    1407
     386    1355    1147
     387    1748    1176
     387     425    1294
     388    1626    1095
     388    1408    1238
     389    1159     246
     389    1339     880
     390     589     868
     390    1554    1005
    1019      71      83
    2017      47     931
     879     703     184
     392     739     365
     393    1106     536
     393     208     272
    1441       5    1288
     394    1604    1137
    1907     918     235
     395     871    1482
    1316    1934     506
     396    1667    1278
     397    1521     710
    1538      80     626
     398     717    1299
    1246     603     271
    1563      50     821
    1436     642     705
     400    1555    1155
    1974      30     933
    1050      21    1535
    1161     330     401
     537      18    1525
      18     827    1525
     661    1612     769
     824    1549      95
       7     592     900
     124    1512     108
    1547     442    1743
      40     887    1547
     785    1533     406
    1533     509     406
     634    1497     407
    2005     407    1497
    1455    1557     408
    1557    1265     408
    1343     670     409
    1531    1367     409
     410    1119     582
      32    1498    1578
    1565    1019      83
      83     762    1565
     403    1550     412
    1581    1563     412
    1602     605      95
    1605    1391      95
     205     776    1492
     954     241    1368
     415    1784    1544
    1544     658     415
     711     103     523
      48     748    1609
     840      57    1619
    1215     417     722
     418     314    1130
     308     418    1146
     419    1693     950
     823     419    1614
     420     364     729
    1386    1645     189
     421    1495     601
    1466     421    1179
    1648     800      74
     308     422     774
     423    1724    1158
    1529     423     654
     424    1349    1653
     799    1875    1653
    1319      19    1659
      19    1053    1659
     426     253    1031
     814    1662     147
    1674     809     128
    1865    1674     128
     130     555    1443
    1469     428     593
     907      61    1664
      61     944    1664
    2019     699     430
    1680     663     430
     258     922     431
    1690    1485     431
     432     986    1697
     263     432    1363
    1786     212     935
     193    1692     847
     434     358     937
    1089     434     489
    1804     124    1388
     718    1701     121
    1434      26    1712
    1712      26     722
    1039      15    1689
      15    1038    1689
     291    1153     438
     922     258     438
    1058      63    1706
     915     252    1807
    1444      81      75
    1478     440    1651
     845    1742     441
    1742     806     441
     960    1744     442
     184    1303     972
     443     256    1543
    1747     553    2026
     444     878    1757
     241     444    1079
     347    1304     445
      67    1307    1760
    1782     446     485
    1576     446     601
     946    1896     447
    1047     261    1761
     448     209    1766
     448    1766    1444
    1213      27    1751
     923     284     449
    1462       0    1779
     699     177     450
     999      22    1789
     807    1768     451
     860      66    1797
     963    1486     452
     453     341     812
     249     453    1362
    1792     755     103
    1792     103     711
     367    1799    1959
     356     455    1003
     301    1317     456
    1802    1213     456
     457    1428    1796
     336     457    1223
     458     309    1754
     199    1824     138
     116    1956     912
      11     853    1816
    1284      44    1819
     788     206     460
     550      11    1812
      11     648    1812
     462    1065     500
     520     122    1150
     231     921     463
    1515     392     463
    1846    1105     218
     314     464    1169
    1156     683     465
     167    1857     166
     466    1311     639
    1088     466    1844
    1229      65    1833
     737    1833      65
     468     939    1867
     851     468    1867
     766      45    1855
     622     959     469
    1863     226     158
     267     470    1780
     471     718    1840
    1526     471     976
     200     713     472
     497    1276     472
     770     473    1062
    1542    1825     172
     811     186     585
     127    1387    1270
     938     475     424
     878     475    1887
     476     910    1880
    1111    1336     476
    1995     280    1290
    1912     381    1849
    1321    1040     478
     587     150     927
    1885     479     609
     210    1458     759
    1892     607     118
     608    1892     118
     979    1883     481
     481     510     870
     482    1897    1898
    1898    1966     482
    1913    1001     125
    1077    1913     125
      42    1927     825
     749    1273     484
    1852     936      46
     560     111    1630
     920      20    1939
     848     225    1320
     487     233    1488
    1237     487     935
     488     447    1788
      97     949    1932
     489     434    1708
    1943    1014     489
     992    1948     490
    1948     970     490
    1419     890     491
     491    1955    1816
     366    1330     492
    1131     254     492
     493     215    1950
    1950    1357     493
    1969     552      28
    1017     265     494
    1818     149    1809
     562     495    1976
    1394     945     496
     832     185    1326
      13    1962    1873
     497     518     764
     498     292    1986
     178    1256    1552
     187     861    1480
      18    1044    2000
    1048      36    1997
    1829    1997      36
     501    1876    1639
     672     501    1967
     561     120    2010
    1595    2010     120
     247    1087     503
    2021     978     503
    1420     612     504
       2    1167    2022
    1262      25    2012
      25    1309    2012
     506    1198     941
     396     506    1023
     337    1347     507
       2     757    2027
     716      59    1971
    1269     342     508
     509     820     525
     509    1191     406
     481    1883     510
     782     407    2005
    2037     511    1391
     368     511    1560
    1721     113    1666
     233    1740    1488
     187     623    1395
     364    1453     621
    1260     783     514
    1153     291    1769
     301    1100     515
    2031    1484     515
     516     259    1814
     715       9     905
    1478     517     440
     858     517    2046
    1962      13    2042
     973     189    1925
    1725     102     519
     102    1406     519
      36     520    1829
     619     520      36
     521     902     695
     706     167     521
     930      38     522
     555     130     794
     168     694    1716
    1609     523      48
     524     336    1076
     524    1496    1983
     894     146     525
    2024     525     146
    1110      34     526
    1899     526      34
     856     527     971
    1286     527     193
    1893    1493     528
     750     177    1763
     529     697      93
     170    1264     982
     530     994     753
     530     567     877
     178     531    1256
    1859     531     178
     532     558     110
     110    1009     532
    1113      25     533
     849     213    1806
     534     387    1176
     299     534    1384
     167     620    1842
     714     179     535
     536     281    1960
     393     536     230
     983     537     402
     253    1954    1031
     538     303    1178
     305     538    1353
     285    1115    1537
     694    1114     539
    1507     540     400
    1142     540    1127
    1900    1057     541
      17    1102     541
     542     294    1815
    1694     542     729
     145     595     789
    1383     346     543
     544     349    1371
    1505     544     197
     940     202     545
     220     545     202
     808       8     546
       8    1043     546
    1373     882     547
    1026    1409     547
     548    1625      96
     443     548    1746
     549     796     137
     962     549     646
    1327     550     461
     550     563     761
     551     543     129
     129     790     551
     494    1230     552
    1687     552     281
     527      12     553
     553      12     784
     554     275    1055
     249     554    1376
      38     555     522
     555    1660     428
     556     610     146
     146     894     556
     557     814     147
     220    1964    1841
     532    1024     558
      15    1039     558
    1136      57     559
      57     840     559
      46     560    1852
      46    1046     560
      33     561     998
      33     693     561
     562    2018     179
     919     495     562
     550     160     563
    1882     563     160
     564    2003     173
     653      43     872
     565     203     148
     583      35     829
     566    1590     704
    1931     566    1738
     530     134     567
     176     567     134
    1520     833     568
      12    1249     568
     892     123     569
    1631     326     569
     570     176     134
     516     570     134
      35     571     617
     571     902     521
     571     135     572
     179     572     135
    1270     294     573
    1773     573     294
     853      11     574
      11     550     574
     575     390     868
     155     575    1314
     576     404    1513
     271    1358     822
     577    1313     129
     903     577     129
      30     578    1872
     578      30    1974
     265    1017     579
    1104     304     579
     580    1005      97
     869     580      97
     235     918    1399
       1     901     581
     299    1103     582
    1578     582      32
     148     583     565
     685     583     148
     584    1989     195
     584     909     413
     839     127     585
    1871     585     127
     904     152     677
     201    2006    1916
      37     587    1869
      37    1010     587
     588    1910     214
    1128     526     588
     390    1463     589
     866    1566     589
     590     786      51
      51    1193     590
     790     129     591
     522     591     129
     592     256    1207
     592     108    1512
     593     428    1660
    1355     386     593
     594    1731     164
    1963     497    1944
     872      43     595
     595      43     543
     596    1713     166
    1331     596     166
     597     816     182
    1296     597     758
    1924    1093     598
      68    1002     598
     372    1312     599
      23    1675     599
     600     815      82
     211    1306     966
     601     446    1782
     421     601    1628
     602     373    1166
     277     602    1598
     398    1736     603
    1315     297     603
     604     357    1904
    1856     604     171
     413     909     605
     195     985     605
     624      38     606
      38     930     606
    1224     283     607
    1831     607     283
     608     359    1911
     346    1414     608
     609    1455     408
     609    1784     415
    1045      40     610
      40    1177     610
      35     611     530
     611      35     583
       2     612     586
     612       2    2022
     613    1171     218
    1438     613     218
    1400      41     614
     906     228     614
    1300     153    1041
     939     615      77
     616     545     126
     252    1514     980
     617     571     817
     565     617      45
     618    1677     114
    1702     618    1006
     619     380     361
    1425     520     619
       5     620     596
     620       5     535
     621    2039      41
      41    1551     621
      45     622    1855
     934     236     622
    1240      41     623
     623      41    2039
     188     624     993
    1920     624     188
     625     924     645
     203     625     148
     626     313    1439
     397     626    1232
     627    1491     739
    1465     627      98
     628     801      44
     628    1629     421
     927     150     629
    1991     629     150
     630     968     161
     373     630    1998
    1184      68     631
     631    1843     466
    1864     220     202
     227    1698     202
     469     959     633
     215    1714     150
     131     634     407
    1715     634     131
     214     635     745
    1504     635     214
    1148     238     636
    1921     636     238
     637    1593     159
    1727     637     159
    1212     752     638
       2    1422     638
    1310      76     639
     466     639    1844
     640     311     309
    1188    1199     640
     641    1903     292
    1321     478     641
    1436      56     642
     783    1561     642
     643    1052     140
    1225     643     140
    1599     334     778
     640     644      23
     245     889     645
     625     645     148
     646     549     137
     826     248    1965
    2035     276    1461
    1063     469     647
     648     313    1753
     648     185     461
     199     649     458
     649     199    1945
     357    1401    1636
       0    1462     650
     476    1336     651
     367    1959     651
     652     356     164
    1731     652     164
     173     653     564
     283    1297     793
     654     423    1643
     119    1671     654
     655     396    1023
    1464     655     191
    1328     382     656
     382    1666     656
     657    1233     156
     303     657    1135
     658    1077     125
     658     125    1672
     659    1337     774
    1073     659      74
      12     660     548
     660     833    1032
     661    1605      95
      95    1549     661
    1380     143     662
     662     864    1470
     663     270    1917
     663    1984     430
     477    1889     664
    1471     467     664
    1366     104     665
    1180     317     665
     666     546     156
     156    1075     666
    1193      51     667
      51    1035     667
    1121     668     517
    2004     820     509
    2029    1173     669
     669      75     635
    1603     819     670
     670    1531     409
    1684     671     502
    1144     671     161
     672    1737     279
     279    1352     672
     673    1902    1376
    1613     673     830
    1066      17     674
    1099     266    1389
     675    1030     154
     675    1555     400
     149     676    1808
     676     149    1818
     228     926     677
     586     677     145
     124     678     404
     678     124    1804
    1020      69     679
      69     884     679
     680     289     132
     676     680    1808
     219     828     681
     484     681    1143
    1652     109     682
     473     682    1062
     683     359    1745
     683     166    1857
    1307      67     684
     867     165    1446
     685     245     163
     163     913     685
    1265      24     686
    1097     248     686
     687    1411     192
     192    1255     687
    1502     111     688
    1289     264     688
     215     689    1714
     689     215     493
     690    1534     101
     101    1346     690
     226     691    1546
     691     226     470
     692     881     174
     692     924     625
     962     693     549
     693    1390     561
      48     694     539
     694      48     523
     695     530     877
     521     695      42
     696     390    1556
     696    1198     506
    1061     194     697
     295     697    1728
     416    1163     698
    1208    1263     698
       0     699    1779
     699    1680     430
       9     700     570
    1254     306     700
     701     660    1032
     123     892     701
     698    1263     702
    1206     702    1067
    1501      40     703
     703    1743     442
     340    1435     704
     566     704      89
     705     642      86
    1582     705      86
      42     706     521
     706    1858     465
    1368     241     707
    1473     707     241
     933      30     708
      30    1318     708
     943     709    1634
     151    1431     709
     710    1637     196
     397     710    1344
     416     711    1772
     454     711     416
     712    1202     216
     712     850    1098
     362    1393     713
     713      13    1873
       5     714     535
     714       5    1977
     198     715     516
     691     715    1546
     195     716     985
    1292     716     195
    1338      64     717
    1210     295     717
    1222     267     718
    1834     435     718
    1968     719     501
     719      29     632
     720    1699     210
     373     720    1166
      10     721     597
     721      10    1929
     722    1619      57
     436     722    1258
     723    1569    1413
     100    1884     723
     233     724    1740
     724    1724     423
     725     297     229
    1037     779     181
     228     906     726
      41     733     726
     211     741    1070
       3     942     727
     256     841    1442
    1342    1656     728
     729     542     189
    1645     729     189
     730    1688     106
     106    1474     730
      37     731     637
     731      37     531
    1010      37     732
    1117     278     732
     733     333     207
     733    1149     726
     245    1082     734
    1211     259     734
     735     245     174
     239    1092     791
    1309      25     736
      25    1113     736
    1774     379     737
     379     467     737
     738    1524     126
     977     220     738
     392    1515     739
     627     739      98
    1385       3     740
     740       3     529
    1194       3     741
     741       3     727
    1302     287     810
     742     180      92
     248    1097     743
    1626     388     743
     179     744     572
    2018     744     179
     745     635      81
     837     246     745
     882     158     746
     226     746     158
     220     747    1964
     747     220    1864
     748     393     272
     748    1163     416
      42     749    1927
     749      42     567
      84     750     528
     750      84     566
     751     746     156
    1233     751     156
    1069       2     752
     752       2     638
    1961     911     753
     530     753     134
       3     754     529
       3    1194     754
     454     376     755
    1893     528     755
     756    1870     172
    1669     756     172
     201     757    2006
     757     201     507
     758     597     182
    1257     315     758
     759     479    1885
    1271     277     759
    1801      54    1209
      62    1018     760
     761     563     137
     574     761     137
    1268     762      85
     762     208     411
     375    1583     763
    1688     763     106
     764     518    2041
     594     764     127
     590    1459     765
    1426     684     765
    1063     766     469
     766     203     565
    1735      66    1245
      53    1072     767
    1206     768     702
     328     768     221
     769    1582      86
     661     769      86
     770    1669     172
     172    1825     770
     771     306     188
     188     993     771
     169     772     427
     772    1685     661
     925       6     773
       6    1259     773
     774    1648      74
     659     774      74
      14     775     692
    1152     332     775
    1333      63     776
     776    1607     414
    1009     110     777
     110    1587     777
    1407      23     778
     644     778      23
     725     229     779
     321     779     229
    1957     459    1817
     921     231    1936
    1476      20     781
      20     920     781
      49     782    2033
      49    2043     782
      56     783     642
     783      56     514
     443     784     548
     553     784    2026
     257     785     406
     302     785     257
     590    1906     786
     358     786     350
    1215     787     417
      26     649     787
      44     788    1819
     788      44     627
     789     595     543
     789     543     551
     201     790     591
     790     201     551
     791     735     174
    1133     324     791
     209     792      81
     342    1676     981
     793     653     173
     173    1228     793
     522     794     591
     555     794     522
      58     795     615
     795      58     659
     549     385     796
     385     460     796
    1227       7     797
       7     725     797
    1272     132     798
     289     798     132
     799    1775    1586
     938    1875     799
     422     285     800
     285    1537     800
     628    1416     801
     365     801     293
      39     802    1850
    1100    1733     802
     803    1175     190
     319     803    1717
    1951     249    1362
    1308     804     157
     805    1438     218
    1105     805     218
     806     395    1482
     806    1487     441
      22     807    1789
    1068     262     807
    1064     808     546
     259     808    1814
     427     357     809
     357    1636     809
     328    1332     810
     742     810     180
     474     811     585
     578     811     474
     812     449    1750
     453     812    1794
     813     376     287
    1589     559     813
     557    1771     814
     318     426     814
    1274     229     815
     297     815     229
     597    1086     816
     298     816     212
     817     572      45
     617     817      45
       4     818    1767
       4     712     818
      50     819     821
     819      50     670
     668     159     820
     820     159     525
     821     819    1657
    1811     821     975
     822     576      88
     547     822      88
     452    1486     823
    1573     419     823
     508     342     824
     342     403     824
     825     484    1143
    1156     465     825
     137     826     646
     826     137     563
    1351     827     475
     827    1562     402
      52     828     577
     828      52     681
     565     829     617
     583     829     565
     830     673     105
    1572     332     830
    1267      32     831
    1103     299     831
      62     832    1979
     832      62     864
     660      12     833
     833      12     568
    1074      10     834
     834      10    1787
     270    1182     835
     539     835      74
     836     355     207
     836    1569     723
      81     837     745
     837    1008    1511
     203     838     625
     276     838    1461
     262     839     585
     839     262     594
     213     840     417
     840    1277     559
    1746     841     443
     841      96     728
    1539     225     842
     366     842    1616
     843    1978      80
    1398     395     843
    1988     308    1146
    1585     844     242
    1574     845     441
     845    1693     419
    1320     225     846
     363     846    1901
     847     433    1640
     113    1721     847
      20     848    1939
    1330     366     848
      25     849     533
    1247     335     849
     712     216     850
    1343     409     850
    1769     291     851
     291    2036     851
    1043       8     852
     852       8     735
     206     853    1993
     853     206     459
    1783      33     854
      33     998     854
    1526     855     471
     306     855     188
     856     321     193
     193     527     856
     559    1277     857
     335     857    1710
     858    1727     159
    1121     517     858
     989     289     859
     338     859     289
     200     860    1494
     860     200     151
      18     861    1654
     861      18    2000
     862     436    1258
      57     742     862
     863     298     211
     211    1070     863
     662     143     864
     832     864     143
    1577     865     410
    1051    1860     865
      16     866     589
      16    1500     866
      67     867     684
     867      67     960
     868     589     115
     575     868     115
    1761     261     869
     261    1518     869
     870    2034      60
     723     870      60
     395    1398     871
      80    1538     871
     564     872     595
     653     872     564
     873     533     183
     569     873     183
     344    1402     874
     674     874     162
     875     323     244
    1323     679     875
       9     876    1839
     876       9    1862
     877     567      42
     695     877      42
     444    1894     878
    1351     475     878
     463     392     879
     392    1830     879
     300     880    1703
     389     880     300
    1116     224     881
     324     881     224
    1080     882     746
     882      64     547
    1326     185     883
     313     883    1753
     884     315     232
     884    1283     679
     211     885    1306
     298     885     211
    1325      82     886
    1736     398     886
     178     887     556
     887     178     405
     888     429    1665
     558     888     110
     148     889     685
     889     148     645
    1160      11     890
     890    1955     491
     402    1562     891
     243    1937     891
     199     892     569
     892     199     701
     893     662      54
    1558     893      54
     204     894     525
     894     204     556
     895     371     269
     269    1375     895
     354    1483     896
     728     896     108
    1508      61     897
    1521     397     897
     898     514      77
    1200     268     898
     899    1958     223
    1419     491     899
     900     592     404
     900     404     576
    1573     901     419
     901     237    1440
     571      35     902
     902      35     695
     543     346     903
     346     577     903
     586     904     677
     612     904     586
     516     905     570
     715     905     516
      41     906     614
     906      41     726
     251     907    1633
    1594     907     251
      65     908     647
      65    1229     908
     584     195     909
     909     195     605
     476    1647     910
    1517     910     192
     134     911     516
     911     134     753
     912     491     459
     912     459    1957
     913     611     583
     913     583     685
     306    1174     914
     484     914    1926
      63     915    1706
      63    1333     915
     247     916     420
     916    1775     799
     917    1884     100
    2001     917     100
    1591       1     918
     918       1     581
     179     919     562
     179     714     919
     231     920     486
     920    1827     781
      98     921     780
     921      98    1837
      56     922    1718
     922    1690     431
      27     923    1751
     923      27     990
     692     174     924
     924     174     645
     244     925    1281
     323     925     244
     145     926     564
     926     145     677
     478     927     629
     587     927     478
     928     319    1717
     280     928    1290
     929    1570     200
     200    1494     929
     219     930     522
     930     219     606
    1617     288     931
     391     931     288
      32     932     584
      32    1267     932
    1851     933     708
     540     933     400
      45     934     622
     934      45     744
     935     487    1928
     433     935    1640
     485     446     936
    1785     854     936
     937     798      73
     434     937    1708
     117     938     799
    1887     475     938
     468     310     939
     310    1756     939
    1090     940     545
     940    1024     532
    1364     191     941
     506     941    1935
     942     343     232
     942     232    1282
     943     860     151
     151     709     943
     944     363    1901
     944     225    1539
     344    1335     945
     945      62    1979
    1933     946     488
     119     834     946
    1490    1252     947
     379     947     325
    1140     109     948
     109    1652     948
     155     949     575
     949     155     488
     950    1606      90
     419     950    1614
      94     951     673
     951      94    1793
     302     952     785
     952    1655     712
     236     953     629
     953     236     562
    1607     954     414
     954    1758     444
     312     955     473
     955     312     482
     383    1410     956
      21    1275     956
      70     957    1641
      70    1226     957
     263     958     432
    1908     958    1541
     622     150     959
     959     150     633
     405     960     442
    1730     960     405
     492     254     961
     316     961    1922
     175     962     646
     175     693     962
      66     963    1797
      66    1403     963
     964     547      88
    1298     267     964
    1474     106     965
    1741     965     106
     966     600      82
      82    1325     966
     967    1741     106
    1583     375     967
    1770     291     968
     291     438     968
     315    1257     969
     727     969     182
     268     970     604
     970     268     490
     971     553     181
     856     971     181
     972     442    1744
    1304     347     972
      13     973    2042
    1087    1845     973
     974     344     235
     235    1399     974
     975     821     238
    1691     975     238
     976     471    1840
     121    1190     976
     126     977     738
     977     126     545
     978    1473     241
     978    1930     503
     253     979    1584
     979     253     426
     980     616     126
     439     980    1705
     981     792     209
    1530     981     209
     982     529      93
      93    1241     982
     147     983     738
     147     537     983
     343    1359     984
     679     984      76
     985     716     508
     985     508     605
     432     348     986
     348    1805     986
     987     947     139
     278     987     139
     988    1687     281
     988     281     536
      73     989    1516
     989      73     798
     482     990     526
    1966     990     482
     991    1707     187
     187    1480     991
     270     992     490
     992     270     663
     993     624     606
     993     606     771
     611     163     994
     994     163     753
     277     995     602
     995    1877     805
    1980     366     996
     366     492     996
     332    1572     997
     598     997     105
     998     561     502
     998     502     854
     192     999    1255
     999    1647     476
     297    1000    1489
    1000     297     725
    1990     197    1001
     349    1001    1371
    1002     324     224
    1002     224    1553
    1003     455    1799
     709    1003      53
    1004     321     229
    1004     229    1274
    1734     217    1005
     390    1005    1556
    1006     618     114
     541    1006     114
     371    1449    1007
     581    1007     162
     837      81    1008
     792    1008      81
     227    1009     777
    1009     227     532
     215    1010     732
    1010     215     587
     336    1011    1076
    1011     336    1223
    1468      68    1012
      68    1184    1012
     193    1013    1692
     321    1013     193
    1014    1450     307
    1014     307     489
    1015     328     221
    1212     638    1015
    1016     773     191
     191    1364    1016
      28    1017    1969
    1017      28     579
    1018     344     266
    1018     266     760
     411     391    1019
    1154      71    1019
    1323    1020     679
     351    1020     244
    1000       7    1021
    1021       7     576
    1022     327     325
    1252     133    1022
    1023     506    1935
     655    1023     191
     940      15    1024
    1024      15     558
    1228     173    1025
     726    1025     173
      64    1026     547
      64    1338    1026
    1027     541     114
    1540     330    1027
      36    1028     542
      36    1048    1028
    1029     351     217
    1029     217    1734
     675     230    1030
     281    1030    1960
    1031     537     147
    1662    1031     147
    1032     833     123
     701    1032     123
    1567     107    1033
     125    1033    1248
    1403      66    1034
    1034      66    1735
    1737    1035    1923
    1035     316     667
      71    1036    1828
      71    1154    1036
     797     725    1037
     725     779    1037
     252    1038    1514
    1038     252    1536
    1424    1039     437
    1039    1499     558
    1987    1040     498
    1040      37    1869
     268    1200    1041
     615    1041      77
     260    1042     760
    1042     260    1678
     303    1043    1611
    1043     303     546
     253    1044    1954
    1044    1722     499
     556    1045     610
     887    1045     556
    1046    2013    1429
    1046     238    1148
      10    1047    1787
    1047      10     597
     296    1048     500
    1048     296    1952
    1467      19    1049
    1305     299    1049
     242    1050    1522
     314    1686    1130
      72    1051     865
    1051      72    1938
     643    1878    1052
     378    1052     255
    1908    1053     958
    1053     320     425
    1089    1941     434
    1035    1054    1923
    1055     598     105
     554    1055     105
    1056    1861    1078
    1604     394    1056
    1914    1057     483
    1057      17     541
     243    1058    1937
    1058    1894     444
     261    1059    1518
     315    1059     261
       6    1060     804
    1060       6     554
     529    1061     697
     754    1061     529
    1062     682     109
     770    1062     109
     203    1063     647
     203     766    1063
     198    1064     666
     198     808    1064
    1036     288    1065
    1065     288    1996
     269    1066    1375
     274    1066     269
    1067     702      85
      85    1139    1067
      22    1068     807
    1068      22     652
     273    1069     752
     331    1069     273
    1070     741     727
    1070     727     863
     321    1071     779
    1071     321     856
    1702    1072     618
    1072     274     767
    1073     270     153
    1293     659    1073
    1646    1074     834
    1074     233     487
     226    1075     746
    1075     226     666
    1076    1559      99
     524    1076    2044
    1678     260    1077
     260     483    1077
    1078    1715     131
    1056    1078     131
    1079     444    1757
     503    1079    2020
      64    1080     751
      64     882    1080
      43    1081    1891
    1081      43     653
       8    1082     735
    1082       8     734
    1083    1331     166
     359    1083    1745
     401     330    1084
     330    1540    1084
     260    1085     483
     266    1085     260
     721     212    1086
    1086     212     816
      13    1087     973
    1087    2021     503
    1088     343     170
    1285     466    1088
    1942    1089     489
     279    1054    1089
      15    1090     616
      15     940    1090
    1091     669     222
    2032    1091     222
    1092     852     735
    1092     735     791
    1843    1093     466
    1093      68     598
    1094     389     300
     300     682    1094
     210    1095    1458
    1699    1095     210
    1096    1051      89
    1435     340    1096
      24    1097     686
    1097      24     743
    1098     850     209
     818    1098     209
      17    1099     674
    1099      17    1085
      39    1100     802
    1100    2031     515
    1848    1101     122
    1101     282    1251
     274    1102    1066
    1102    2014     541
      32    1103     831
    1103      32     582
      28    1104     579
    1104      28     844
     464     310    1105
    1909     805    1105
      48    1106     748
    1106      48     536
     319    1107     803
     332    1107     319
     410     368    1108
    1404     128    1108
    1387     127    1109
     518    1109    2041
    1128    1110     526
     246    1110     214
    1880    1111     476
    1111    1242     114
    1112    1049     240
     505    1112    2011
     326    1113    1729
    1113     326     736
     694     168    1114
    1114     168     835
      48    1115     988
    1115      48     539
     692    1116     881
     775    1116     692
      37    1117     732
    1117      37     637
    1118    1479     123
    1520     568    1118
     865     240    1119
    1119     240     582
      87    1120    1118
      87    1189    1120
     159    1121     858
     159     668    1121
    1122     665     157
     449    1122    1750
    1123    1361     222
    1123     222     588
     133    1124     858
    1124     133     987
      93    1125     657
    1125      93     697
     589    1566    1126
     250    1126    1621
    1127     540    1973
     451    1127    1790
     214    1128     588
     214    1110    1128
       6    1129     554
       6    1253    1129
    1130    1050     242
    1622    1130     242
      20    1131    1918
      20    1476    1131
     293    1164    1132
     406    1992    1532
     174    1133     791
    1133     174     881
    1134     354     311
    1134     311     640
    1135     657     156
     546    1135     156
    1589    1136     559
    1136     287    1302
      99    1214    1137
     394    1137     338
    1138     667     254
     445    1138    1759
     273    1139    1354
    1139     273    1067
     255    1140     948
    1140    1878     643
     298    1141     816
    1141     298     863
     186    1142    1127
     186     578    1142
    1143     681      52
     825    1143      52
     438     258    1144
     258     671    1144
     265    1145    1946
    1145     265     687
    1146    1622     242
     844    1146     242
     290    1147     624
    1528    1147     290
     560    1148     636
    1046    1148     560
     733     207    1149
    1149     207    1025
    1828    1150      71
     520    1150     462
    1151     837    1511
    1339     389    1151
      14    1152     775
    1152      14    1107
      56    1153     514
    1153      56    1718
     391    1154    1019
    1154     391    1036
    1145     112    1155
     400    1155    1507
      52    1156     825
      52     683    1156
      58    1157     659
    1157    1623     418
    1158     834     119
     423    1158    1643
     389    1755    1159
    1159      34    1110
     313    1160     890
    1160     313     648
      21    1161    1535
    1161      21     544
    1448      55    1162
    1236     328    1162
     748     272    1163
    1163     272     698
     141    1164     628
    1164     141    1132
     802    1733    1165
     301     456    1165
    1166     720     210
     602    1166     210
    1167     331     282
    1167     282     504
    1168     358     350
    1168    1575     149
    1169    1846     218
     956    1169     218
    1150     122    1170
    1101    1170     122
     613     383    1171
     383     956    1171
     285    1172     552
    1172     285     422
      75    1173    1022
    1173      75     669
     142    1174     771
    1174     142     914
     803     276    1175
     381    1175     276
    1176     115    1185
     534    1176     250
    1177     365     293
    1177     293     610
    1178     852     239
     538    1178     239
    1179     421    1628
    1280    2030    1179
     104    1180     665
    1180     104     655
    1181     377     372
     372    1627    1181
      74    1182    1073
    1182      74     835
      31    1183     630
    1183    1866     468
     305    1184     631
    1184     305    1982
     250    1185    1126
    1176    1185     250
     377    1588    1186
     108    1186     124
     279    1187    1352
     307    1187    1682
     309    1188     640
    1188     309     458
    1529    1189     423
    1189    1838    1120
    1190     372    1340
    1190     290     976
    2024     146    1191
    1191     146    1132
    1192     445    1759
    1131    1192     254
     360    1193     667
    1193    1459     590
     322    1194     741
    1194     322     754
    1195     417    1620
     533    1195     183
     258    1196     671
    1196    2013    1046
      72    1220    1197
     370     450    1197
     696     217    1198
    1198     217     941
    1188      26    1199
    1199      26     644
      77    1200     898
    1200      77    1041
    1623    1201     418
    1201      58    1847
     712    1655    1202
     302     688    1202
    1579      60    1203
    1392     329    1203
     292    1324    1204
     684    1204     102
    1205     859      99
    1559    1205      99
     221    1206    1067
     221     768    1206
    1207     728     108
     592    1207     108
     272    1208     698
    1208     272     208
    1209     662    1470
     760    1209      62
      64    1210     717
    1210      64     751
       8    1211     734
    1211       8     808
     221    1212    1015
     221     752    1212
    2047    1213     449
    1213     341     456
     338    1214     859
    1214     338    1137
      26    1215     722
      26     787    1215
    1216    1568     280
     456    1216    1803
      69    1217     884
    1217      69    1059
    1218     369     337
    1350      78    1218
     310    1219    1756
    1219     310     464
     370    1220     128
    1220     370    1197
     339    1221     643
    1221     339     770
     471    1222     718
     876    1222     471
    1223     457    1796
    1450    1223     307
     480    1224     607
    1081    1224     480
     866     339    1225
     339     643    1225
     298    1226     885
    1226     298     957
     256    1227     797
    1227     256     592
     355    1228    1025
    1228     355     793
    1471    1229     467
    1229     381     908
     154    1322    1230
    1230     281     552
    1795    1231     457
    1231    1663     426
    1232     626     223
     897    1232     223
     657     295    1233
     295     751    1233
    1234     383     349
    1234     349     544
     345    1235     907
    1235     345     710
      55    1236    1162
    1236      55     768
     212    1237     935
     212     721    1237
     561    1390    1238
     388    1238     175
    1909    1239     805
    1239     310     468
     333    1240     623
    1240     333     733
     305    1241     538
    1241     305     982
    1111     101    1242
    1084    1242     101
      78    1243      92
    1382     353    1243
      22    1244     652
    1244    1800     455
     709      53    1245
     767    1245      53
    1026    2008    1246
     398     603    1246
      25    1247     849
      25    1287    1247
    1248    1033     107
    1545    1248     107
     382    1249     527
    1249     382    1328
     329    1250     607
    1250     329    1078
     331    1291    1251
    1101    1251      83
     325    1252    1022
    1252     325     947
     323    1253     925
    1253     323    1129
       9    1254     700
    1254       9     855
    1255     999     451
    1255     451     687
    1256     531     498
    1256     498    1986
     182    1257     758
    1257     182     969
    1258     722      57
     862    1258      57
     317    1259     804
    1259     317     773
     171    1260     898
     171     783    1260
     308    1261     422
    1261     308    1988
     286    1262     505
     340    1262     286
    1208      85    1263
    1263      85     702
    1264     740     529
    1264     529     982
     352    1265     686
    1265     352     408
     309    1266    1754
     311    1266     309
     378    1267     831
    1267     378     932
    1268    1208     208
     208     762    1268
      59    1269    1971
    1269      59     792
     474    1270     573
     127    1270    1871
     107    1271     759
    1271     107     613
     358    1272    1523
    1272     358    1168
     749     176    1273
    1273     176     914
     600    1274     815
    1004    1274     600
     314    1275    1686
    1275    1915     956
     497    1963    1276
    1276     164    1777
     840     213    1277
    1277     213     857
    1278    1542     172
    1870    1278     172
     230    1378    1279
     411    1279    1564
      79    1280    1179
    1280      79     111
    1281     925     773
    1281     773    1016
     727    1282     969
     942    1282     727
     884     232    1283
    1283     232     984
     385    1284     460
    1284    1495     421
     170    1285    1088
     170     631    1285
     847     382    1286
     382     527    1286
     340    1287    1262
    1287     340    1247
     374    1288     596
     394    1288     374
     111    1289     688
    1289     111     636
    1290     928     190
    1849    1290     190
    1354    1291     273
    1291      83    1251
     948     300    1292
     300    1703    1292
     153    1293    1073
     153     795    1293
    1294    1658     155
    1314    1294     155
    1428    1295     307
    1295    1771     557
     261    1296     758
     261    1047    1296
    1297    1081     653
    1297     653     793
      88    1298     964
    1298      88    1700
    1299     717     194
     886    1299     194
     615    1300    1041
     795    1300     615
     313    1301     883
    1301     313     626
     742    1302     810
    1136    1302     742
    1303     703     442
    1303     442     972
      67    1304     972
    1304      67    1760
      19    1305    1049
    1305      19     534
    1306     885     600
    1306     600     966
    1426    1307     684
    1307     360     445
     665     317    1308
     317     804    1308
     348    1309    1805
    1309     348     505
     323    1310     639
    1310     323     875
    1093     275    1311
    1311     275     639
    1377      23    1312
    1312      23     599
     577    1821    1313
     219     522    1313
    1314     575     115
     115    1294    1314
      82    1315     603
    1315      82     815
     396    1316     506
    1316     396     756
      27    1317    1123
    1317    1802     456
    1318     296    1720
    1318     288    1617
     387    1319     425
    1319     387     534
     486    1320     846
     848    1320     486
     292    1321     641
     292    1040    1321
     281    1322    1030
    1322     281    1230
     244    1323     875
     244    1020    1323
    1406     102    1324
    1324     102    1204
     322    1325     886
    1325     322     966
     496    1326     883
     832    1326     496
     160    1327    1509
     160     550    1327
     568    1328     656
    1249    1328     568
       5    1329     680
    1503     338    1329
      20    1330     848
    1330      20    1918
    1083     374    1331
     374     596    1331
     180    1332    1015
    1332     180     810
     375    1333     776
    1333     375     915
      14    1334     803
    1334      14     838
      62    1335    1018
    1335      62     945
    1111     367    1336
    1336     367     651
    1157     308    1337
    1337     308     774
     398    1338     717
    1338    2008    1026
      59    1339    1151
    1339      59     880
    1340     599     290
    1190    1340     290
     373    1341     630
    1341     373     602
      96    1342     728
    1342      96    1266
     216    1343     850
     216     670    1343
    1344     710     196
     871    1344     196
    1345     377     354
    1345     354    1134
     304    1346     910
    1346     304     690
    1422       2    1347
    1347       2    2027
     296    1348     573
    1348     296    1318
     424     187    1349
     187    1395    1349
     337    1350    1218
    1350     337    1596
     243    1351     878
     243     827    1351
    1352    1187     501
    1352     501     672
    1353     538     239
    1012    1353     239
    1354    1139      83
      83    1291    1354
      38    1355     593
    1355      38    1147
    1243     334    1356
     334     436    1356
     379    1357     947
    1357     379    1774
    1358    1021     576
    1358     576     822
      76    1359    1088
    1359      76     984
    1484      39    1360
    1638     379    1360
    1123     301    1361
     301     515    1361
    1362     453    1794
     804    1362     157
    1363     432    1697
    1120    1363     234
     351    1364     941
    1364     351    1016
     865    1860    1365
     286     505    1365
     284    1366     665
    1897    1366     284
     342    1367     403
    1367     342     409
     414    1368     707
     954    1368     414
       2    1369    1167
    1369       2    1069
     357    1421    1370
     642    1370      86
    1371    1001     197
     544    1371     197
     363    1372     846
    1372     363     899
     158    1373     964
     158     882    1373
     346    1374     577
     359    1374    1911
    1375    1066     674
    1375     674     895
    1376     554     105
     673    1376     105
     377    1377    1312
    1377     377    1345
      47    1378     675
    1378      47    1279
    1613    1379     673
    1379     319     928
     352    1380    1835
    1380     352     160
    1381     670     216
     688    1381     216
      78    1382    1243
    1382    1661     428
      43    1383     543
    1383      43    1891
    1384     534     250
     831    1384     250
     343    1385     740
    1385     343     942
     973    1845    1386
     247     420    1386
     294    1387    1109
    1387     294    1270
    1181     121    1388
    1701    1388     121
     674    1389     874
    1099    1389     674
     693     175    1390
    1390     175    1238
    1391     511     413
    1391    1602      95
      60    1392    1203
    1392      60     634
      13    1393     978
    1393      13     713
     235    1394     843
     235     945    1394
    1395     623     513
    1395     513    1349
     303    1396     657
    1396     303     538
    1397     574     137
     460    1397    1820
      80    1398     843
    1398      80     871
    1399     918     581
    1399     581     974
     361    1400     614
     380    1400     361
       0    1401     604
    1401       0     650
     162    1402     974
    1402     162     874
     371    1403    1034
    1403     371     963
     368    1404    1108
    1404     368    1560
    1762    1405     364
    1405     380     619
     384    1406    1324
    1406     384     519
     353    1407     778
     386    1407    1519
     120    1408     720
    1408     120    1238
    1026     271    1409
    1409     271     822
      21    1410    1234
    1410      21     956
     687     265    1411
     265     579    1411
    1412    1681     103
     528    1412     103
     333    1430    1413
     723    1413     100
    1414    1383     480
    1414     480     608
      52    1415     683
    1415      52    1374
    1164     293    1416
    1416     293     801
     359    1417    1083
    1417     359     608
      69    1418    1029
    1418      69    1020
     223    1419     899
     223     890    1419
     152    1420    1460
     152     612    1420
      86    1421    1673
    1421      86    1370
     369    1422    1347
    1422     369     638
    1108     128    1423
    1220    1423     128
     251    1424     730
     251    1039    1424
     361    1425     619
    1437     122    1425
     360    1426     765
     360    1307    1426
    1405      36    1427
    1427      36     542
     457     318    1428
     318    1295    1428
    1429    1691     238
    1046    1429     238
     100    1430     991
    1430     100    1413
     356    1431     164
    1431     356     709
    1432     302     257
     257    1280    1432
      44    1433     627
    1433      44     801
     334    1434     436
    1434     334    1599
      89    1435    1096
    1435      89     704
     399    1436     705
    1485      56    1436
     361    1437    1425
    1437     361     152
     805    1877    1438
     277     613    1438
    1439     890     223
     626    1439     223
     581    1440    1007
     901    1440     581
     394    1441    1288
    1441     394     338
    1442     841     728
    1442     728    1207
    1443     555     428
    1443     428    1661
     440    1444    1651
     448    1444     440
     341    1445    1216
    1445     341     453
     684    1446    1204
     867    1446     684
      70    1447    1004
    1447      70    1013
     376    1448    1162
    1448     376     454
     162    1449     895
    1449     162    1007
    1014    1011    1450
    1011    1223    1450
    1451     582     240
    1049    1451     240
     364    1452    1453
    1452     364     420
    1453    1452     513
    1453     513     621
    1454     392     365
    1454     365    1177
     609     479    1455
    1886      24    1455
      84    1456     566
    1456      84     857
     362    1457     707
    1457     362     929
    1458    1095     479
    1458     479     759
    1193     360    1459
    1459     360     765
    1460    1420     122
     122    1437    1460
    1461     838     203
     647    1461     203
     370    1462     450
    1462     370     650
      16    1463     696
    1463      16     589
     773     317    1464
     317     655    1464
     459     206    1465
    1668     627    1465
     141    1466    1179
     141     628    1466
    1879    1467    1049
    1467     348     432
     324    1468    1012
    1468     324    1002
     353    1469     593
     353    1382    1469
    1470     864      62
    1209    1470      62
     381    1471     664
     381    1229    1471
    1179    2030    1472
     257     406    1472
     978     362    1473
     362     707    1473
     345    1474     965
    1474     345     730
     488     155    1475
    1477    1475     155
     347    1476     781
    1476     347    1953
     425     320    1477
     320    1475    1477
     133    1478    1739
    2046     517    1478
    1781     234    1479
     326    1479     234
    1480     861     499
    1480     499     991
     369    1481     180
    1481     369    1218
    1482     871     196
     806    1482     196
     108    1483    1186
    1483     108     896
     327    1484    1360
    1484     327     515
     399    1485    1436
    1485     399     431
     963     237    1486
    1486     237     823
     806     196    1487
    1487     196     965
    1488     512    2016
     487    1488    1928
    1489    1000    1704
     603    1489     271
     133    1490     987
     133    1252    1490
    1433     365    1491
    1491     365     739
    1492     776     414
    1492     414     950
      84    1493     813
    1493      84     528
    1494     860     452
    1494     452     929
    1284     385    1495
    1495     385     601
     524    2044    1496
     131    1496    1890
     634      60    1497
    2034    1497      60
     368    1498     511
    1498     368     410
    1039     251    1499
    1499     251     888
     339    1500     756
    1500     339     866
     392    1501    1830
    1501     392    1454
     302    1502     688
    1502     302    1432
       5    1503    1329
       5    1441    1503
    1910    1504     214
     222     669    1504
    1027     330    1505
     330     544    1505
    1506     675     400
    1851     708    1506
    1507    1155     112
    1973     540    1507
     363    1508     897
    1508     363     944
    1509    1327     143
     143    1380    1509
    1510    1350     130
     130    1443    1510
    1511    1008      59
    1151    1511      59
     124     404    1512
     592    1512     404
     678      88    1513
     576    1513      88
    1514    1038     616
    1514     616     980
      98    1515    1837
    1515      98     739
    1516     989     859
    1516     859    1205
     579     304    1517
     304     910    1517
    1518    1059     580
    1518     580     869
    1519    1407     353
     593    1519     353
     123    1520    1118
     123     833    1520
      61    1521     897
    1521      61     710
    1522    1050     401
    1522     401     690
    1523    1272     798
    1523     798     937
    2002     402    1524
     402     891    1524
    1525     827     402
     537    1525     402
     188    1526     976
     188     855    1526
    1295      29    1527
    1527      29    1187
     599     386    1528
     386    1147    1528
     263    1529     654
     263    1189    1529
     850     409    1530
     409     981    1530
     670      50    1531
      50    1367    1531
    1532    1132     141
    1472    1532     141
     785       4    1533
       4    2025    1533
     690     401    1534
     401    1084    1534
    1535    1161     401
    1050    1535     401
     437    1536     763
    1038    1536     437
    1537    1115     539
    1537     539     800
     397    1538     626
    1538     397     871
     429    1539     842
     944    1539     429
     114    1540    1027
    1540     114    1084
    1541     958     263
     654    1541     263
    1278     312    1542
     312     473    1542
    1543     797     181
     443    1543    1747
    1544    1558      54
      54     658    1544
    1545     609     415
     415    1248    1545
    1546     715     198
    1975    1546     198
    1547     887     405
     405     442    1547
    1548    1730     405
     405     178    1548
     824     403    1549
    1549    1612     661
    1367      50    1550
    1550    1581     412
     380    1551    1400
    1551     380     621
    1552    1256     165
    1548    1552     165
     598    1553     997
    1002    1553     598
      97    1554     575
    1554      97    1005
     675     154    1555
    1555     154    1155
    1556    1005     217
     696    1556     217
    1455      24    1557
      24    1265    1557
    1544     408    1558
     408     893    1558
    1076    1011    1559
    1011    1205    1559
    1560     511    2037
    1404    1560     169
     783     171    1561
    1561     171    1370
     827     243    1562
    1562     243     891
    1811    1563     821
    1563     399     412
    1564    1279      47
      47    2017    1564
    1565     762     411
     411    1019    1565
     866     140    1566
    1566     140    1126
     383    1567    1033
    1567     383     613
    1216      94    1568
    1568      94     928
     836     207    1569
    1569     207    1413
     929     362    1570
     362     713    1570
     316    1571     961
    1571     316     672
     105    1572     830
    1572     105     997
     237    1573     823
     237     901    1573
     205    1574     967
     205     845    1574
    1168     350    1575
     350     519    1575
     385    1576     601
     385    1732    1576
    1577    1108      72
      72     865    1577
    1578    1498     410
     410     582    1578
     355    1579    1203
    1579     355     836
    1580     523     103
    1681    1580     103
    1550      50    1581
      50    1563    1581
     769     412    1582
     412     705    1582
     106    1583     967
    1583     106     763
    1584     979     481
    1584     481     917
     690     304    1585
     304     844    1585
    1586     503    2020
     799    1586     117
     366    1587     842
    1587     366    1980
     124    1588    1181
    1588     124    1186
     287    1589     813
     287    1136    1589
    1456     335    1590
    1590     335     704
     395    1591     918
    1591     395     806
     136    1592     641
    1592    1809     149
     731     204    1593
    1593    1726     159
     730     345    1594
     345     907    1594
    1595     373    1998
    1684     502    1595
    1596    2028     130
    1350    1596     130
     373    1597     720
    1597     373    1595
    1598     602     210
     759    1598     210
     644    1599     778
    1434    1599     644
     915     375    1600
     375     763    1600
    1601     584     413
     511    1601     413
    1391     413    1602
     413     605    1602
     264    1603    1381
     264     819    1603
     131    1604    1056
    1604     131    1137
     661    1685    1605
     169    1391    1605
     950     414    1606
     414     707    1606
     776      63    1607
      63     954    1607
    1608     454     416
     416     698    1608
    1609     748     416
     416    1772    1609
     781    1827    1610
     231     463    1610
    1611    1043     852
    1611     852    1178
    1549     403    1612
    1612     403     769
     319    1613     830
     319    1379    1613
    1614     950      90
     823    1614      90
    1615     845     419
     901    1615     419
    1616     842     225
     848    1616     225
     708    1617     931
    1318    1617     708
     349    1618    1001
    1618     349    1033
     722     417    1619
     840    1619     417
     787     183    1620
    1195    1620     183
    1621    1126     140
     140    1822    1621
    1146     418    1622
     418    1130    1622
    1157      58    1623
      58    1201    1623
     374    1624    1056
    1624     374    1083
     660     138    1625
    1625    1752      96
      24    1626     743
    1626      24    1095
     121    1627    1190
    1627     121    1181
    1628     601      79
    1179    1628      79
     628      44    1629
      44    1284    1629
     485    1630    1853
     560    1630     485
     123    1631     569
    1631     123    1479
     807     262    1632
     262     585    1632
    1633     907     429
    1633     429     888
    1634    1245      66
     943    1634      66
      51    1635    1709
    1635      51     786
    1636    1401     650
    1636     650     809
     710     345    1637
     345     965    1637
      39    1638    1360
    1638      39    1832
    1639     777     144
     501    1639    1967
    1640     935     113
     847    1640     113
    1641     957     433
    1013    1641     433
    1189      87    1642
      87     724    1642
    1643    1158     119
     654    1643     119
     916      91    1644
      91    1452    1644
    1386     420    1645
     420     729    1645
     233    1646    1158
     233    1074    1646
     999     192    1647
    1647     192     910
     774     422    1648
     422     800    1648
    1261      28    1649
      28    1172    1649
     517    2045    1650
       4    1767    1650
    1651    1444      75
    1478    1651      75
     300    1652     682
    1652     300     948
    1653    1349      91
     799    1653      91
    1654     861     424
     475    1654     424
     952     302    1655
    1655     302    1202
    1342     311    1656
    1656     311     896
    1657    1921     238
     821    1657     238
    1294     425    1658
     425    1477    1658
    1659    1053     425
    1319    1659     425
     555      38    1660
     593    1660      38
    1382      78    1661
    1443    1661      78
     814     426    1662
     426    1031    1662
    1231      49    1663
      49     979    1663
    1664     944     429
     907    1664     429
    1665     842     110
     888    1665     110
    1666    2016     512
    1666     512     656
     104    1667     655
    1667     104    1278
     206    1668    1465
     206     788    1668
     770     339    1669
     339     756    1669
     967     375    1670
     375     776    1670
     320    1671    1475
    1671     320     654
     415    1672    1248
     658    1672     415
    1673    1421     427
     772    1673     427
     169     427    1674
     427     809    1674
     386    1675    1407
    1675     386     599
    1676    1269     792
    1676     792     981
     618     367    1677
     367    1111    1677
     658    1678    1077
    1042    1678     658
     104    1679    1278
    1679     104    1366
     699       0    1680
       0     663    1680
    1412     430    1681
     430    1580    1681
    1682    1187     279
     489    1682    1942
    1683     781     184
     972    1683     184
     161    1684    1595
     161     671    1684
     772     169    1685
    1685     169    1605
    1686    1275    1050
    1686    1050    1130
     988     285    1687
     285     552    1687
     730     437    1688
     437     763    1688
    1689    1038     437
    1039    1689     437
     922      56    1690
      56    1485    1690
    1429     431    1691
     431     975    1691
    1692    1013     433
    1692     433     847
     845     205    1693
    1693     205     950
     364    1694     729
     364    1427    1694
    1695    1592     149
     519    1695     149
     958      19    1696
      19    1467    1696
    1697     986     234
    1363    1697     234
    1698     719     632
    1698     632     202
     720     388    1699
     388    1095    1699
    1700     678     435
    1298    1700     435
     718     435    1701
     435    1388    1701
     274    1702    1006
     274    1072    1702
    1703     880     716
    1703     716    1292
    1704    1021     271
    1489    1704     271
    1705     980     126
     891    1705     126
    1706     915     439
    1058    1706     439
     991     333    1707
     333     623    1707
    1708     937      73
     489    1708    1943
    1709    1635     434
    1941    1709     434
    1710     857     213
     849    1710     213
    1356     436    1711
    1711     436     862
     436    1712     722
    1434    1712     436
     620     167    1713
    1713     167     166
    1714     689     633
    1714     633     150
    1078     329    1715
     329     634    1715
    1716     694     523
    1716     523    1580
    1717     803     190
     928    1717     190
    1718     922     438
    1153    1718     438
     968     438    1719
     438    1144    1719
    1720    1996     288
    1318    1720     288
     382    1721    1666
    1721     382     847
    1044     253    1722
    1722     253     917
     754     322    1723
     322     886    1723
     724     233    1724
    1724     233    1158
     350    1725     519
    1725    1906     590
    1593     204    1726
     204     525    1726
     858     278    1727
     278     637    1727
    1728     697     194
     717    1728     194
    1729    1113     533
    1729     533     873
    1548     867    1730
     867     960    1730
     594     262    1731
     262     652    1731
      33    1732     549
    1732      33    1576
    1100     301    1733
    1733     301    1165
     580    1734    1005
    1029    1734     580
     767    1735    1245
    1034    1735     767
      82    1736     886
    1736      82     603
     672     316    1737
     316    1035    1737
    1738     566      89
     450    1738    1778
    1739    1478      75
    1022    1739      75
    1740     724     512
    1740     512    1488
     967     441    1741
     441     965    1741
     845       1    1742
       1     806    1742
     703      40    1743
    1547    1743      40
     960      67    1744
     972    1744      67
    1745    1083     166
     683    1745     166
    1746     548      96
      96     841    1746
    1747    1543     181
     181     553    1747
     115    1748    1294
    1748     115    1176
    1749     743     175
     646    1749     175
    1750    1122     157
     812    1750     157
    1751     923     449
    1213    1751     449
    1625     138    1752
    1266    1752     138
    1753     883     185
     648    1753     185
    1754    1266     138
    1824    1754     138
      34    1755    1094
    1755      34    1159
    1756    1219     615
    1756     615     939
    1757     878     117
    1079    1757     117
     954      63    1758
      63    1058    1758
    1759    1138     254
    1192    1759     254
    1760    1307     445
    1304    1760     445
     447    1761     869
    1047    1761     447
     621     380    1762
     380    1405    1762
     528    1763    1412
     750    1763     528
    1764     753     163
     734    1764     163
    1936     231    1765
     231     486    1765
    1766     209      81
    1766      81    1444
    1767     818     448
    1767     448    1650
     807     186    1768
    1768     186    1127
     514    1769     851
    1153    1769     514
     630    1770     968
    1183    1770     630
    1295     318    1771
    1771     318     814
    1772     711     523
    1772     523    1609
    1952     296    1773
     296     573    1773
     493    1774     737
    1357    1774     493
     916     247    1775
    1775     247    1586
     336    1776     457
    1776     336     524
    1431     151    1777
    1276    1777     151
    1778    1738      89
    1197    1778      89
    1779     699     450
    1462    1779     450
    1780    1863     158
     964    1780     158
    1118    1781    1479
    1120    1781    1118
    1853    1782     485
     601    1782      79
    1785    1783     854
    1576    1783     446
     609     408    1784
    1784     408    1544
     446    1785     936
     446    1783    1785
     433    1786     935
     957    1786     433
    1787    1047     447
    1896    1787     447
    1788     869      97
    1932    1788      97
    1789     807     451
     999    1789     451
    1790    1127     112
     687    1790     112
    1791    1448     454
    1791     454    1608
     454    1792     711
     454     755    1792
    1793    1445     453
     951    1793     453
    1794     812     157
    1362    1794     157
    1776      49    1795
      49    1231    1795
    1796    1428     307
    1223    1796     307
    1797     963     452
     860    1797     452
    1798     823      90
     929    1798      90
    1999      53    1799
    1003    1799      53
    1244      22    1800
     651    1800      22
     760    1801    1209
    1042    1801     760
    1317      27    1802
      27    1213    1802
    1803    1216     280
    1165    1803     280
     435    1804    1388
     678    1804     435
    1805    1309     736
    1805     736     986
     533    1806    1195
     849    1806     533
     439    1807     980
     915    1807     439
    1808     680     132
     149    1808     132
    1592     136    1809
     495    1809    1976
     700     306    1810
     306     914    1810
     399    1811     975
     399    1563    1811
    1812     648     461
     550    1812     461
    1813     185     143
    1327    1813     143
    1814     808     198
     516    1814     198
    1815    1109     189
     542    1815     189
    1816     853     459
     491    1816     459
    1817    1465      98
     780    1817      98
     495    1818    1809
     676    1818     495
    1819     788     460
    1284    1819     460
    1820    1397     137
     796    1820     137
     828     219    1821
    1821     219    1313
     378    1822    1052
    1822     378    1621
     649      26    1823
      26    1188    1823
     199     458    1824
     458    1754    1824
    1542     473    1825
    1825     473     770
     955      34    1826
    1826      34     682
     920     231    1827
    1827     231    1610
    1828    1994     462
     462    1150    1828
    1829     520     462
     462     500    1829
    1830    1501     703
    1830     703     879
    1203     329    1831
     329     607    1831
     664     467    1832
    1638    1832     467
     737     467    1833
    1229    1833     467
     267    1834     718
     267    1298    1834
    1835    1380     662
    1835     662     893
    1836     879     184
    1610    1836     184
    1837    1515     463
     921    1837     463
    1189     263    1838
    1838     263    1363
    1839     876     471
     855    1839     471
    1840     718     121
     976    1840     121
    1841     557     147
     738    1841     147
    1842     620     535
    1842     535     135
     631      68    1843
      68    1093    1843
    1844     639      76
    1088    1844      76
    1087     247    1845
    1845     247    1386
    1169     464    1846
     464    1105    1846
    1847    1219     464
    1201    1847     464
     504     282    1848
     282    1101    1848
    1849    1889     477
     477    1290    1849
    1850     802     477
     477     664    1850
     400    1851    1506
     400     933    1851
    1852     560     485
     485     936    1852
    1853    1630      79
      79    1782    1853
    1854     633      65
     647    1854      65
    1855     622     469
     766    1855     469
     898     268    1856
     268     604    1856
     167     465    1857
     683    1857     465
     706      42    1858
     825    1858      42
     556     204    1859
     204    1981    1859
    1051     286    1860
    1860     286    1365
    1624     118    1861
    1861     118    1078
    1862     691     470
     876    1862     470
    1780     470    1863
     470     226    1863
     632    1864     202
     747    1864     632
    1865    1404     169
     169    1674    1865
    1183      31    1866
      31    1239    1866
    1867     939      77
     851    1867      77
     641     478    1868
     478     629    1868
    1869     587     478
    1040    1869     478
     756     396    1870
     396    1278    1870
    1871    1270     474
     474     585    1871
    1872     578     474
     474     573    1872
    1873     497     472
     713    1873     472
     200     472    1874
     472    1276    1874
     938     424    1875
    1875     424    1653
     719     227    1876
    1876     227    1639
     995     277    1877
    1877     277    1438
    1140     255    1878
    1878     255    1052
     348    1879    1112
     348    1467    1879
    1880     910     101
     101    1111    1880
    1881     999     476
     476     651    1881
     686     248    1882
     248     563    1882
     979      49    1883
    1883      49    2033
     917     481    1884
    1884    2007     723
     107    1885     609
     759    1885     107
     479    1886    1455
    1095    1886     479
     117    1887     938
     878    1887     117
     475    1888    1654
     827    1888     475
    1849     381    1889
    1889     381     664
    1890    1496      99
      99    1137    1890
    1891    1081     480
    1383    1891     480
     608     480    1892
     480     607    1892
     376    1893     755
     376    1493    1893
    1058     243    1894
    1894     243     878
     982     305    1895
     305     631    1895
     946     834    1896
     834    1787    1896
     482     312    1897
     312    1366    1897
    1898    1897     284
     284     923    1898
    1899     955     482
     482     526    1899
     197    1900    1027
     197    1057    1900
    1901     846     225
     944    1901     225
     951     249    1902
    1902     249    1376
     641     384    1903
     384    1324    1903
    1904    1370     171
     604    1904     171
    1129     323    1905
     323     639    1905
    1725     350    1906
    1906     350     786
     843     395    1907
     395     918    1907
     320    1908    1541
     320    1053    1908
     310    1909    1105
     310    1239    1909
     588     222    1910
     222    1504    1910
    1911    1374     346
     608    1911     346
     190    1912    1849
    1912     190    1175
    1077     483    1913
     483    1001    1913
    1085      17    1914
      17    1057    1914
    1275     314    1915
    1915     314    1169
    1916     586     145
     551    1916     145
    1917     835     168
     663    1917     168
    1918    1131     492
    1330    1918     492
     996     492    1919
     492     961    1919
     976     290    1920
     290     624    1920
    1657     264    1921
     264     636    1921
    1922     961     254
     667    1922     254
    1923    1054     279
    1737    1923     279
     275    1924    1055
     275    1093    1924
     518    1925    1109
     973    1925     518
    1926     914     142
    1926     142     681
    1927     749     484
    1927     484     825
    1928    1488     113
     935    1928     113
    1929    1074     487
     721    1929     487
     978     241    1930
    1930     241    1079
     177    1931    1738
     177     750    1931
    1932     949     488
     488    1788    1932
    1933    1475     119
     119     946    1933
    1316      16    1934
      16     696    1934
    1935     941     191
    1023    1935     191
     780    1936    1765
     921    1936     780
    1937    1058     439
    1937     439     891
    1938    1197      89
    1051    1938      89
    1939     848     486
     920    1939     486
    1765     486    1940
     486     846    1940
    1089    1054    1941
    1054    1709    1941
    1942    1682     279
     279    1089    1942
    1943    1708      73
      73    1014    1943
     594    1944     764
     164    1944     594
    1945     199     183
     787    1945     183
    1946    1145     154
    1970    1946     154
     270     490    1947
     490     268    1947
     992       0    1948
       0     970    1948
    1949     689     493
     493     737    1949
    1950     215     139
     139    1357    1950
     804    1951    1362
    1060    1951     804
    1028    1952    1773
    1048    1952    1028
    1131    1953    1192
    1476    1953    1131
    1954    1044     537
    1954     537    1031
     890      11    1955
    1955      11    1816
     899     491    1956
    1956     491     912
     780    1957    1817
     912    1957     780
     899     363    1958
     363     897    1958
    1959    1799     455
    1959     455     651
    1960    1030     230
     536    1960     230
     259    1961    1764
     259     911    1961
     497    1962     518
    1962     497    1873
     164    1963    1944
    1963     164    1276
    1964     747     557
    1964     557    1841
     646    1965    1749
     826    1965     646
    1898     923    1966
     923     990    1966
    1967    1639     144
     672    1967     144
    1187      29    1968
      29     719    1968
    1969    1017     494
     494     552    1969
    1970    1230     494
     494    1946    1970
    1971    1269     508
     716    1971     508
    1972     824      95
     605    1972      95
     112    1973    1507
    1127    1973     112
     540    1974     933
     578    1974     540
     666     226    1975
     226    1546    1975
    1976    1809     136
     562    1976     136
    1977     676     495
     714    1977     495
     843     496    1978
     496     883    1978
    1979     832     496
     945    1979     496
     777    1980     996
    1587    1980     777
    1981     731     531
    1981     531    1859
    1012    1982    1353
    1184    1982    1012
    1983    1496     407
     782    1983     407
     663     168    1984
    1984     168    1580
    1947     268    1985
     268    1041    1985
    1986     292     165
    1256    1986     165
     531      37    1987
      37    1040    1987
     844    1988    1146
    1261    1988     844
     584     255    1989
     255     948    1989
     483    1990    1001
    1057    1990     483
     622     236    1991
     236     629    1991
    1992    1191    1132
    1992    1132    1532
    1993     853     574
    1993     574    1397
    1828    1036    1994
    1036    1065    1994
     477    1995    1290
     802    1995     477
    1720     500    1996
    1065    1996     500
    1829     500    1997
    1048    1997     500
    1998     630     161
    1595    1998     161
     367    1999    1799
    1999     367     618
    2000    1044     499
     861    2000     499
     991     499    2001
     499     917    2001
     738    2002    1524
     983    2002     738
     564     228    2003
     228     726    2003
       4     668    2004
     668     820    2004
     510    2005    1497
     782    2005     510
    2006     757     586
    2006     586    1916
    1884     481    2007
    2007     481     870
    1338     398    2008
    2008     398    1246
     854     502    2009
     671    2009     502
    1595     502    2010
     561    2010     502
    2011    1112     240
    1365    2011     240
    2012    1309     505
    1262    2012     505
    1196     258    2013
    2013     258    1429
    1102     274    2014
    2014     274    1006
     656     512    2015
     724    2015     512
    1666     113    2016
    1488    2016     113
     391    2017     931
    2017     391    1564
     562     236    2018
     236     744    2018
     177    2019    1412
     177     699    2019
    2020    1079     117
    1586    2020     117
    1087      13    2021
      13     978    2021
    2022    1167     504
     612    2022     504
    1420     504    2023
     504    1848    2023
     509    2024    1191
     509     525    2024
    2025    2004     509
    2025     509    1533
    2026     784     443
    1747    2026     443
    2027     757     507
    1347    2027     507
    1596     507    2028
     507     201    2028
     327    2029    1091
     327    1173    2029
    1280     257    2030
    2030     257    1472
    1100      39    2031
      39    1484    2031
    1361     515    2032
     515    1091    2032
    2033     782     510
    1883    2033     510
     870     510    2034
     510    1497    2034
     647    2035    1461
     908    2035     647
    2036    1183     468
    2036     468     851
     169    2037    1391
    1560    2037     169
    1498      32    2038
    2038      32    1601
     621     513    2039
     623    2039     513
    1349     513    2040
    1452    2040     513
    2041    1109     127
     764    2041     127
    2042     973     518
    1962    2042     518
    2043    1776     524
    2043     524     782
    2044    1076      99
    2044      99    1496
     668       4    2045
    2045       4    1650
     133    2046    1478
     858    2046     133
     341    2047     812
     341    1213    2047
