    5341  1.402012500000000E+12  6.676250000000148E-01  1.399550645946441E-03 -1.118704362478926E-03 -6.880733944954020E-04
  5.000000000000000E-02  5.000000000000000E-02  5.000000000000000E-02
  0.000000000000000E+00  0.000000000000000E+00  0.000000000000000E+00  1.402415371807667E+12  6.678168437179369E-01
  1.111263968993225E+11 -0.000000000000000E+00 -0.000000000000000E+00
 -0.000000000000000E+00  2.689321248028411E+11 -0.000000000000000E+00
 -0.000000000000000E+00 -0.000000000000000E+00  2.869206610360021E+11
  0.000000000000000E+00  0.000000000000000E+00  0.000000000000000E+00
  1.058872354617906E-01  3.074165074582941E-02  2.217568111099084E-02
  0.000000000000000E+00  0.000000000000000E+00  0.000000000000000E+00
  2.500000000000000E-02  2.500000000000000E-02  2.500000000000000E-02  2.625754300332648E+08
  7.500000000000001E-02  2.500000000000000E-02  2.500000000000000E-02  2.625754300332648E+08
  1.250000000000000E-01  2.500000000000000E-02  2.500000000000000E-02  2.625754300332648E+08
  1.750000000000000E-01  2.500000000000000E-02  2.500000000000000E-02  2.625754300332648E+08
  2.250000000000000E-01  2.500000000000000E-02  2.500000000000000E-02  2.625754300332648E+08
  2.750000000000000E-01  2.500000000000000E-02  2.500000000000000E-02  2.625754300332648E+08
  3.250000000000000E-01  2.500000000000000E-02  2.500000000000000E-02  2.625754300332648E+08
  3.750000000000000E-01  2.500000000000000E-02  2.500000000000000E-02  2.625754300332648E+08
  4.250000000000000E-01  2.500000000000000E-02  2.500000000000000E-02  2.625754300332648E+08
  4.750000000000000E-01  2.500000000000000E-02  2.500000000000000E-02  2.625754300332648E+08
  5.249999999999999E-01  2.500000000000000E-02  2.500000000000000E-02  2.625754300332648E+08
  5.750000000000000E-01  2.500000000000000E-02  2.500000000000000E-02  2.625754300332648E+08
  6.250000000000000E-01  2.500000000000000E-02  2.500000000000000E-02  2.625754300332648E+08
  6.750000000000000E-01  2.500000000000000E-02  2.500000000000000E-02  2.625754300332648E+08
  7.250000000000001E-01  2.500000000000000E-02  2.500000000000000E-02  2.625754300332648E+08
  2.500000000000000E-02  7.500000000000001E-02  2.500000000000000E-02  2.625754300332648E+08
  7.500000000000001E-02  7.500000000000001E-02  2.500000000000000E-02  2.625754300332648E+08
  1.250000000000000E-01  7.500000000000001E-02  2.500000000000000E-02  2.625754300332648E+08
  1.750000000000000E-01  7.500000000000001E-02  2.500000000000000E-02  2.625754300332648E+08
  2.250000000000000E-01  7.500000000000001E-02  2.500000000000000E-02  2.625754300332648E+08
  2.750000000000000E-01  7.500000000000001E-02  2.500000000000000E-02  2.625754300332648E+08
  3.250000000000000E-01  7.500000000000001E-02  2.500000000000000E-02  2.625754300332648E+08
  3.750000000000000E-01  7.500000000000001E-02  2.500000000000000E-02  2.625754300332648E+08
  4.250000000000000E-01  7.500000000000001E-02  2.500000000000000E-02  2.625754300332648E+08
  4.750000000000000E-01  7.500000000000001E-02  2.500000000000000E-02  2.625754300332648E+08
  5.249999999999999E-01  7.500000000000001E-02  2.500000000000000E-02  2.625754300332648E+08
  5.750000000000000E-01  7.500000000000001E-02  2.500000000000000E-02  2.625754300332648E+08
  6.250000000000000E-01  7.500000000000001E-02  2.500000000000000E-02  2.625754300332648E+08
  6.750000000000000E-01  7.500000000000001E-02  2.500000000000000E-02  2.625754300332648E+08
  7.250000000000001E-01  7.500000000000001E-02  2.500000000000000E-02  2.625754300332648E+08
  2.500000000000000E-02  1.250000000000000E-01  2.500000000000000E-02  2.625754300332648E+08
  7.500000000000001E-02  1.250000000000000E-01  2.500000000000000E-02  2.625754300332648E+08
  1.250000000000000E-01  1.250000000000000E-01  2.500000000000000E-02  2.625754300332648E+08
  1.750000000000000E-01  1.250000000000000E-01  2.500000000000000E-02  2.625754300332648E+08
  2.250000000000000E-01  1.250000000000000E-01  2.500000000000000E-02  2.625754300332648E+08
  2.750000000000000E-01  1.250000000000000E-01  2.500000000000000E-02  2.625754300332648E+08
  3.250000000000000E-01  1.250000000000000E-01  2.500000000000000E-02  2.625754300332648E+08
  3.750000000000000E-01  1.250000000000000E-01  2.500000000000000E-02  2.625754300332648E+08
  4.250000000000000E-01  1.250000000000000E-01  2.500000000000000E-02  2.625754300332648E+08
  4.750000000000000E-01  1.250000000000000E-01  2.500000000000000E-02  2.625754300332648E+08
  5.249999999999999E-01  1.250000000000000E-01  2.500000000000000E-02  2.625754300332648E+08
  5.750000000000000E-01  1.250000000000000E-01  2.500000000000000E-02  2.625754300332648E+08
  6.250000000000000E-01  1.250000000000000E-01  2.500000000000000E-02  2.625754300332648E+08
  6.750000000000000E-01  1.250000000000000E-01  2.500000000000000E-02  2.625754300332648E+08
  2.500000000000000E-02  1.750000000000000E-01  2.500000000000000E-02  2.625754300332648E+08
  7.500000000000001E-02  1.750000000000000E-01  2.500000000000000E-02  2.625754300332648E+08
  1.250000000000000E-01  1.750000000000000E-01  2.500000000000000E-02  2.625754300332648E+08
  1.750000000000000E-01  1.750000000000000E-01  2.500000000000000E-02  2.625754300332648E+08
  2.250000000000000E-01  1.750000000000000E-01  2.500000000000000E-02  2.625754300332648E+08
  2.750000000000000E-01  1.750000000000000E-01  2.500000000000000E-02  2.625754300332648E+08
  3.250000000000000E-01  1.750000000000000E-01  2.500000000000000E-02  2.625754300332648E+08
  3.750000000000000E-01  1.750000000000000E-01  2.500000000000000E-02  2.625754300332648E+08
  4.250000000000000E-01  1.750000000000000E-01  2.500000000000000E-02  2.625754300332648E+08
  4.750000000000000E-01  1.750000000000000E-01  2.500000000000000E-02  2.625754300332648E+08
  5.249999999999999E-01  1.750000000000000E-01  2.500000000000000E-02  2.625754300332648E+08
  5.750000000000000E-01  1.750000000000000E-01  2.500000000000000E-02  2.625754300332648E+08
  6.250000000000000E-01  1.750000000000000E-01  2.500000000000000E-02  2.625754300332648E+08
  6.750000000000000E-01  1.750000000000000E-01  2.500000000000000E-02  2.625754300332648E+08
  2.500000000000000E-02  2.250000000000000E-01  2.500000000000000E-02  2.625754300332648E+08
  7.500000000000001E-02  2.250000000000000E-01  2.500000000000000E-02  2.625754300332648E+08
  1.250000000000000E-01  2.250000000000000E-01  2.500000000000000E-02  2.625754300332648E+08
  1.750000000000000E-01  2.250000000000000E-01  2.500000000000000E-02  2.625754300332648E+08
  2.250000000000000E-01  2.250000000000000E-01  2.500000000000000E-02  2.625754300332648E+08
  2.750000000000000E-01  2.250000000000000E-01  2.500000000000000E-02  2.625754300332648E+08
  3.250000000000000E-01  2.250000000000000E-01  2.500000000000000E-02  2.625754300332648E+08
  3.750000000000000E-01  2.250000000000000E-01  2.500000000000000E-02  2.625754300332648E+08
  4.250000000000000E-01  2.250000000000000E-01  2.500000000000000E-02  2.625754300332648E+08
  4.750000000000000E-01  2.250000000000000E-01  2.500000000000000E-02  2.625754300332648E+08
  5.249999999999999E-01  2.250000000000000E-01  2.500000000000000E-02  2.625754300332648E+08
  5.750000000000000E-01  2.250000000000000E-01  2.500000000000000E-02  2.625754300332648E+08
  6.250000000000000E-01  2.250000000000000E-01  2.500000000000000E-02  2.625754300332648E+08
  2.500000000000000E-02  2.750000000000000E-01  2.500000000000000E-02  2.625754300332648E+08
  7.500000000000001E-02  2.750000000000000E-01  2.500000000000000E-02  2.625754300332648E+08
  1.250000000000000E-01  2.750000000000000E-01  2.500000000000000E-02  2.625754300332648E+08
  1.750000000000000E-01  2.750000000000000E-01  2.500000000000000E-02  2.625754300332648E+08
  2.250000000000000E-01  2.750000000000000E-01  2.500000000000000E-02  2.625754300332648E+08
  2.750000000000000E-01  2.750000000000000E-01  2.500000000000000E-02  2.625754300332648E+08
  3.250000000000000E-01  2.750000000000000E-01  2.500000000000000E-02  2.625754300332648E+08
  3.750000000000000E-01  2.750000000000000E-01  2.500000000000000E-02  2.625754300332648E+08
  4.250000000000000E-01  2.750000000000000E-01  2.500000000000000E-02  2.625754300332648E+08
  4.750000000000000E-01  2.750000000000000E-01  2.500000000000000E-02  2.625754300332648E+08
  5.249999999999999E-01  2.750000000000000E-01  2.500000000000000E-02  2.625754300332648E+08
  5.750000000000000E-01  2.750000000000000E-01  2.500000000000000E-02  2.625754300332648E+08
  6.250000000000000E-01  2.750000000000000E-01  2.500000000000000E-02  2.625754300332648E+08
  2.500000000000000E-02  3.250000000000000E-01  2.500000000000000E-02  2.625754300332648E+08
  7.500000000000001E-02  3.250000000000000E-01  2.500000000000000E-02  2.625754300332648E+08
  1.250000000000000E-01  3.250000000000000E-01  2.500000000000000E-02  2.625754300332648E+08
  1.750000000000000E-01  3.250000000000000E-01  2.500000000000000E-02  2.625754300332648E+08
  2.250000000000000E-01  3.250000000000000E-01  2.500000000000000E-02  2.625754300332648E+08
  2.750000000000000E-01  3.250000000000000E-01  2.500000000000000E-02  2.625754300332648E+08
  3.250000000000000E-01  3.250000000000000E-01  2.500000000000000E-02  2.625754300332648E+08
  3.750000000000000E-01  3.250000000000000E-01  2.500000000000000E-02  2.625754300332648E+08
  4.250000000000000E-01  3.250000000000000E-01  2.500000000000000E-02  2.625754300332648E+08
  4.750000000000000E-01  3.250000000000000E-01  2.500000000000000E-02  2.625754300332648E+08
  5.249999999999999E-01  3.250000000000000E-01  2.500000000000000E-02  2.625754300332648E+08
  5.750000000000000E-01  3.250000000000000E-01  2.500000000000000E-02  2.625754300332648E+08
  2.500000000000000E-02  3.750000000000000E-01  2.500000000000000E-02  2.625754300332648E+08
  7.500000000000001E-02  3.750000000000000E-01  2.500000000000000E-02  2.625754300332648E+08
  1.250000000000000E-01  3.750000000000000E-01  2.500000000000000E-02  2.625754300332648E+08
  1.750000000000000E-01  3.750000000000000E-01  2.500000000000000E-02  2.625754300332648E+08
  2.250000000000000E-01  3.750000000000000E-01  2.500000000000000E-02  2.625754300332648E+08
  2.750000000000000E-01  3.750000000000000E-01  2.500000000000000E-02  2.625754300332648E+08
  3.250000000000000E-01  3.750000000000000E-01  2.500000000000000E-02  2.625754300332648E+08
  3.750000000000000E-01  3.750000000000000E-01  2.500000000000000E-02  2.625754300332648E+08
  4.250000000000000E-01  3.750000000000000E-01  2.500000000000000E-02  2.625754300332648E+08
  4.750000000000000E-01  3.750000000000000E-01  2.500000000000000E-02  2.625754300332648E+08
  5.249999999999999E-01  3.750000000000000E-01  2.500000000000000E-02  2.625754300332648E+08
  2.500000000000000E-02  2.500000000000000E-02  7.500000000000001E-02  2.625754300332648E+08
  7.500000000000001E-02  2.500000000000000E-02  7.500000000000001E-02  2.625754300332648E+08
  1.250000000000000E-01  2.500000000000000E-02  7.500000000000001E-02  2.625754300332648E+08
  1.750000000000000E-01  2.500000000000000E-02  7.500000000000001E-02  2.625754300332648E+08
  2.250000000000000E-01  2.500000000000000E-02  7.500000000000001E-02  2.625754300332648E+08
  2.750000000000000E-01  2.500000000000000E-02  7.500000000000001E-02  2.625754300332648E+08
  3.250000000000000E-01  2.500000000000000E-02  7.500000000000001E-02  2.625754300332648E+08
  3.750000000000000E-01  2.500000000000000E-02  7.500000000000001E-02  2.625754300332648E+08
  4.250000000000000E-01  2.500000000000000E-02  7.500000000000001E-02  2.625754300332648E+08
  4.750000000000000E-01  2.500000000000000E-02  7.500000000000001E-02  2.625754300332648E+08
  5.249999999999999E-01  2.500000000000000E-02  7.500000000000001E-02  2.625754300332648E+08
  5.750000000000000E-01  2.500000000000000E-02  7.500000000000001E-02  2.625754300332648E+08
  6.250000000000000E-01  2.500000000000000E-02  7.500000000000001E-02  2.625754300332648E+08
  6.750000000000000E-01  2.500000000000000E-02  7.500000000000001E-02  2.625754300332648E+08
  7.250000000000001E-01  2.500000000000000E-02  7.500000000000001E-02  2.625754300332648E+08
  2.500000000000000E-02  7.500000000000001E-02  7.500000000000001E-02  2.625754300332648E+08
  7.500000000000001E-02  7.500000000000001E-02  7.500000000000001E-02  2.625754300332648E+08
  1.250000000000000E-01  7.500000000000001E-02  7.500000000000001E-02  2.625754300332648E+08
  1.750000000000000E-01  7.500000000000001E-02  7.500000000000001E-02  2.625754300332648E+08
  2.250000000000000E-01  7.500000000000001E-02  7.500000000000001E-02  2.625754300332648E+08
  2.750000000000000E-01  7.500000000000001E-02  7.500000000000001E-02  2.625754300332648E+08
  3.250000000000000E-01  7.500000000000001E-02  7.500000000000001E-02  2.625754300332648E+08
  3.750000000000000E-01  7.500000000000001E-02  7.500000000000001E-02  2.625754300332648E+08
  4.250000000000000E-01  7.500000000000001E-02  7.500000000000001E-02  2.625754300332648E+08
  4.750000000000000E-01  7.500000000000001E-02  7.500000000000001E-02  2.625754300332648E+08
  5.249999999999999E-01  7.500000000000001E-02  7.500000000000001E-02  2.625754300332648E+08
  5.750000000000000E-01  7.500000000000001E-02  7.500000000000001E-02  2.625754300332648E+08
  6.250000000000000E-01  7.500000000000001E-02  7.500000000000001E-02  2.625754300332648E+08
  6.750000000000000E-01  7.500000000000001E-02  7.500000000000001E-02  2.625754300332648E+08
  7.250000000000001E-01  7.500000000000001E-02  7.500000000000001E-02  2.625754300332648E+08
  2.500000000000000E-02  1.250000000000000E-01  7.500000000000001E-02  2.625754300332648E+08
  7.500000000000001E-02  1.250000000000000E-01  7.500000000000001E-02  2.625754300332648E+08
  1.250000000000000E-01  1.250000000000000E-01  7.500000000000001E-02  2.625754300332648E+08
  1.750000000000000E-01  1.250000000000000E-01  7.500000000000001E-02  2.625754300332648E+08
  2.250000000000000E-01  1.250000000000000E-01  7.500000000000001E-02  2.625754300332648E+08
  2.750000000000000E-01  1.250000000000000E-01  7.500000000000001E-02  2.625754300332648E+08
  3.250000000000000E-01  1.250000000000000E-01  7.500000000000001E-02  2.625754300332648E+08
  3.750000000000000E-01  1.250000000000000E-01  7.500000000000001E-02  2.625754300332648E+08
  4.250000000000000E-01  1.250000000000000E-01  7.500000000000001E-02  2.625754300332648E+08
  4.750000000000000E-01  1.250000000000000E-01  7.500000000000001E-02  2.625754300332648E+08
  5.249999999999999E-01  1.250000000000000E-01  7.500000000000001E-02  2.625754300332648E+08
  5.750000000000000E-01  1.250000000000000E-01  7.500000000000001E-02  2.625754300332648E+08
  6.250000000000000E-01  1.250000000000000E-01  7.500000000000001E-02  2.625754300332648E+08
  6.750000000000000E-01  1.250000000000000E-01  7.500000000000001E-02  2.625754300332648E+08
  7.250000000000001E-01  1.250000000000000E-01  7.500000000000001E-02  2.625754300332648E+08
  2.500000000000000E-02  1.750000000000000E-01  7.500000000000001E-02  2.625754300332648E+08
  7.500000000000001E-02  1.750000000000000E-01  7.500000000000001E-02  2.625754300332648E+08
  1.250000000000000E-01  1.750000000000000E-01  7.500000000000001E-02  2.625754300332648E+08
  1.750000000000000E-01  1.750000000000000E-01  7.500000000000001E-02  2.625754300332648E+08
  2.250000000000000E-01  1.750000000000000E-01  7.500000000000001E-02  2.625754300332648E+08
  2.750000000000000E-01  1.750000000000000E-01  7.500000000000001E-02  2.625754300332648E+08
  3.250000000000000E-01  1.750000000000000E-01  7.500000000000001E-02  2.625754300332648E+08
  3.750000000000000E-01  1.750000000000000E-01  7.500000000000001E-02  2.625754300332648E+08
  4.250000000000000E-01  1.750000000000000E-01  7.500000000000001E-02  2.625754300332648E+08
  4.750000000000000E-01  1.750000000000000E-01  7.500000000000001E-02  2.625754300332648E+08
  5.249999999999999E-01  1.750000000000000E-01  7.500000000000001E-02  2.625754300332648E+08
  5.750000000000000E-01  1.750000000000000E-01  7.500000000000001E-02  2.625754300332648E+08
  6.250000000000000E-01  1.750000000000000E-01  7.500000000000001E-02  2.625754300332648E+08
  6.750000000000000E-01  1.750000000000000E-01  7.500000000000001E-02  2.625754300332648E+08
  2.500000000000000E-02  2.250000000000000E-01  7.500000000000001E-02  2.625754300332648E+08
  7.500000000000001E-02  2.250000000000000E-01  7.500000000000001E-02  2.625754300332648E+08
  1.250000000000000E-01  2.250000000000000E-01  7.500000000000001E-02  2.625754300332648E+08
  1.750000000000000E-01  2.250000000000000E-01  7.500000000000001E-02  2.625754300332648E+08
  2.250000000000000E-01  2.250000000000000E-01  7.500000000000001E-02  2.625754300332648E+08
  2.750000000000000E-01  2.250000000000000E-01  7.500000000000001E-02  2.625754300332648E+08
  3.250000000000000E-01  2.250000000000000E-01  7.500000000000001E-02  2.625754300332648E+08
  3.750000000000000E-01  2.250000000000000E-01  7.500000000000001E-02  2.625754300332648E+08
  4.250000000000000E-01  2.250000000000000E-01  7.500000000000001E-02  2.625754300332648E+08
  4.750000000000000E-01  2.250000000000000E-01  7.500000000000001E-02  2.625754300332648E+08
  5.249999999999999E-01  2.250000000000000E-01  7.500000000000001E-02  2.625754300332648E+08
  5.750000000000000E-01  2.250000000000000E-01  7.500000000000001E-02  2.625754300332648E+08
  6.250000000000000E-01  2.250000000000000E-01  7.500000000000001E-02  2.625754300332648E+08
  6.750000000000000E-01  2.250000000000000E-01  7.500000000000001E-02  2.625754300332648E+08
  2.500000000000000E-02  2.750000000000000E-01  7.500000000000001E-02  2.625754300332648E+08
  7.500000000000001E-02  2.750000000000000E-01  7.500000000000001E-02  2.625754300332648E+08
  1.250000000000000E-01  2.750000000000000E-01  7.500000000000001E-02  2.625754300332648E+08
  1.750000000000000E-01  2.750000000000000E-01  7.500000000000001E-02  2.625754300332648E+08
  2.250000000000000E-01  2.750000000000000E-01  7.500000000000001E-02  2.625754300332648E+08
  2.750000000000000E-01  2.750000000000000E-01  7.500000000000001E-02  2.625754300332648E+08
  3.250000000000000E-01  2.750000000000000E-01  7.500000000000001E-02  2.625754300332648E+08
  3.750000000000000E-01  2.750000000000000E-01  7.500000000000001E-02  2.625754300332648E+08
  4.250000000000000E-01  2.750000000000000E-01  7.500000000000001E-02  2.625754300332648E+08
  4.750000000000000E-01  2.750000000000000E-01  7.500000000000001E-02  2.625754300332648E+08
  5.249999999999999E-01  2.750000000000000E-01  7.500000000000001E-02  2.625754300332648E+08
  5.750000000000000E-01  2.750000000000000E-01  7.500000000000001E-02  2.625754300332648E+08
  6.250000000000000E-01  2.750000000000000E-01  7.500000000000001E-02  2.625754300332648E+08
  2.500000000000000E-02  3.250000000000000E-01  7.500000000000001E-02  2.625754300332648E+08
  7.500000000000001E-02  3.250000000000000E-01  7.500000000000001E-02  2.625754300332648E+08
  1.250000000000000E-01  3.250000000000000E-01  7.500000000000001E-02  2.625754300332648E+08
  1.750000000000000E-01  3.250000000000000E-01  7.500000000000001E-02  2.625754300332648E+08
  2.250000000000000E-01  3.250000000000000E-01  7.500000000000001E-02  2.625754300332648E+08
  2.750000000000000E-01  3.250000000000000E-01  7.500000000000001E-02  2.625754300332648E+08
  3.250000000000000E-01  3.250000000000000E-01  7.500000000000001E-02  2.625754300332648E+08
  3.750000000000000E-01  3.250000000000000E-01  7.500000000000001E-02  2.625754300332648E+08
  4.250000000000000E-01  3.250000000000000E-01  7.500000000000001E-02  2.625754300332648E+08
  4.750000000000000E-01  3.250000000000000E-01  7.500000000000001E-02  2.625754300332648E+08
  5.249999999999999E-01  3.250000000000000E-01  7.500000000000001E-02  2.625754300332648E+08
  5.750000000000000E-01  3.250000000000000E-01  7.500000000000001E-02  2.625754300332648E+08
  2.500000000000000E-02  3.750000000000000E-01  7.500000000000001E-02  2.625754300332648E+08
  7.500000000000001E-02  3.750000000000000E-01  7.500000000000001E-02  2.625754300332648E+08
  1.250000000000000E-01  3.750000000000000E-01  7.500000000000001E-02  2.625754300332648E+08
  1.750000000000000E-01  3.750000000000000E-01  7.500000000000001E-02  2.625754300332648E+08
  2.250000000000000E-01  3.750000000000000E-01  7.500000000000001E-02  2.625754300332648E+08
  2.750000000000000E-01  3.750000000000000E-01  7.500000000000001E-02  2.625754300332648E+08
  3.250000000000000E-01  3.750000000000000E-01  7.500000000000001E-02  2.625754300332648E+08
  3.750000000000000E-01  3.750000000000000E-01  7.500000000000001E-02  2.625754300332648E+08
  4.250000000000000E-01  3.750000000000000E-01  7.500000000000001E-02  2.625754300332648E+08
  4.750000000000000E-01  3.750000000000000E-01  7.500000000000001E-02  2.625754300332648E+08
  5.249999999999999E-01  3.750000000000000E-01  7.500000000000001E-02  2.625754300332648E+08
  7.500000000000001E-02  4.250000000000000E-01  7.500000000000001E-02  2.625754300332648E+08
  1.250000000000000E-01  4.250000000000000E-01  7.500000000000001E-02  2.625754300332648E+08
  1.750000000000000E-01  4.250000000000000E-01  7.500000000000001E-02  2.625754300332648E+08
  2.250000000000000E-01  4.250000000000000E-01  7.500000000000001E-02  2.625754300332648E+08
  2.750000000000000E-01  4.250000000000000E-01  7.500000000000001E-02  2.625754300332648E+08
  3.250000000000000E-01  4.250000000000000E-01  7.500000000000001E-02  2.625754300332648E+08
  3.750000000000000E-01  4.250000000000000E-01  7.500000000000001E-02  2.625754300332648E+08
  4.250000000000000E-01  4.250000000000000E-01  7.500000000000001E-02  2.625754300332648E+08
  4.750000000000000E-01  4.250000000000000E-01  7.500000000000001E-02  2.625754300332648E+08
  2.500000000000000E-02  2.500000000000000E-02  1.250000000000000E-01  2.625754300332648E+08
  7.500000000000001E-02  2.500000000000000E-02  1.250000000000000E-01  2.625754300332648E+08
  1.250000000000000E-01  2.500000000000000E-02  1.250000000000000E-01  2.625754300332648E+08
  1.750000000000000E-01  2.500000000000000E-02  1.250000000000000E-01  2.625754300332648E+08
  2.250000000000000E-01  2.500000000000000E-02  1.250000000000000E-01  2.625754300332648E+08
  2.750000000000000E-01  2.500000000000000E-02  1.250000000000000E-01  2.625754300332648E+08
  3.250000000000000E-01  2.500000000000000E-02  1.250000000000000E-01  2.625754300332648E+08
  3.750000000000000E-01  2.500000000000000E-02  1.250000000000000E-01  2.625754300332648E+08
  4.250000000000000E-01  2.500000000000000E-02  1.250000000000000E-01  2.625754300332648E+08
  4.750000000000000E-01  2.500000000000000E-02  1.250000000000000E-01  2.625754300332648E+08
  5.249999999999999E-01  2.500000000000000E-02  1.250000000000000E-01  2.625754300332648E+08
  5.750000000000000E-01  2.500000000000000E-02  1.250000000000000E-01  2.625754300332648E+08
  6.250000000000000E-01  2.500000000000000E-02  1.250000000000000E-01  2.625754300332648E+08
  6.750000000000000E-01  2.500000000000000E-02  1.250000000000000E-01  2.625754300332648E+08
  7.250000000000001E-01  2.500000000000000E-02  1.250000000000000E-01  2.625754300332648E+08
  2.500000000000000E-02  7.500000000000001E-02  1.250000000000000E-01  2.625754300332648E+08
  7.500000000000001E-02  7.500000000000001E-02  1.250000000000000E-01  2.625754300332648E+08
  1.250000000000000E-01  7.500000000000001E-02  1.250000000000000E-01  2.625754300332648E+08
  1.750000000000000E-01  7.500000000000001E-02  1.250000000000000E-01  2.625754300332648E+08
  2.250000000000000E-01  7.500000000000001E-02  1.250000000000000E-01  2.625754300332648E+08
  2.750000000000000E-01  7.500000000000001E-02  1.250000000000000E-01  2.625754300332648E+08
  3.250000000000000E-01  7.500000000000001E-02  1.250000000000000E-01  2.625754300332648E+08
  3.750000000000000E-01  7.500000000000001E-02  1.250000000000000E-01  2.625754300332648E+08
  4.250000000000000E-01  7.500000000000001E-02  1.250000000000000E-01  2.625754300332648E+08
  4.750000000000000E-01  7.500000000000001E-02  1.250000000000000E-01  2.625754300332648E+08
  5.249999999999999E-01  7.500000000000001E-02  1.250000000000000E-01  2.625754300332648E+08
  5.750000000000000E-01  7.500000000000001E-02  1.250000000000000E-01  2.625754300332648E+08
  6.250000000000000E-01  7.500000000000001E-02  1.250000000000000E-01  2.625754300332648E+08
  6.750000000000000E-01  7.500000000000001E-02  1.250000000000000E-01  2.625754300332648E+08
  7.250000000000001E-01  7.500000000000001E-02  1.250000000000000E-01  2.625754300332648E+08
  2.500000000000000E-02  1.250000000000000E-01  1.250000000000000E-01  2.625754300332648E+08
  7.500000000000001E-02  1.250000000000000E-01  1.250000000000000E-01  2.625754300332648E+08
  1.250000000000000E-01  1.250000000000000E-01  1.250000000000000E-01  2.625754300332648E+08
  1.750000000000000E-01  1.250000000000000E-01  1.250000000000000E-01  2.625754300332648E+08
  2.250000000000000E-01  1.250000000000000E-01  1.250000000000000E-01  2.625754300332648E+08
  2.750000000000000E-01  1.250000000000000E-01  1.250000000000000E-01  2.625754300332648E+08
  3.250000000000000E-01  1.250000000000000E-01  1.250000000000000E-01  2.625754300332648E+08
  3.750000000000000E-01  1.250000000000000E-01  1.250000000000000E-01  2.625754300332648E+08
  4.250000000000000E-01  1.250000000000000E-01  1.250000000000000E-01  2.625754300332648E+08
  4.750000000000000E-01  1.250000000000000E-01  1.250000000000000E-01  2.625754300332648E+08
  5.249999999999999E-01  1.250000000000000E-01  1.250000000000000E-01  2.625754300332648E+08
  5.750000000000000E-01  1.250000000000000E-01  1.250000000000000E-01  2.625754300332648E+08
  6.250000000000000E-01  1.250000000000000E-01  1.250000000000000E-01  2.625754300332648E+08
  6.750000000000000E-01  1.250000000000000E-01  1.250000000000000E-01  2.625754300332648E+08
  7.250000000000001E-01  1.250000000000000E-01  1.250000000000000E-01  2.625754300332648E+08
  2.500000000000000E-02  1.750000000000000E-01  1.250000000000000E-01  2.625754300332648E+08
  7.500000000000001E-02  1.750000000000000E-01  1.250000000000000E-01  2.625754300332648E+08
  1.250000000000000E-01  1.750000000000000E-01  1.250000000000000E-01  2.625754300332648E+08
  1.750000000000000E-01  1.750000000000000E-01  1.250000000000000E-01  2.625754300332648E+08
  2.250000000000000E-01  1.750000000000000E-01  1.250000000000000E-01  2.625754300332648E+08
  2.750000000000000E-01  1.750000000000000E-01  1.250000000000000E-01  2.625754300332648E+08
  3.250000000000000E-01  1.750000000000000E-01  1.250000000000000E-01  2.625754300332648E+08
  3.750000000000000E-01  1.750000000000000E-01  1.250000000000000E-01  2.625754300332648E+08
  4.250000000000000E-01  1.750000000000000E-01  1.250000000000000E-01  2.625754300332648E+08
  4.750000000000000E-01  1.750000000000000E-01  1.250000000000000E-01  2.625754300332648E+08
  5.249999999999999E-01  1.750000000000000E-01  1.250000000000000E-01  2.625754300332648E+08
  5.750000000000000E-01  1.750000000000000E-01  1.250000000000000E-01  2.625754300332648E+08
  6.250000000000000E-01  1.750000000000000E-01  1.250000000000000E-01  2.625754300332648E+08
  6.750000000000000E-01  1.750000000000000E-01  1.250000000000000E-01  2.625754300332648E+08
  7.250000000000001E-01  1.750000000000000E-01  1.250000000000000E-01  2.625754300332648E+08
  2.500000000000000E-02  2.250000000000000E-01  1.250000000000000E-01  2.625754300332648E+08
  7.500000000000001E-02  2.250000000000000E-01  1.250000000000000E-01  2.625754300332648E+08
  1.250000000000000E-01  2.250000000000000E-01  1.250000000000000E-01  2.625754300332648E+08
  1.750000000000000E-01  2.250000000000000E-01  1.250000000000000E-01  2.625754300332648E+08
  2.250000000000000E-01  2.250000000000000E-01  1.250000000000000E-01  2.625754300332648E+08
  2.750000000000000E-01  2.250000000000000E-01  1.250000000000000E-01  2.625754300332648E+08
  3.250000000000000E-01  2.250000000000000E-01  1.250000000000000E-01  2.625754300332648E+08
  3.750000000000000E-01  2.250000000000000E-01  1.250000000000000E-01  2.625754300332648E+08
  4.250000000000000E-01  2.250000000000000E-01  1.250000000000000E-01  2.625754300332648E+08
  4.750000000000000E-01  2.250000000000000E-01  1.250000000000000E-01  2.625754300332648E+08
  5.249999999999999E-01  2.250000000000000E-01  1.250000000000000E-01  2.625754300332648E+08
  5.750000000000000E-01  2.250000000000000E-01  1.250000000000000E-01  2.625754300332648E+08
  6.250000000000000E-01  2.250000000000000E-01  1.250000000000000E-01  2.625754300332648E+08
  6.750000000000000E-01  2.250000000000000E-01  1.250000000000000E-01  2.625754300332648E+08
  2.500000000000000E-02  2.750000000000000E-01  1.250000000000000E-01  2.625754300332648E+08
  7.500000000000001E-02  2.750000000000000E-01  1.250000000000000E-01  2.625754300332648E+08
  1.250000000000000E-01  2.750000000000000E-01  1.250000000000000E-01  2.625754300332648E+08
  1.750000000000000E-01  2.750000000000000E-01  1.250000000000000E-01  2.625754300332648E+08
  2.250000000000000E-01  2.750000000000000E-01  1.250000000000000E-01  2.625754300332648E+08
  2.750000000000000E-01  2.750000000000000E-01  1.250000000000000E-01  2.625754300332648E+08
  3.250000000000000E-01  2.750000000000000E-01  1.250000000000000E-01  2.625754300332648E+08
  3.750000000000000E-01  2.750000000000000E-01  1.250000000000000E-01  2.625754300332648E+08
  4.250000000000000E-01  2.750000000000000E-01  1.250000000000000E-01  2.625754300332648E+08
  4.750000000000000E-01  2.750000000000000E-01  1.250000000000000E-01  2.625754300332648E+08
  5.249999999999999E-01  2.750000000000000E-01  1.250000000000000E-01  2.625754300332648E+08
  5.750000000000000E-01  2.750000000000000E-01  1.250000000000000E-01  2.625754300332648E+08
  6.250000000000000E-01  2.750000000000000E-01  1.250000000000000E-01  2.625754300332648E+08
  2.500000000000000E-02  3.250000000000000E-01  1.250000000000000E-01  2.625754300332648E+08
  7.500000000000001E-02  3.250000000000000E-01  1.250000000000000E-01  2.625754300332648E+08
  1.250000000000000E-01  3.250000000000000E-01  1.250000000000000E-01  2.625754300332648E+08
  1.750000000000000E-01  3.250000000000000E-01  1.250000000000000E-01  2.625754300332648E+08
  2.250000000000000E-01  3.250000000000000E-01  1.250000000000000E-01  2.625754300332648E+08
  2.750000000000000E-01  3.250000000000000E-01  1.250000000000000E-01  2.625754300332648E+08
  3.250000000000000E-01  3.250000000000000E-01  1.250000000000000E-01  2.625754300332648E+08
  3.750000000000000E-01  3.250000000000000E-01  1.250000000000000E-01  2.625754300332648E+08
  4.250000000000000E-01  3.250000000000000E-01  1.250000000000000E-01  2.625754300332648E+08
  4.750000000000000E-01  3.250000000000000E-01  1.250000000000000E-01  2.625754300332648E+08
  5.249999999999999E-01  3.250000000000000E-01  1.250000000000000E-01  2.625754300332648E+08
  5.750000000000000E-01  3.250000000000000E-01  1.250000000000000E-01  2.625754300332648E+08
  6.250000000000000E-01  3.250000000000000E-01  1.250000000000000E-01  2.625754300332648E+08
  2.500000000000000E-02  3.750000000000000E-01  1.250000000000000E-01  2.625754300332648E+08
  7.500000000000001E-02  3.750000000000000E-01  1.250000000000000E-01  2.625754300332648E+08
  1.250000000000000E-01  3.750000000000000E-01  1.250000000000000E-01  2.625754300332648E+08
  1.750000000000000E-01  3.750000000000000E-01  1.250000000000000E-01  2.625754300332648E+08
  2.250000000000000E-01  3.750000000000000E-01  1.250000000000000E-01  2.625754300332648E+08
  2.750000000000000E-01  3.750000000000000E-01  1.250000000000000E-01  2.625754300332648E+08
  3.250000000000000E-01  3.750000000000000E-01  1.250000000000000E-01  2.625754300332648E+08
  3.750000000000000E-01  3.750000000000000E-01  1.250000000000000E-01  2.625754300332648E+08
  4.250000000000000E-01  3.750000000000000E-01  1.250000000000000E-01  2.625754300332648E+08
  4.750000000000000E-01  3.750000000000000E-01  1.250000000000000E-01  2.625754300332648E+08
  5.249999999999999E-01  3.750000000000000E-01  1.250000000000000E-01  2.625754300332648E+08
  5.750000000000000E-01  3.750000000000000E-01  1.250000000000000E-01  2.625754300332648E+08
  2.500000000000000E-02  4.250000000000000E-01  1.250000000000000E-01  2.625754300332648E+08
  7.500000000000001E-02  4.250000000000000E-01  1.250000000000000E-01  2.625754300332648E+08
  1.250000000000000E-01  4.250000000000000E-01  1.250000000000000E-01  2.625754300332648E+08
  1.750000000000000E-01  4.250000000000000E-01  1.250000000000000E-01  2.625754300332648E+08
  2.250000000000000E-01  4.250000000000000E-01  1.250000000000000E-01  2.625754300332648E+08
  2.750000000000000E-01  4.250000000000000E-01  1.250000000000000E-01  2.625754300332648E+08
  3.250000000000000E-01  4.250000000000000E-01  1.250000000000000E-01  2.625754300332648E+08
  3.750000000000000E-01  4.250000000000000E-01  1.250000000000000E-01  2.625754300332648E+08
  4.250000000000000E-01  4.250000000000000E-01  1.250000000000000E-01  2.625754300332648E+08
  4.750000000000000E-01  4.250000000000000E-01  1.250000000000000E-01  2.625754300332648E+08
  2.500000000000000E-02  2.500000000000000E-02  1.750000000000000E-01  2.625754300332648E+08
  7.500000000000001E-02  2.500000000000000E-02  1.750000000000000E-01  2.625754300332648E+08
  1.250000000000000E-01  2.500000000000000E-02  1.750000000000000E-01  2.625754300332648E+08
  1.750000000000000E-01  2.500000000000000E-02  1.750000000000000E-01  2.625754300332648E+08
  2.250000000000000E-01  2.500000000000000E-02  1.750000000000000E-01  2.625754300332648E+08
  2.750000000000000E-01  2.500000000000000E-02  1.750000000000000E-01  2.625754300332648E+08
  3.250000000000000E-01  2.500000000000000E-02  1.750000000000000E-01  2.625754300332648E+08
  3.750000000000000E-01  2.500000000000000E-02  1.750000000000000E-01  2.625754300332648E+08
  4.250000000000000E-01  2.500000000000000E-02  1.750000000000000E-01  2.625754300332648E+08
  4.750000000000000E-01  2.500000000000000E-02  1.750000000000000E-01  2.625754300332648E+08
  5.249999999999999E-01  2.500000000000000E-02  1.750000000000000E-01  2.625754300332648E+08
  5.750000000000000E-01  2.500000000000000E-02  1.750000000000000E-01  2.625754300332648E+08
  6.250000000000000E-01  2.500000000000000E-02  1.750000000000000E-01  2.625754300332648E+08
  6.750000000000000E-01  2.500000000000000E-02  1.750000000000000E-01  2.625754300332648E+08
  7.250000000000001E-01  2.500000000000000E-02  1.750000000000000E-01  2.625754300332648E+08
  2.500000000000000E-02  7.500000000000001E-02  1.750000000000000E-01  2.625754300332648E+08
  7.500000000000001E-02  7.500000000000001E-02  1.750000000000000E-01  2.625754300332648E+08
  1.250000000000000E-01  7.500000000000001E-02  1.750000000000000E-01  2.625754300332648E+08
  1.750000000000000E-01  7.500000000000001E-02  1.750000000000000E-01  2.625754300332648E+08
  2.250000000000000E-01  7.500000000000001E-02  1.750000000000000E-01  2.625754300332648E+08
  2.750000000000000E-01  7.500000000000001E-02  1.750000000000000E-01  2.625754300332648E+08
  3.250000000000000E-01  7.500000000000001E-02  1.750000000000000E-01  2.625754300332648E+08
  3.750000000000000E-01  7.500000000000001E-02  1.750000000000000E-01  2.625754300332648E+08
  4.250000000000000E-01  7.500000000000001E-02  1.750000000000000E-01  2.625754300332648E+08
  4.750000000000000E-01  7.500000000000001E-02  1.750000000000000E-01  2.625754300332648E+08
  5.249999999999999E-01  7.500000000000001E-02  1.750000000000000E-01  2.625754300332648E+08
  5.750000000000000E-01  7.500000000000001E-02  1.750000000000000E-01  2.625754300332648E+08
  6.250000000000000E-01  7.500000000000001E-02  1.750000000000000E-01  2.625754300332648E+08
  6.750000000000000E-01  7.500000000000001E-02  1.750000000000000E-01  2.625754300332648E+08
  7.250000000000001E-01  7.500000000000001E-02  1.750000000000000E-01  2.625754300332648E+08
  2.500000000000000E-02  1.250000000000000E-01  1.750000000000000E-01  2.625754300332648E+08
  7.500000000000001E-02  1.250000000000000E-01  1.750000000000000E-01  2.625754300332648E+08
  1.250000000000000E-01  1.250000000000000E-01  1.750000000000000E-01  2.625754300332648E+08
  1.750000000000000E-01  1.250000000000000E-01  1.750000000000000E-01  2.625754300332648E+08
  2.250000000000000E-01  1.250000000000000E-01  1.750000000000000E-01  2.625754300332648E+08
  2.750000000000000E-01  1.250000000000000E-01  1.750000000000000E-01  2.625754300332648E+08
  3.250000000000000E-01  1.250000000000000E-01  1.750000000000000E-01  2.625754300332648E+08
  3.750000000000000E-01  1.250000000000000E-01  1.750000000000000E-01  2.625754300332648E+08
  4.250000000000000E-01  1.250000000000000E-01  1.750000000000000E-01  2.625754300332648E+08
  4.750000000000000E-01  1.250000000000000E-01  1.750000000000000E-01  2.625754300332648E+08
  5.249999999999999E-01  1.250000000000000E-01  1.750000000000000E-01  2.625754300332648E+08
  5.750000000000000E-01  1.250000000000000E-01  1.750000000000000E-01  2.625754300332648E+08
  6.250000000000000E-01  1.250000000000000E-01  1.750000000000000E-01  2.625754300332648E+08
  6.750000000000000E-01  1.250000000000000E-01  1.750000000000000E-01  2.625754300332648E+08
  7.250000000000001E-01  1.250000000000000E-01  1.750000000000000E-01  2.625754300332648E+08
  2.500000000000000E-02  1.750000000000000E-01  1.750000000000000E-01  2.625754300332648E+08
  7.500000000000001E-02  1.750000000000000E-01  1.750000000000000E-01  2.625754300332648E+08
  1.250000000000000E-01  1.750000000000000E-01  1.750000000000000E-01  2.625754300332648E+08
  1.750000000000000E-01  1.750000000000000E-01  1.750000000000000E-01  2.625754300332648E+08
  2.250000000000000E-01  1.750000000000000E-01  1.750000000000000E-01  2.625754300332648E+08
  2.750000000000000E-01  1.750000000000000E-01  1.750000000000000E-01  2.625754300332648E+08
  3.250000000000000E-01  1.750000000000000E-01  1.750000000000000E-01  2.625754300332648E+08
  3.750000000000000E-01  1.750000000000000E-01  1.750000000000000E-01  2.625754300332648E+08
  4.250000000000000E-01  1.750000000000000E-01  1.750000000000000E-01  2.625754300332648E+08
  4.750000000000000E-01  1.750000000000000E-01  1.750000000000000E-01  2.625754300332648E+08
  5.249999999999999E-01  1.750000000000000E-01  1.750000000000000E-01  2.625754300332648E+08
  5.750000000000000E-01  1.750000000000000E-01  1.750000000000000E-01  2.625754300332648E+08
  6.250000000000000E-01  1.750000000000000E-01  1.750000000000000E-01  2.625754300332648E+08
  6.750000000000000E-01  1.750000000000000E-01  1.750000000000000E-01  2.625754300332648E+08
  7.250000000000001E-01  1.750000000000000E-01  1.750000000000000E-01  2.625754300332648E+08
  2.500000000000000E-02  2.250000000000000E-01  1.750000000000000E-01  2.625754300332648E+08
  7.500000000000001E-02  2.250000000000000E-01  1.750000000000000E-01  2.625754300332648E+08
  1.250000000000000E-01  2.250000000000000E-01  1.750000000000000E-01  2.625754300332648E+08
  1.750000000000000E-01  2.250000000000000E-01  1.750000000000000E-01  2.625754300332648E+08
  2.250000000000000E-01  2.250000000000000E-01  1.750000000000000E-01  2.625754300332648E+08
  2.750000000000000E-01  2.250000000000000E-01  1.750000000000000E-01  2.625754300332648E+08
  3.250000000000000E-01  2.250000000000000E-01  1.750000000000000E-01  2.625754300332648E+08
  3.750000000000000E-01  2.250000000000000E-01  1.750000000000000E-01  2.625754300332648E+08
  4.250000000000000E-01  2.250000000000000E-01  1.750000000000000E-01  2.625754300332648E+08
  4.750000000000000E-01  2.250000000000000E-01  1.750000000000000E-01  2.625754300332648E+08
  5.249999999999999E-01  2.250000000000000E-01  1.750000000000000E-01  2.625754300332648E+08
  5.750000000000000E-01  2.250000000000000E-01  1.750000000000000E-01  2.625754300332648E+08
  6.250000000000000E-01  2.250000000000000E-01  1.750000000000000E-01  2.625754300332648E+08
  6.750000000000000E-01  2.250000000000000E-01  1.750000000000000E-01  2.625754300332648E+08
  2.500000000000000E-02  2.750000000000000E-01  1.750000000000000E-01  2.625754300332648E+08
  7.500000000000001E-02  2.750000000000000E-01  1.750000000000000E-01  2.625754300332648E+08
  1.250000000000000E-01  2.750000000000000E-01  1.750000000000000E-01  2.625754300332648E+08
  1.750000000000000E-01  2.750000000000000E-01  1.750000000000000E-01  2.625754300332648E+08
  2.250000000000000E-01  2.750000000000000E-01  1.750000000000000E-01  2.625754300332648E+08
  2.750000000000000E-01  2.750000000000000E-01  1.750000000000000E-01  2.625754300332648E+08
  3.250000000000000E-01  2.750000000000000E-01  1.750000000000000E-01  2.625754300332648E+08
  3.750000000000000E-01  2.750000000000000E-01  1.750000000000000E-01  2.625754300332648E+08
  4.250000000000000E-01  2.750000000000000E-01  1.750000000000000E-01  2.625754300332648E+08
  4.750000000000000E-01  2.750000000000000E-01  1.750000000000000E-01  2.625754300332648E+08
  5.249999999999999E-01  2.750000000000000E-01  1.750000000000000E-01  2.625754300332648E+08
  5.750000000000000E-01  2.750000000000000E-01  1.750000000000000E-01  2.625754300332648E+08
  6.250000000000000E-01  2.750000000000000E-01  1.750000000000000E-01  2.625754300332648E+08
  6.750000000000000E-01  2.750000000000000E-01  1.750000000000000E-01  2.625754300332648E+08
  2.500000000000000E-02  3.250000000000000E-01  1.750000000000000E-01  2.625754300332648E+08
  7.500000000000001E-02  3.250000000000000E-01  1.750000000000000E-01  2.625754300332648E+08
  1.250000000000000E-01  3.250000000000000E-01  1.750000000000000E-01  2.625754300332648E+08
  1.750000000000000E-01  3.250000000000000E-01  1.750000000000000E-01  2.625754300332648E+08
  2.250000000000000E-01  3.250000000000000E-01  1.750000000000000E-01  2.625754300332648E+08
  2.750000000000000E-01  3.250000000000000E-01  1.750000000000000E-01  2.625754300332648E+08
  3.250000000000000E-01  3.250000000000000E-01  1.750000000000000E-01  2.625754300332648E+08
  3.750000000000000E-01  3.250000000000000E-01  1.750000000000000E-01  2.625754300332648E+08
  4.250000000000000E-01  3.250000000000000E-01  1.750000000000000E-01  2.625754300332648E+08
  4.750000000000000E-01  3.250000000000000E-01  1.750000000000000E-01  2.625754300332648E+08
  5.249999999999999E-01  3.250000000000000E-01  1.750000000000000E-01  2.625754300332648E+08
  5.750000000000000E-01  3.250000000000000E-01  1.750000000000000E-01  2.625754300332648E+08
  6.250000000000000E-01  3.250000000000000E-01  1.750000000000000E-01  2.625754300332648E+08
  2.500000000000000E-02  3.750000000000000E-01  1.750000000000000E-01  2.625754300332648E+08
  7.500000000000001E-02  3.750000000000000E-01  1.750000000000000E-01  2.625754300332648E+08
  1.250000000000000E-01  3.750000000000000E-01  1.750000000000000E-01  2.625754300332648E+08
  1.750000000000000E-01  3.750000000000000E-01  1.750000000000000E-01  2.625754300332648E+08
  2.250000000000000E-01  3.750000000000000E-01  1.750000000000000E-01  2.625754300332648E+08
  2.750000000000000E-01  3.750000000000000E-01  1.750000000000000E-01  2.625754300332648E+08
  3.250000000000000E-01  3.750000000000000E-01  1.750000000000000E-01  2.625754300332648E+08
  3.750000000000000E-01  3.750000000000000E-01  1.750000000000000E-01  2.625754300332648E+08
  4.250000000000000E-01  3.750000000000000E-01  1.750000000000000E-01  2.625754300332648E+08
  4.750000000000000E-01  3.750000000000000E-01  1.750000000000000E-01  2.625754300332648E+08
  5.249999999999999E-01  3.750000000000000E-01  1.750000000000000E-01  2.625754300332648E+08
  5.750000000000000E-01  3.750000000000000E-01  1.750000000000000E-01  2.625754300332648E+08
  7.500000000000001E-02  4.250000000000000E-01  1.750000000000000E-01  2.625754300332648E+08
  1.250000000000000E-01  4.250000000000000E-01  1.750000000000000E-01  2.625754300332648E+08
  1.750000000000000E-01  4.250000000000000E-01  1.750000000000000E-01  2.625754300332648E+08
  2.250000000000000E-01  4.250000000000000E-01  1.750000000000000E-01  2.625754300332648E+08
  2.750000000000000E-01  4.250000000000000E-01  1.750000000000000E-01  2.625754300332648E+08
  3.250000000000000E-01  4.250000000000000E-01  1.750000000000000E-01  2.625754300332648E+08
  3.750000000000000E-01  4.250000000000000E-01  1.750000000000000E-01  2.625754300332648E+08
  4.250000000000000E-01  4.250000000000000E-01  1.750000000000000E-01  2.625754300332648E+08
  4.750000000000000E-01  4.250000000000000E-01  1.750000000000000E-01  2.625754300332648E+08
  5.249999999999999E-01  4.250000000000000E-01  1.750000000000000E-01  2.625754300332648E+08
  2.750000000000000E-01  4.750000000000000E-01  1.750000000000000E-01  2.625754300332648E+08
  3.250000000000000E-01  4.750000000000000E-01  1.750000000000000E-01  2.625754300332648E+08
  3.750000000000000E-01  4.750000000000000E-01  1.750000000000000E-01  2.625754300332648E+08
  2.500000000000000E-02  2.500000000000000E-02  2.250000000000000E-01  2.625754300332648E+08
  7.500000000000001E-02  2.500000000000000E-02  2.250000000000000E-01  2.625754300332648E+08
  1.250000000000000E-01  2.500000000000000E-02  2.250000000000000E-01  2.625754300332648E+08
  1.750000000000000E-01  2.500000000000000E-02  2.250000000000000E-01  2.625754300332648E+08
  2.250000000000000E-01  2.500000000000000E-02  2.250000000000000E-01  2.625754300332648E+08
  2.750000000000000E-01  2.500000000000000E-02  2.250000000000000E-01  2.625754300332648E+08
  3.250000000000000E-01  2.500000000000000E-02  2.250000000000000E-01  2.625754300332648E+08
  3.750000000000000E-01  2.500000000000000E-02  2.250000000000000E-01  2.625754300332648E+08
  4.250000000000000E-01  2.500000000000000E-02  2.250000000000000E-01  2.625754300332648E+08
  4.750000000000000E-01  2.500000000000000E-02  2.250000000000000E-01  2.625754300332648E+08
  5.249999999999999E-01  2.500000000000000E-02  2.250000000000000E-01  2.625754300332648E+08
  5.750000000000000E-01  2.500000000000000E-02  2.250000000000000E-01  2.625754300332648E+08
  6.250000000000000E-01  2.500000000000000E-02  2.250000000000000E-01  2.625754300332648E+08
  6.750000000000000E-01  2.500000000000000E-02  2.250000000000000E-01  2.625754300332648E+08
  7.250000000000001E-01  2.500000000000000E-02  2.250000000000000E-01  2.625754300332648E+08
  2.500000000000000E-02  7.500000000000001E-02  2.250000000000000E-01  2.625754300332648E+08
  7.500000000000001E-02  7.500000000000001E-02  2.250000000000000E-01  2.625754300332648E+08
  1.250000000000000E-01  7.500000000000001E-02  2.250000000000000E-01  2.625754300332648E+08
  1.750000000000000E-01  7.500000000000001E-02  2.250000000000000E-01  2.625754300332648E+08
  2.250000000000000E-01  7.500000000000001E-02  2.250000000000000E-01  2.625754300332648E+08
  2.750000000000000E-01  7.500000000000001E-02  2.250000000000000E-01  2.625754300332648E+08
  3.250000000000000E-01  7.500000000000001E-02  2.250000000000000E-01  2.625754300332648E+08
  3.750000000000000E-01  7.500000000000001E-02  2.250000000000000E-01  2.625754300332648E+08
  4.250000000000000E-01  7.500000000000001E-02  2.250000000000000E-01  2.625754300332648E+08
  4.750000000000000E-01  7.500000000000001E-02  2.250000000000000E-01  2.625754300332648E+08
  5.249999999999999E-01  7.500000000000001E-02  2.250000000000000E-01  2.625754300332648E+08
  5.750000000000000E-01  7.500000000000001E-02  2.250000000000000E-01  2.625754300332648E+08
  6.250000000000000E-01  7.500000000000001E-02  2.250000000000000E-01  2.625754300332648E+08
  6.750000000000000E-01  7.500000000000001E-02  2.250000000000000E-01  2.625754300332648E+08
  7.250000000000001E-01  7.500000000000001E-02  2.250000000000000E-01  2.625754300332648E+08
  2.500000000000000E-02  1.250000000000000E-01  2.250000000000000E-01  2.625754300332648E+08
  7.500000000000001E-02  1.250000000000000E-01  2.250000000000000E-01  2.625754300332648E+08
  1.250000000000000E-01  1.250000000000000E-01  2.250000000000000E-01  2.625754300332648E+08
  1.750000000000000E-01  1.250000000000000E-01  2.250000000000000E-01  2.625754300332648E+08
  2.250000000000000E-01  1.250000000000000E-01  2.250000000000000E-01  2.625754300332648E+08
  2.750000000000000E-01  1.250000000000000E-01  2.250000000000000E-01  2.625754300332648E+08
  3.250000000000000E-01  1.250000000000000E-01  2.250000000000000E-01  2.625754300332648E+08
  3.750000000000000E-01  1.250000000000000E-01  2.250000000000000E-01  2.625754300332648E+08
  4.250000000000000E-01  1.250000000000000E-01  2.250000000000000E-01  2.625754300332648E+08
  4.750000000000000E-01  1.250000000000000E-01  2.250000000000000E-01  2.625754300332648E+08
  5.249999999999999E-01  1.250000000000000E-01  2.250000000000000E-01  2.625754300332648E+08
  5.750000000000000E-01  1.250000000000000E-01  2.250000000000000E-01  2.625754300332648E+08
  6.250000000000000E-01  1.250000000000000E-01  2.250000000000000E-01  2.625754300332648E+08
  6.750000000000000E-01  1.250000000000000E-01  2.250000000000000E-01  2.625754300332648E+08
  7.250000000000001E-01  1.250000000000000E-01  2.250000000000000E-01  2.625754300332648E+08
  2.500000000000000E-02  1.750000000000000E-01  2.250000000000000E-01  2.625754300332648E+08
  7.500000000000001E-02  1.750000000000000E-01  2.250000000000000E-01  2.625754300332648E+08
  1.250000000000000E-01  1.750000000000000E-01  2.250000000000000E-01  2.625754300332648E+08
  1.750000000000000E-01  1.750000000000000E-01  2.250000000000000E-01  2.625754300332648E+08
  2.250000000000000E-01  1.750000000000000E-01  2.250000000000000E-01  2.625754300332648E+08
  2.750000000000000E-01  1.750000000000000E-01  2.250000000000000E-01  2.625754300332648E+08
  3.250000000000000E-01  1.750000000000000E-01  2.250000000000000E-01  2.625754300332648E+08
  3.750000000000000E-01  1.750000000000000E-01  2.250000000000000E-01  2.625754300332648E+08
  4.250000000000000E-01  1.750000000000000E-01  2.250000000000000E-01  2.625754300332648E+08
  4.750000000000000E-01  1.750000000000000E-01  2.250000000000000E-01  2.625754300332648E+08
  5.249999999999999E-01  1.750000000000000E-01  2.250000000000000E-01  2.625754300332648E+08
  5.750000000000000E-01  1.750000000000000E-01  2.250000000000000E-01  2.625754300332648E+08
  6.250000000000000E-01  1.750000000000000E-01  2.250000000000000E-01  2.625754300332648E+08
  6.750000000000000E-01  1.750000000000000E-01  2.250000000000000E-01  2.625754300332648E+08
  7.250000000000001E-01  1.750000000000000E-01  2.250000000000000E-01  2.625754300332648E+08
  2.500000000000000E-02  2.250000000000000E-01  2.250000000000000E-01  2.625754300332648E+08
  7.500000000000001E-02  2.250000000000000E-01  2.250000000000000E-01  2.625754300332648E+08
  1.250000000000000E-01  2.250000000000000E-01  2.250000000000000E-01  2.625754300332648E+08
  1.750000000000000E-01  2.250000000000000E-01  2.250000000000000E-01  2.625754300332648E+08
  2.250000000000000E-01  2.250000000000000E-01  2.250000000000000E-01  2.625754300332648E+08
  2.750000000000000E-01  2.250000000000000E-01  2.250000000000000E-01  2.625754300332648E+08
  3.250000000000000E-01  2.250000000000000E-01  2.250000000000000E-01  2.625754300332648E+08
  3.750000000000000E-01  2.250000000000000E-01  2.250000000000000E-01  2.625754300332648E+08
  4.250000000000000E-01  2.250000000000000E-01  2.250000000000000E-01  2.625754300332648E+08
  4.750000000000000E-01  2.250000000000000E-01  2.250000000000000E-01  2.625754300332648E+08
  5.249999999999999E-01  2.250000000000000E-01  2.250000000000000E-01  2.625754300332648E+08
  5.750000000000000E-01  2.250000000000000E-01  2.250000000000000E-01  2.625754300332648E+08
  6.250000000000000E-01  2.250000000000000E-01  2.250000000000000E-01  2.625754300332648E+08
  6.750000000000000E-01  2.250000000000000E-01  2.250000000000000E-01  2.625754300332648E+08
  2.500000000000000E-02  2.750000000000000E-01  2.250000000000000E-01  2.625754300332648E+08
  7.500000000000001E-02  2.750000000000000E-01  2.250000000000000E-01  2.625754300332648E+08
  1.250000000000000E-01  2.750000000000000E-01  2.250000000000000E-01  2.625754300332648E+08
  1.750000000000000E-01  2.750000000000000E-01  2.250000000000000E-01  2.625754300332648E+08
  2.250000000000000E-01  2.750000000000000E-01  2.250000000000000E-01  2.625754300332648E+08
  2.750000000000000E-01  2.750000000000000E-01  2.250000000000000E-01  2.625754300332648E+08
  3.250000000000000E-01  2.750000000000000E-01  2.250000000000000E-01  2.625754300332648E+08
  3.750000000000000E-01  2.750000000000000E-01  2.250000000000000E-01  2.625754300332648E+08
  4.250000000000000E-01  2.750000000000000E-01  2.250000000000000E-01  2.625754300332648E+08
  4.750000000000000E-01  2.750000000000000E-01  2.250000000000000E-01  2.625754300332648E+08
  5.249999999999999E-01  2.750000000000000E-01  2.250000000000000E-01  2.625754300332648E+08
  5.750000000000000E-01  2.750000000000000E-01  2.250000000000000E-01  2.625754300332648E+08
  6.250000000000000E-01  2.750000000000000E-01  2.250000000000000E-01  2.625754300332648E+08
  2.500000000000000E-02  3.250000000000000E-01  2.250000000000000E-01  2.625754300332648E+08
  7.500000000000001E-02  3.250000000000000E-01  2.250000000000000E-01  2.625754300332648E+08
  1.250000000000000E-01  3.250000000000000E-01  2.250000000000000E-01  2.625754300332648E+08
  1.750000000000000E-01  3.250000000000000E-01  2.250000000000000E-01  2.625754300332648E+08
  2.250000000000000E-01  3.250000000000000E-01  2.250000000000000E-01  2.625754300332648E+08
  2.750000000000000E-01  3.250000000000000E-01  2.250000000000000E-01  2.625754300332648E+08
  3.250000000000000E-01  3.250000000000000E-01  2.250000000000000E-01  2.625754300332648E+08
  3.750000000000000E-01  3.250000000000000E-01  2.250000000000000E-01  2.625754300332648E+08
  4.250000000000000E-01  3.250000000000000E-01  2.250000000000000E-01  2.625754300332648E+08
  4.750000000000000E-01  3.250000000000000E-01  2.250000000000000E-01  2.625754300332648E+08
  5.249999999999999E-01  3.250000000000000E-01  2.250000000000000E-01  2.625754300332648E+08
  5.750000000000000E-01  3.250000000000000E-01  2.250000000000000E-01  2.625754300332648E+08
  2.500000000000000E-02  3.750000000000000E-01  2.250000000000000E-01  2.625754300332648E+08
  7.500000000000001E-02  3.750000000000000E-01  2.250000000000000E-01  2.625754300332648E+08
  1.250000000000000E-01  3.750000000000000E-01  2.250000000000000E-01  2.625754300332648E+08
  1.750000000000000E-01  3.750000000000000E-01  2.250000000000000E-01  2.625754300332648E+08
  2.250000000000000E-01  3.750000000000000E-01  2.250000000000000E-01  2.625754300332648E+08
  2.750000000000000E-01  3.750000000000000E-01  2.250000000000000E-01  2.625754300332648E+08
  3.250000000000000E-01  3.750000000000000E-01  2.250000000000000E-01  2.625754300332648E+08
  3.750000000000000E-01  3.750000000000000E-01  2.250000000000000E-01  2.625754300332648E+08
  4.250000000000000E-01  3.750000000000000E-01  2.250000000000000E-01  2.625754300332648E+08
  4.750000000000000E-01  3.750000000000000E-01  2.250000000000000E-01  2.625754300332648E+08
  5.249999999999999E-01  3.750000000000000E-01  2.250000000000000E-01  2.625754300332648E+08
  5.750000000000000E-01  3.750000000000000E-01  2.250000000000000E-01  2.625754300332648E+08
  1.250000000000000E-01  4.250000000000000E-01  2.250000000000000E-01  2.625754300332648E+08
  1.750000000000000E-01  4.250000000000000E-01  2.250000000000000E-01  2.625754300332648E+08
  2.250000000000000E-01  4.250000000000000E-01  2.250000000000000E-01  2.625754300332648E+08
  2.750000000000000E-01  4.250000000000000E-01  2.250000000000000E-01  2.625754300332648E+08
  3.250000000000000E-01  4.250000000000000E-01  2.250000000000000E-01  2.625754300332648E+08
  3.750000000000000E-01  4.250000000000000E-01  2.250000000000000E-01  2.625754300332648E+08
  4.250000000000000E-01  4.250000000000000E-01  2.250000000000000E-01  2.625754300332648E+08
  4.750000000000000E-01  4.250000000000000E-01  2.250000000000000E-01  2.625754300332648E+08
  3.250000000000000E-01  4.750000000000000E-01  2.250000000000000E-01  2.625754300332648E+08
  2.500000000000000E-02  2.500000000000000E-02  2.750000000000000E-01  2.625754300332648E+08
  7.500000000000001E-02  2.500000000000000E-02  2.750000000000000E-01  2.625754300332648E+08
  1.250000000000000E-01  2.500000000000000E-02  2.750000000000000E-01  2.625754300332648E+08
  1.750000000000000E-01  2.500000000000000E-02  2.750000000000000E-01  2.625754300332648E+08
  2.250000000000000E-01  2.500000000000000E-02  2.750000000000000E-01  2.625754300332648E+08
  2.750000000000000E-01  2.500000000000000E-02  2.750000000000000E-01  2.625754300332648E+08
  3.250000000000000E-01  2.500000000000000E-02  2.750000000000000E-01  2.625754300332648E+08
  3.750000000000000E-01  2.500000000000000E-02  2.750000000000000E-01  2.625754300332648E+08
  4.250000000000000E-01  2.500000000000000E-02  2.750000000000000E-01  2.625754300332648E+08
  4.750000000000000E-01  2.500000000000000E-02  2.750000000000000E-01  2.625754300332648E+08
  5.249999999999999E-01  2.500000000000000E-02  2.750000000000000E-01  2.625754300332648E+08
  5.750000000000000E-01  2.500000000000000E-02  2.750000000000000E-01  2.625754300332648E+08
  6.250000000000000E-01  2.500000000000000E-02  2.750000000000000E-01  2.625754300332648E+08
  6.750000000000000E-01  2.500000000000000E-02  2.750000000000000E-01  2.625754300332648E+08
  7.250000000000001E-01  2.500000000000000E-02  2.750000000000000E-01  2.625754300332648E+08
  2.500000000000000E-02  7.500000000000001E-02  2.750000000000000E-01  2.625754300332648E+08
  7.500000000000001E-02  7.500000000000001E-02  2.750000000000000E-01  2.625754300332648E+08
  1.250000000000000E-01  7.500000000000001E-02  2.750000000000000E-01  2.625754300332648E+08
  1.750000000000000E-01  7.500000000000001E-02  2.750000000000000E-01  2.625754300332648E+08
  2.250000000000000E-01  7.500000000000001E-02  2.750000000000000E-01  2.625754300332648E+08
  2.750000000000000E-01  7.500000000000001E-02  2.750000000000000E-01  2.625754300332648E+08
  3.250000000000000E-01  7.500000000000001E-02  2.750000000000000E-01  2.625754300332648E+08
  3.750000000000000E-01  7.500000000000001E-02  2.750000000000000E-01  2.625754300332648E+08
  4.250000000000000E-01  7.500000000000001E-02  2.750000000000000E-01  2.625754300332648E+08
  4.750000000000000E-01  7.500000000000001E-02  2.750000000000000E-01  2.625754300332648E+08
  5.249999999999999E-01  7.500000000000001E-02  2.750000000000000E-01  2.625754300332648E+08
  5.750000000000000E-01  7.500000000000001E-02  2.750000000000000E-01  2.625754300332648E+08
  6.250000000000000E-01  7.500000000000001E-02  2.750000000000000E-01  2.625754300332648E+08
  6.750000000000000E-01  7.500000000000001E-02  2.750000000000000E-01  2.625754300332648E+08
  7.250000000000001E-01  7.500000000000001E-02  2.750000000000000E-01  2.625754300332648E+08
  2.500000000000000E-02  1.250000000000000E-01  2.750000000000000E-01  2.625754300332648E+08
  7.500000000000001E-02  1.250000000000000E-01  2.750000000000000E-01  2.625754300332648E+08
  1.250000000000000E-01  1.250000000000000E-01  2.750000000000000E-01  2.625754300332648E+08
  1.750000000000000E-01  1.250000000000000E-01  2.750000000000000E-01  2.625754300332648E+08
  2.250000000000000E-01  1.250000000000000E-01  2.750000000000000E-01  2.625754300332648E+08
  2.750000000000000E-01  1.250000000000000E-01  2.750000000000000E-01  2.625754300332648E+08
  3.250000000000000E-01  1.250000000000000E-01  2.750000000000000E-01  2.625754300332648E+08
  3.750000000000000E-01  1.250000000000000E-01  2.750000000000000E-01  2.625754300332648E+08
  4.250000000000000E-01  1.250000000000000E-01  2.750000000000000E-01  2.625754300332648E+08
  4.750000000000000E-01  1.250000000000000E-01  2.750000000000000E-01  2.625754300332648E+08
  5.249999999999999E-01  1.250000000000000E-01  2.750000000000000E-01  2.625754300332648E+08
  5.750000000000000E-01  1.250000000000000E-01  2.750000000000000E-01  2.625754300332648E+08
  6.250000000000000E-01  1.250000000000000E-01  2.750000000000000E-01  2.625754300332648E+08
  6.750000000000000E-01  1.250000000000000E-01  2.750000000000000E-01  2.625754300332648E+08
  2.500000000000000E-02  1.750000000000000E-01  2.750000000000000E-01  2.625754300332648E+08
  7.500000000000001E-02  1.750000000000000E-01  2.750000000000000E-01  2.625754300332648E+08
  1.250000000000000E-01  1.750000000000000E-01  2.750000000000000E-01  2.625754300332648E+08
  1.750000000000000E-01  1.750000000000000E-01  2.750000000000000E-01  2.625754300332648E+08
  2.250000000000000E-01  1.750000000000000E-01  2.750000000000000E-01  2.625754300332648E+08
  2.750000000000000E-01  1.750000000000000E-01  2.750000000000000E-01  2.625754300332648E+08
  3.250000000000000E-01  1.750000000000000E-01  2.750000000000000E-01  2.625754300332648E+08
  3.750000000000000E-01  1.750000000000000E-01  2.750000000000000E-01  2.625754300332648E+08
  4.250000000000000E-01  1.750000000000000E-01  2.750000000000000E-01  2.625754300332648E+08
  4.750000000000000E-01  1.750000000000000E-01  2.750000000000000E-01  2.625754300332648E+08
  5.249999999999999E-01  1.750000000000000E-01  2.750000000000000E-01  2.625754300332648E+08
  5.750000000000000E-01  1.750000000000000E-01  2.750000000000000E-01  2.625754300332648E+08
  6.250000000000000E-01  1.750000000000000E-01  2.750000000000000E-01  2.625754300332648E+08
  6.750000000000000E-01  1.750000000000000E-01  2.750000000000000E-01  2.625754300332648E+08
  7.500000000000001E-02  2.250000000000000E-01  2.750000000000000E-01  2.625754300332648E+08
  1.250000000000000E-01  2.250000000000000E-01  2.750000000000000E-01  2.625754300332648E+08
  1.750000000000000E-01  2.250000000000000E-01  2.750000000000000E-01  2.625754300332648E+08
  2.250000000000000E-01  2.250000000000000E-01  2.750000000000000E-01  2.625754300332648E+08
  2.750000000000000E-01  2.250000000000000E-01  2.750000000000000E-01  2.625754300332648E+08
  3.250000000000000E-01  2.250000000000000E-01  2.750000000000000E-01  2.625754300332648E+08
  3.750000000000000E-01  2.250000000000000E-01  2.750000000000000E-01  2.625754300332648E+08
  4.250000000000000E-01  2.250000000000000E-01  2.750000000000000E-01  2.625754300332648E+08
  4.750000000000000E-01  2.250000000000000E-01  2.750000000000000E-01  2.625754300332648E+08
  5.249999999999999E-01  2.250000000000000E-01  2.750000000000000E-01  2.625754300332648E+08
  5.750000000000000E-01  2.250000000000000E-01  2.750000000000000E-01  2.625754300332648E+08
  6.250000000000000E-01  2.250000000000000E-01  2.750000000000000E-01  2.625754300332648E+08
  7.500000000000001E-02  2.750000000000000E-01  2.750000000000000E-01  2.625754300332648E+08
  1.250000000000000E-01  2.750000000000000E-01  2.750000000000000E-01  2.625754300332648E+08
  1.750000000000000E-01  2.750000000000000E-01  2.750000000000000E-01  2.625754300332648E+08
  2.250000000000000E-01  2.750000000000000E-01  2.750000000000000E-01  2.625754300332648E+08
  2.750000000000000E-01  2.750000000000000E-01  2.750000000000000E-01  2.625754300332648E+08
  3.250000000000000E-01  2.750000000000000E-01  2.750000000000000E-01  2.625754300332648E+08
  3.750000000000000E-01  2.750000000000000E-01  2.750000000000000E-01  2.625754300332648E+08
  4.250000000000000E-01  2.750000000000000E-01  2.750000000000000E-01  2.625754300332648E+08
  4.750000000000000E-01  2.750000000000000E-01  2.750000000000000E-01  2.625754300332648E+08
  5.249999999999999E-01  2.750000000000000E-01  2.750000000000000E-01  2.625754300332648E+08
  5.750000000000000E-01  2.750000000000000E-01  2.750000000000000E-01  2.625754300332648E+08
  1.250000000000000E-01  3.250000000000000E-01  2.750000000000000E-01  2.625754300332648E+08
  1.750000000000000E-01  3.250000000000000E-01  2.750000000000000E-01  2.625754300332648E+08
  2.250000000000000E-01  3.250000000000000E-01  2.750000000000000E-01  2.625754300332648E+08
  2.750000000000000E-01  3.250000000000000E-01  2.750000000000000E-01  2.625754300332648E+08
  3.250000000000000E-01  3.250000000000000E-01  2.750000000000000E-01  2.625754300332648E+08
  3.750000000000000E-01  3.250000000000000E-01  2.750000000000000E-01  2.625754300332648E+08
  4.250000000000000E-01  3.250000000000000E-01  2.750000000000000E-01  2.625754300332648E+08
  4.750000000000000E-01  3.250000000000000E-01  2.750000000000000E-01  2.625754300332648E+08
  5.249999999999999E-01  3.250000000000000E-01  2.750000000000000E-01  2.625754300332648E+08
  1.750000000000000E-01  3.750000000000000E-01  2.750000000000000E-01  2.625754300332648E+08
  2.250000000000000E-01  3.750000000000000E-01  2.750000000000000E-01  2.625754300332648E+08
  2.750000000000000E-01  3.750000000000000E-01  2.750000000000000E-01  2.625754300332648E+08
  3.250000000000000E-01  3.750000000000000E-01  2.750000000000000E-01  2.625754300332648E+08
  3.750000000000000E-01  3.750000000000000E-01  2.750000000000000E-01  2.625754300332648E+08
  4.250000000000000E-01  3.750000000000000E-01  2.750000000000000E-01  2.625754300332648E+08
  4.750000000000000E-01  3.750000000000000E-01  2.750000000000000E-01  2.625754300332648E+08
  5.249999999999999E-01  3.750000000000000E-01  2.750000000000000E-01  2.625754300332648E+08
  2.250000000000000E-01  4.250000000000000E-01  2.750000000000000E-01  2.625754300332648E+08
  2.750000000000000E-01  4.250000000000000E-01  2.750000000000000E-01  2.625754300332648E+08
  3.250000000000000E-01  4.250000000000000E-01  2.750000000000000E-01  2.625754300332648E+08
  3.750000000000000E-01  4.250000000000000E-01  2.750000000000000E-01  2.625754300332648E+08
  4.250000000000000E-01  4.250000000000000E-01  2.750000000000000E-01  2.625754300332648E+08
  1.250000000000000E-01  2.500000000000000E-02  3.250000000000000E-01  2.625754300332648E+08
  1.750000000000000E-01  2.500000000000000E-02  3.250000000000000E-01  2.625754300332648E+08
  2.250000000000000E-01  2.500000000000000E-02  3.250000000000000E-01  2.625754300332648E+08
  2.750000000000000E-01  2.500000000000000E-02  3.250000000000000E-01  2.625754300332648E+08
  3.250000000000000E-01  2.500000000000000E-02  3.250000000000000E-01  2.625754300332648E+08
  3.750000000000000E-01  2.500000000000000E-02  3.250000000000000E-01  2.625754300332648E+08
  4.250000000000000E-01  2.500000000000000E-02  3.250000000000000E-01  2.625754300332648E+08
  4.750000000000000E-01  2.500000000000000E-02  3.250000000000000E-01  2.625754300332648E+08
  5.249999999999999E-01  2.500000000000000E-02  3.250000000000000E-01  2.625754300332648E+08
  5.750000000000000E-01  2.500000000000000E-02  3.250000000000000E-01  2.625754300332648E+08
  6.250000000000000E-01  2.500000000000000E-02  3.250000000000000E-01  2.625754300332648E+08
  6.750000000000000E-01  2.500000000000000E-02  3.250000000000000E-01  2.625754300332648E+08
  1.250000000000000E-01  7.500000000000001E-02  3.250000000000000E-01  2.625754300332648E+08
  1.750000000000000E-01  7.500000000000001E-02  3.250000000000000E-01  2.625754300332648E+08
  2.250000000000000E-01  7.500000000000001E-02  3.250000000000000E-01  2.625754300332648E+08
  2.750000000000000E-01  7.500000000000001E-02  3.250000000000000E-01  2.625754300332648E+08
  3.250000000000000E-01  7.500000000000001E-02  3.250000000000000E-01  2.625754300332648E+08
  3.750000000000000E-01  7.500000000000001E-02  3.250000000000000E-01  2.625754300332648E+08
  4.250000000000000E-01  7.500000000000001E-02  3.250000000000000E-01  2.625754300332648E+08
  4.750000000000000E-01  7.500000000000001E-02  3.250000000000000E-01  2.625754300332648E+08
  5.249999999999999E-01  7.500000000000001E-02  3.250000000000000E-01  2.625754300332648E+08
  5.750000000000000E-01  7.500000000000001E-02  3.250000000000000E-01  2.625754300332648E+08
  6.250000000000000E-01  7.500000000000001E-02  3.250000000000000E-01  2.625754300332648E+08
  1.750000000000000E-01  1.250000000000000E-01  3.250000000000000E-01  2.625754300332648E+08
  2.250000000000000E-01  1.250000000000000E-01  3.250000000000000E-01  2.625754300332648E+08
  2.750000000000000E-01  1.250000000000000E-01  3.250000000000000E-01  2.625754300332648E+08
  3.250000000000000E-01  1.250000000000000E-01  3.250000000000000E-01  2.625754300332648E+08
  3.750000000000000E-01  1.250000000000000E-01  3.250000000000000E-01  2.625754300332648E+08
  4.250000000000000E-01  1.250000000000000E-01  3.250000000000000E-01  2.625754300332648E+08
  4.750000000000000E-01  1.250000000000000E-01  3.250000000000000E-01  2.625754300332648E+08
  5.249999999999999E-01  1.250000000000000E-01  3.250000000000000E-01  2.625754300332648E+08
  5.750000000000000E-01  1.250000000000000E-01  3.250000000000000E-01  2.625754300332648E+08
  6.250000000000000E-01  1.250000000000000E-01  3.250000000000000E-01  2.625754300332648E+08
  2.250000000000000E-01  1.750000000000000E-01  3.250000000000000E-01  2.625754300332648E+08
  2.750000000000000E-01  1.750000000000000E-01  3.250000000000000E-01  2.625754300332648E+08
  3.250000000000000E-01  1.750000000000000E-01  3.250000000000000E-01  2.625754300332648E+08
  3.750000000000000E-01  1.750000000000000E-01  3.250000000000000E-01  2.625754300332648E+08
  4.250000000000000E-01  1.750000000000000E-01  3.250000000000000E-01  2.625754300332648E+08
  4.750000000000000E-01  1.750000000000000E-01  3.250000000000000E-01  2.625754300332648E+08
  5.249999999999999E-01  1.750000000000000E-01  3.250000000000000E-01  2.625754300332648E+08
  5.750000000000000E-01  1.750000000000000E-01  3.250000000000000E-01  2.625754300332648E+08
  2.750000000000000E-01  2.250000000000000E-01  3.250000000000000E-01  2.625754300332648E+08
  3.250000000000000E-01  2.250000000000000E-01  3.250000000000000E-01  2.625754300332648E+08
  3.750000000000000E-01  2.250000000000000E-01  3.250000000000000E-01  2.625754300332648E+08
  4.250000000000000E-01  2.250000000000000E-01  3.250000000000000E-01  2.625754300332648E+08
  4.750000000000000E-01  2.250000000000000E-01  3.250000000000000E-01  2.625754300332648E+08
  5.249999999999999E-01  2.250000000000000E-01  3.250000000000000E-01  2.625754300332648E+08
  2.750000000000000E-01  2.750000000000000E-01  3.250000000000000E-01  2.625754300332648E+08
  3.250000000000000E-01  2.750000000000000E-01  3.250000000000000E-01  2.625754300332648E+08
  3.750000000000000E-01  2.750000000000000E-01  3.250000000000000E-01  2.625754300332648E+08
  4.250000000000000E-01  2.750000000000000E-01  3.250000000000000E-01  2.625754300332648E+08
  4.750000000000000E-01  2.750000000000000E-01  3.250000000000000E-01  2.625754300332648E+08
  2.750000000000000E-01  3.250000000000000E-01  3.250000000000000E-01  2.625754300332648E+08
  3.250000000000000E-01  3.250000000000000E-01  3.250000000000000E-01  2.625754300332648E+08
  3.750000000000000E-01  3.250000000000000E-01  3.250000000000000E-01  2.625754300332648E+08
  4.250000000000000E-01  3.250000000000000E-01  3.250000000000000E-01  2.625754300332648E+08
  2.250000000000000E-01  2.500000000000000E-02  3.750000000000000E-01  2.625754300332648E+08
  2.750000000000000E-01  2.500000000000000E-02  3.750000000000000E-01  2.625754300332648E+08
  3.250000000000000E-01  2.500000000000000E-02  3.750000000000000E-01  2.625754300332648E+08
  3.750000000000000E-01  2.500000000000000E-02  3.750000000000000E-01  2.625754300332648E+08
  4.250000000000000E-01  2.500000000000000E-02  3.750000000000000E-01  2.625754300332648E+08
  4.750000000000000E-01  2.500000000000000E-02  3.750000000000000E-01  2.625754300332648E+08
  3.250000000000000E-01  7.500000000000001E-02  3.750000000000000E-01  2.625754300332648E+08
  3.750000000000000E-01  7.500000000000001E-02  3.750000000000000E-01  2.625754300332648E+08
  4.250000000000000E-01  7.500000000000001E-02  3.750000000000000E-01  2.625754300332648E+08
 -2.500000000000000E-02  2.500000000000000E-02  2.500000000000000E-02  2.625754300332648E+08
 -7.500000000000001E-02  2.500000000000000E-02  2.500000000000000E-02  2.625754300332648E+08
 -1.250000000000000E-01  2.500000000000000E-02  2.500000000000000E-02  2.625754300332648E+08
 -1.750000000000000E-01  2.500000000000000E-02  2.500000000000000E-02  2.625754300332648E+08
 -2.250000000000000E-01  2.500000000000000E-02  2.500000000000000E-02  2.625754300332648E+08
 -2.750000000000000E-01  2.500000000000000E-02  2.500000000000000E-02  2.625754300332648E+08
 -3.250000000000000E-01  2.500000000000000E-02  2.500000000000000E-02  2.625754300332648E+08
 -3.750000000000000E-01  2.500000000000000E-02  2.500000000000000E-02  2.625754300332648E+08
 -4.250000000000000E-01  2.500000000000000E-02  2.500000000000000E-02  2.625754300332648E+08
 -4.750000000000000E-01  2.500000000000000E-02  2.500000000000000E-02  2.625754300332648E+08
 -5.249999999999999E-01  2.500000000000000E-02  2.500000000000000E-02  2.625754300332648E+08
 -5.750000000000000E-01  2.500000000000000E-02  2.500000000000000E-02  2.625754300332648E+08
 -6.250000000000000E-01  2.500000000000000E-02  2.500000000000000E-02  2.625754300332648E+08
 -6.750000000000000E-01  2.500000000000000E-02  2.500000000000000E-02  2.625754300332648E+08
 -7.250000000000001E-01  2.500000000000000E-02  2.500000000000000E-02  2.625754300332648E+08
 -7.750000000000001E-01  2.500000000000000E-02  2.500000000000000E-02  2.625754300332648E+08
 -8.250000000000002E-01  2.500000000000000E-02  2.500000000000000E-02  2.625754300332648E+08
 -2.500000000000000E-02  7.500000000000001E-02  2.500000000000000E-02  2.625754300332648E+08
 -7.500000000000001E-02  7.500000000000001E-02  2.500000000000000E-02  2.625754300332648E+08
 -1.250000000000000E-01  7.500000000000001E-02  2.500000000000000E-02  2.625754300332648E+08
 -1.750000000000000E-01  7.500000000000001E-02  2.500000000000000E-02  2.625754300332648E+08
 -2.250000000000000E-01  7.500000000000001E-02  2.500000000000000E-02  2.625754300332648E+08
 -2.750000000000000E-01  7.500000000000001E-02  2.500000000000000E-02  2.625754300332648E+08
 -3.250000000000000E-01  7.500000000000001E-02  2.500000000000000E-02  2.625754300332648E+08
 -3.750000000000000E-01  7.500000000000001E-02  2.500000000000000E-02  2.625754300332648E+08
 -4.250000000000000E-01  7.500000000000001E-02  2.500000000000000E-02  2.625754300332648E+08
 -4.750000000000000E-01  7.500000000000001E-02  2.500000000000000E-02  2.625754300332648E+08
 -5.249999999999999E-01  7.500000000000001E-02  2.500000000000000E-02  2.625754300332648E+08
 -5.750000000000000E-01  7.500000000000001E-02  2.500000000000000E-02  2.625754300332648E+08
 -6.250000000000000E-01  7.500000000000001E-02  2.500000000000000E-02  2.625754300332648E+08
 -6.750000000000000E-01  7.500000000000001E-02  2.500000000000000E-02  2.625754300332648E+08
 -7.250000000000001E-01  7.500000000000001E-02  2.500000000000000E-02  2.625754300332648E+08
 -7.750000000000001E-01  7.500000000000001E-02  2.500000000000000E-02  2.625754300332648E+08
 -8.250000000000002E-01  7.500000000000001E-02  2.500000000000000E-02  2.625754300332648E+08
 -2.500000000000000E-02  1.250000000000000E-01  2.500000000000000E-02  2.625754300332648E+08
 -7.500000000000001E-02  1.250000000000000E-01  2.500000000000000E-02  2.625754300332648E+08
 -1.250000000000000E-01  1.250000000000000E-01  2.500000000000000E-02  2.625754300332648E+08
 -1.750000000000000E-01  1.250000000000000E-01  2.500000000000000E-02  2.625754300332648E+08
 -2.250000000000000E-01  1.250000000000000E-01  2.500000000000000E-02  2.625754300332648E+08
 -2.750000000000000E-01  1.250000000000000E-01  2.500000000000000E-02  2.625754300332648E+08
 -3.250000000000000E-01  1.250000000000000E-01  2.500000000000000E-02  2.625754300332648E+08
 -3.750000000000000E-01  1.250000000000000E-01  2.500000000000000E-02  2.625754300332648E+08
 -4.250000000000000E-01  1.250000000000000E-01  2.500000000000000E-02  2.625754300332648E+08
 -4.750000000000000E-01  1.250000000000000E-01  2.500000000000000E-02  2.625754300332648E+08
 -5.249999999999999E-01  1.250000000000000E-01  2.500000000000000E-02  2.625754300332648E+08
 -5.750000000000000E-01  1.250000000000000E-01  2.500000000000000E-02  2.625754300332648E+08
 -6.250000000000000E-01  1.250000000000000E-01  2.500000000000000E-02  2.625754300332648E+08
 -6.750000000000000E-01  1.250000000000000E-01  2.500000000000000E-02  2.625754300332648E+08
 -7.250000000000001E-01  1.250000000000000E-01  2.500000000000000E-02  2.625754300332648E+08
 -7.750000000000001E-01  1.250000000000000E-01  2.500000000000000E-02  2.625754300332648E+08
 -8.250000000000002E-01  1.250000000000000E-01  2.500000000000000E-02  2.625754300332648E+08
 -2.500000000000000E-02  1.750000000000000E-01  2.500000000000000E-02  2.625754300332648E+08
 -7.500000000000001E-02  1.750000000000000E-01  2.500000000000000E-02  2.625754300332648E+08
 -1.250000000000000E-01  1.750000000000000E-01  2.500000000000000E-02  2.625754300332648E+08
 -1.750000000000000E-01  1.750000000000000E-01  2.500000000000000E-02  2.625754300332648E+08
 -2.250000000000000E-01  1.750000000000000E-01  2.500000000000000E-02  2.625754300332648E+08
 -2.750000000000000E-01  1.750000000000000E-01  2.500000000000000E-02  2.625754300332648E+08
 -3.250000000000000E-01  1.750000000000000E-01  2.500000000000000E-02  2.625754300332648E+08
 -3.750000000000000E-01  1.750000000000000E-01  2.500000000000000E-02  2.625754300332648E+08
 -4.250000000000000E-01  1.750000000000000E-01  2.500000000000000E-02  2.625754300332648E+08
 -4.750000000000000E-01  1.750000000000000E-01  2.500000000000000E-02  2.625754300332648E+08
 -5.249999999999999E-01  1.750000000000000E-01  2.500000000000000E-02  2.625754300332648E+08
 -5.750000000000000E-01  1.750000000000000E-01  2.500000000000000E-02  2.625754300332648E+08
 -6.250000000000000E-01  1.750000000000000E-01  2.500000000000000E-02  2.625754300332648E+08
 -6.750000000000000E-01  1.750000000000000E-01  2.500000000000000E-02  2.625754300332648E+08
 -7.250000000000001E-01  1.750000000000000E-01  2.500000000000000E-02  2.625754300332648E+08
 -7.750000000000001E-01  1.750000000000000E-01  2.500000000000000E-02  2.625754300332648E+08
 -8.250000000000002E-01  1.750000000000000E-01  2.500000000000000E-02  2.625754300332648E+08
 -2.500000000000000E-02  2.250000000000000E-01  2.500000000000000E-02  2.625754300332648E+08
 -7.500000000000001E-02  2.250000000000000E-01  2.500000000000000E-02  2.625754300332648E+08
 -1.250000000000000E-01  2.250000000000000E-01  2.500000000000000E-02  2.625754300332648E+08
 -1.750000000000000E-01  2.250000000000000E-01  2.500000000000000E-02  2.625754300332648E+08
 -2.250000000000000E-01  2.250000000000000E-01  2.500000000000000E-02  2.625754300332648E+08
 -2.750000000000000E-01  2.250000000000000E-01  2.500000000000000E-02  2.625754300332648E+08
 -3.250000000000000E-01  2.250000000000000E-01  2.500000000000000E-02  2.625754300332648E+08
 -3.750000000000000E-01  2.250000000000000E-01  2.500000000000000E-02  2.625754300332648E+08
 -4.250000000000000E-01  2.250000000000000E-01  2.500000000000000E-02  2.625754300332648E+08
 -4.750000000000000E-01  2.250000000000000E-01  2.500000000000000E-02  2.625754300332648E+08
 -5.249999999999999E-01  2.250000000000000E-01  2.500000000000000E-02  2.625754300332648E+08
 -5.750000000000000E-01  2.250000000000000E-01  2.500000000000000E-02  2.625754300332648E+08
 -6.250000000000000E-01  2.250000000000000E-01  2.500000000000000E-02  2.625754300332648E+08
 -6.750000000000000E-01  2.250000000000000E-01  2.500000000000000E-02  2.625754300332648E+08
 -7.250000000000001E-01  2.250000000000000E-01  2.500000000000000E-02  2.625754300332648E+08
 -7.750000000000001E-01  2.250000000000000E-01  2.500000000000000E-02  2.625754300332648E+08
 -8.250000000000002E-01  2.250000000000000E-01  2.500000000000000E-02  2.625754300332648E+08
 -2.500000000000000E-02  2.750000000000000E-01  2.500000000000000E-02  2.625754300332648E+08
 -7.500000000000001E-02  2.750000000000000E-01  2.500000000000000E-02  2.625754300332648E+08
 -1.250000000000000E-01  2.750000000000000E-01  2.500000000000000E-02  2.625754300332648E+08
 -1.750000000000000E-01  2.750000000000000E-01  2.500000000000000E-02  2.625754300332648E+08
 -2.250000000000000E-01  2.750000000000000E-01  2.500000000000000E-02  2.625754300332648E+08
 -2.750000000000000E-01  2.750000000000000E-01  2.500000000000000E-02  2.625754300332648E+08
 -3.250000000000000E-01  2.750000000000000E-01  2.500000000000000E-02  2.625754300332648E+08
 -3.750000000000000E-01  2.750000000000000E-01  2.500000000000000E-02  2.625754300332648E+08
 -4.250000000000000E-01  2.750000000000000E-01  2.500000000000000E-02  2.625754300332648E+08
 -4.750000000000000E-01  2.750000000000000E-01  2.500000000000000E-02  2.625754300332648E+08
 -5.249999999999999E-01  2.750000000000000E-01  2.500000000000000E-02  2.625754300332648E+08
 -5.750000000000000E-01  2.750000000000000E-01  2.500000000000000E-02  2.625754300332648E+08
 -6.250000000000000E-01  2.750000000000000E-01  2.500000000000000E-02  2.625754300332648E+08
 -6.750000000000000E-01  2.750000000000000E-01  2.500000000000000E-02  2.625754300332648E+08
 -7.250000000000001E-01  2.750000000000000E-01  2.500000000000000E-02  2.625754300332648E+08
 -7.750000000000001E-01  2.750000000000000E-01  2.500000000000000E-02  2.625754300332648E+08
 -2.500000000000000E-02  3.250000000000000E-01  2.500000000000000E-02  2.625754300332648E+08
 -7.500000000000001E-02  3.250000000000000E-01  2.500000000000000E-02  2.625754300332648E+08
 -1.250000000000000E-01  3.250000000000000E-01  2.500000000000000E-02  2.625754300332648E+08
 -1.750000000000000E-01  3.250000000000000E-01  2.500000000000000E-02  2.625754300332648E+08
 -2.250000000000000E-01  3.250000000000000E-01  2.500000000000000E-02  2.625754300332648E+08
 -2.750000000000000E-01  3.250000000000000E-01  2.500000000000000E-02  2.625754300332648E+08
 -3.250000000000000E-01  3.250000000000000E-01  2.500000000000000E-02  2.625754300332648E+08
 -3.750000000000000E-01  3.250000000000000E-01  2.500000000000000E-02  2.625754300332648E+08
 -4.250000000000000E-01  3.250000000000000E-01  2.500000000000000E-02  2.625754300332648E+08
 -4.750000000000000E-01  3.250000000000000E-01  2.500000000000000E-02  2.625754300332648E+08
 -5.249999999999999E-01  3.250000000000000E-01  2.500000000000000E-02  2.625754300332648E+08
 -5.750000000000000E-01  3.250000000000000E-01  2.500000000000000E-02  2.625754300332648E+08
 -6.250000000000000E-01  3.250000000000000E-01  2.500000000000000E-02  2.625754300332648E+08
 -6.750000000000000E-01  3.250000000000000E-01  2.500000000000000E-02  2.625754300332648E+08
 -7.250000000000001E-01  3.250000000000000E-01  2.500000000000000E-02  2.625754300332648E+08
 -2.500000000000000E-02  3.750000000000000E-01  2.500000000000000E-02  2.625754300332648E+08
 -7.500000000000001E-02  3.750000000000000E-01  2.500000000000000E-02  2.625754300332648E+08
 -1.250000000000000E-01  3.750000000000000E-01  2.500000000000000E-02  2.625754300332648E+08
 -1.750000000000000E-01  3.750000000000000E-01  2.500000000000000E-02  2.625754300332648E+08
 -2.250000000000000E-01  3.750000000000000E-01  2.500000000000000E-02  2.625754300332648E+08
 -2.750000000000000E-01  3.750000000000000E-01  2.500000000000000E-02  2.625754300332648E+08
 -3.250000000000000E-01  3.750000000000000E-01  2.500000000000000E-02  2.625754300332648E+08
 -3.750000000000000E-01  3.750000000000000E-01  2.500000000000000E-02  2.625754300332648E+08
 -4.250000000000000E-01  3.750000000000000E-01  2.500000000000000E-02  2.625754300332648E+08
 -4.750000000000000E-01  3.750000000000000E-01  2.500000000000000E-02  2.625754300332648E+08
 -5.249999999999999E-01  3.750000000000000E-01  2.500000000000000E-02  2.625754300332648E+08
 -5.750000000000000E-01  3.750000000000000E-01  2.500000000000000E-02  2.625754300332648E+08
 -6.250000000000000E-01  3.750000000000000E-01  2.500000000000000E-02  2.625754300332648E+08
 -6.750000000000000E-01  3.750000000000000E-01  2.500000000000000E-02  2.625754300332648E+08
 -2.500000000000000E-02  2.500000000000000E-02  7.500000000000001E-02  2.625754300332648E+08
 -7.500000000000001E-02  2.500000000000000E-02  7.500000000000001E-02  2.625754300332648E+08
 -1.250000000000000E-01  2.500000000000000E-02  7.500000000000001E-02  2.625754300332648E+08
 -1.750000000000000E-01  2.500000000000000E-02  7.500000000000001E-02  2.625754300332648E+08
 -2.250000000000000E-01  2.500000000000000E-02  7.500000000000001E-02  2.625754300332648E+08
 -2.750000000000000E-01  2.500000000000000E-02  7.500000000000001E-02  2.625754300332648E+08
 -3.250000000000000E-01  2.500000000000000E-02  7.500000000000001E-02  2.625754300332648E+08
 -3.750000000000000E-01  2.500000000000000E-02  7.500000000000001E-02  2.625754300332648E+08
 -4.250000000000000E-01  2.500000000000000E-02  7.500000000000001E-02  2.625754300332648E+08
 -4.750000000000000E-01  2.500000000000000E-02  7.500000000000001E-02  2.625754300332648E+08
 -5.249999999999999E-01  2.500000000000000E-02  7.500000000000001E-02  2.625754300332648E+08
 -5.750000000000000E-01  2.500000000000000E-02  7.500000000000001E-02  2.625754300332648E+08
 -6.250000000000000E-01  2.500000000000000E-02  7.500000000000001E-02  2.625754300332648E+08
 -6.750000000000000E-01  2.500000000000000E-02  7.500000000000001E-02  2.625754300332648E+08
 -7.250000000000001E-01  2.500000000000000E-02  7.500000000000001E-02  2.625754300332648E+08
 -7.750000000000001E-01  2.500000000000000E-02  7.500000000000001E-02  2.625754300332648E+08
 -8.250000000000002E-01  2.500000000000000E-02  7.500000000000001E-02  2.625754300332648E+08
 -2.500000000000000E-02  7.500000000000001E-02  7.500000000000001E-02  2.625754300332648E+08
 -7.500000000000001E-02  7.500000000000001E-02  7.500000000000001E-02  2.625754300332648E+08
 -1.250000000000000E-01  7.500000000000001E-02  7.500000000000001E-02  2.625754300332648E+08
 -1.750000000000000E-01  7.500000000000001E-02  7.500000000000001E-02  2.625754300332648E+08
 -2.250000000000000E-01  7.500000000000001E-02  7.500000000000001E-02  2.625754300332648E+08
 -2.750000000000000E-01  7.500000000000001E-02  7.500000000000001E-02  2.625754300332648E+08
 -3.250000000000000E-01  7.500000000000001E-02  7.500000000000001E-02  2.625754300332648E+08
 -3.750000000000000E-01  7.500000000000001E-02  7.500000000000001E-02  2.625754300332648E+08
 -4.250000000000000E-01  7.500000000000001E-02  7.500000000000001E-02  2.625754300332648E+08
 -4.750000000000000E-01  7.500000000000001E-02  7.500000000000001E-02  2.625754300332648E+08
 -5.249999999999999E-01  7.500000000000001E-02  7.500000000000001E-02  2.625754300332648E+08
 -5.750000000000000E-01  7.500000000000001E-02  7.500000000000001E-02  2.625754300332648E+08
 -6.250000000000000E-01  7.500000000000001E-02  7.500000000000001E-02  2.625754300332648E+08
 -6.750000000000000E-01  7.500000000000001E-02  7.500000000000001E-02  2.625754300332648E+08
 -7.250000000000001E-01  7.500000000000001E-02  7.500000000000001E-02  2.625754300332648E+08
 -7.750000000000001E-01  7.500000000000001E-02  7.500000000000001E-02  2.625754300332648E+08
 -8.250000000000002E-01  7.500000000000001E-02  7.500000000000001E-02  2.625754300332648E+08
 -2.500000000000000E-02  1.250000000000000E-01  7.500000000000001E-02  2.625754300332648E+08
 -7.500000000000001E-02  1.250000000000000E-01  7.500000000000001E-02  2.625754300332648E+08
 -1.250000000000000E-01  1.250000000000000E-01  7.500000000000001E-02  2.625754300332648E+08
 -1.750000000000000E-01  1.250000000000000E-01  7.500000000000001E-02  2.625754300332648E+08
 -2.250000000000000E-01  1.250000000000000E-01  7.500000000000001E-02  2.625754300332648E+08
 -2.750000000000000E-01  1.250000000000000E-01  7.500000000000001E-02  2.625754300332648E+08
 -3.250000000000000E-01  1.250000000000000E-01  7.500000000000001E-02  2.625754300332648E+08
 -3.750000000000000E-01  1.250000000000000E-01  7.500000000000001E-02  2.625754300332648E+08
 -4.250000000000000E-01  1.250000000000000E-01  7.500000000000001E-02  2.625754300332648E+08
 -4.750000000000000E-01  1.250000000000000E-01  7.500000000000001E-02  2.625754300332648E+08
 -5.249999999999999E-01  1.250000000000000E-01  7.500000000000001E-02  2.625754300332648E+08
 -5.750000000000000E-01  1.250000000000000E-01  7.500000000000001E-02  2.625754300332648E+08
 -6.250000000000000E-01  1.250000000000000E-01  7.500000000000001E-02  2.625754300332648E+08
 -6.750000000000000E-01  1.250000000000000E-01  7.500000000000001E-02  2.625754300332648E+08
 -7.250000000000001E-01  1.250000000000000E-01  7.500000000000001E-02  2.625754300332648E+08
 -7.750000000000001E-01  1.250000000000000E-01  7.500000000000001E-02  2.625754300332648E+08
 -8.250000000000002E-01  1.250000000000000E-01  7.500000000000001E-02  2.625754300332648E+08
 -2.500000000000000E-02  1.750000000000000E-01  7.500000000000001E-02  2.625754300332648E+08
 -7.500000000000001E-02  1.750000000000000E-01  7.500000000000001E-02  2.625754300332648E+08
 -1.250000000000000E-01  1.750000000000000E-01  7.500000000000001E-02  2.625754300332648E+08
 -1.750000000000000E-01  1.750000000000000E-01  7.500000000000001E-02  2.625754300332648E+08
 -2.250000000000000E-01  1.750000000000000E-01  7.500000000000001E-02  2.625754300332648E+08
 -2.750000000000000E-01  1.750000000000000E-01  7.500000000000001E-02  2.625754300332648E+08
 -3.250000000000000E-01  1.750000000000000E-01  7.500000000000001E-02  2.625754300332648E+08
 -3.750000000000000E-01  1.750000000000000E-01  7.500000000000001E-02  2.625754300332648E+08
 -4.250000000000000E-01  1.750000000000000E-01  7.500000000000001E-02  2.625754300332648E+08
 -4.750000000000000E-01  1.750000000000000E-01  7.500000000000001E-02  2.625754300332648E+08
 -5.249999999999999E-01  1.750000000000000E-01  7.500000000000001E-02  2.625754300332648E+08
 -5.750000000000000E-01  1.750000000000000E-01  7.500000000000001E-02  2.625754300332648E+08
 -6.250000000000000E-01  1.750000000000000E-01  7.500000000000001E-02  2.625754300332648E+08
 -6.750000000000000E-01  1.750000000000000E-01  7.500000000000001E-02  2.625754300332648E+08
 -7.250000000000001E-01  1.750000000000000E-01  7.500000000000001E-02  2.625754300332648E+08
 -7.750000000000001E-01  1.750000000000000E-01  7.500000000000001E-02  2.625754300332648E+08
 -8.250000000000002E-01  1.750000000000000E-01  7.500000000000001E-02  2.625754300332648E+08
 -2.500000000000000E-02  2.250000000000000E-01  7.500000000000001E-02  2.625754300332648E+08
 -7.500000000000001E-02  2.250000000000000E-01  7.500000000000001E-02  2.625754300332648E+08
 -1.250000000000000E-01  2.250000000000000E-01  7.500000000000001E-02  2.625754300332648E+08
 -1.750000000000000E-01  2.250000000000000E-01  7.500000000000001E-02  2.625754300332648E+08
 -2.250000000000000E-01  2.250000000000000E-01  7.500000000000001E-02  2.625754300332648E+08
 -2.750000000000000E-01  2.250000000000000E-01  7.500000000000001E-02  2.625754300332648E+08
 -3.250000000000000E-01  2.250000000000000E-01  7.500000000000001E-02  2.625754300332648E+08
 -3.750000000000000E-01  2.250000000000000E-01  7.500000000000001E-02  2.625754300332648E+08
 -4.250000000000000E-01  2.250000000000000E-01  7.500000000000001E-02  2.625754300332648E+08
 -4.750000000000000E-01  2.250000000000000E-01  7.500000000000001E-02  2.625754300332648E+08
 -5.249999999999999E-01  2.250000000000000E-01  7.500000000000001E-02  2.625754300332648E+08
 -5.750000000000000E-01  2.250000000000000E-01  7.500000000000001E-02  2.625754300332648E+08
 -6.250000000000000E-01  2.250000000000000E-01  7.500000000000001E-02  2.625754300332648E+08
 -6.750000000000000E-01  2.250000000000000E-01  7.500000000000001E-02  2.625754300332648E+08
 -7.250000000000001E-01  2.250000000000000E-01  7.500000000000001E-02  2.625754300332648E+08
 -7.750000000000001E-01  2.250000000000000E-01  7.500000000000001E-02  2.625754300332648E+08
 -8.250000000000002E-01  2.250000000000000E-01  7.500000000000001E-02  2.625754300332648E+08
 -2.500000000000000E-02  2.750000000000000E-01  7.500000000000001E-02  2.625754300332648E+08
 -7.500000000000001E-02  2.750000000000000E-01  7.500000000000001E-02  2.625754300332648E+08
 -1.250000000000000E-01  2.750000000000000E-01  7.500000000000001E-02  2.625754300332648E+08
 -1.750000000000000E-01  2.750000000000000E-01  7.500000000000001E-02  2.625754300332648E+08
 -2.250000000000000E-01  2.750000000000000E-01  7.500000000000001E-02  2.625754300332648E+08
 -2.750000000000000E-01  2.750000000000000E-01  7.500000000000001E-02  2.625754300332648E+08
 -3.250000000000000E-01  2.750000000000000E-01  7.500000000000001E-02  2.625754300332648E+08
 -3.750000000000000E-01  2.750000000000000E-01  7.500000000000001E-02  2.625754300332648E+08
 -4.250000000000000E-01  2.750000000000000E-01  7.500000000000001E-02  2.625754300332648E+08
 -4.750000000000000E-01  2.750000000000000E-01  7.500000000000001E-02  2.625754300332648E+08
 -5.249999999999999E-01  2.750000000000000E-01  7.500000000000001E-02  2.625754300332648E+08
 -5.750000000000000E-01  2.750000000000000E-01  7.500000000000001E-02  2.625754300332648E+08
 -6.250000000000000E-01  2.750000000000000E-01  7.500000000000001E-02  2.625754300332648E+08
 -6.750000000000000E-01  2.750000000000000E-01  7.500000000000001E-02  2.625754300332648E+08
 -7.250000000000001E-01  2.750000000000000E-01  7.500000000000001E-02  2.625754300332648E+08
 -7.750000000000001E-01  2.750000000000000E-01  7.500000000000001E-02  2.625754300332648E+08
 -2.500000000000000E-02  3.250000000000000E-01  7.500000000000001E-02  2.625754300332648E+08
 -7.500000000000001E-02  3.250000000000000E-01  7.500000000000001E-02  2.625754300332648E+08
 -1.250000000000000E-01  3.250000000000000E-01  7.500000000000001E-02  2.625754300332648E+08
 -1.750000000000000E-01  3.250000000000000E-01  7.500000000000001E-02  2.625754300332648E+08
 -2.250000000000000E-01  3.250000000000000E-01  7.500000000000001E-02  2.625754300332648E+08
 -2.750000000000000E-01  3.250000000000000E-01  7.500000000000001E-02  2.625754300332648E+08
 -3.250000000000000E-01  3.250000000000000E-01  7.500000000000001E-02  2.625754300332648E+08
 -3.750000000000000E-01  3.250000000000000E-01  7.500000000000001E-02  2.625754300332648E+08
 -4.250000000000000E-01  3.250000000000000E-01  7.500000000000001E-02  2.625754300332648E+08
 -4.750000000000000E-01  3.250000000000000E-01  7.500000000000001E-02  2.625754300332648E+08
 -5.249999999999999E-01  3.250000000000000E-01  7.500000000000001E-02  2.625754300332648E+08
 -5.750000000000000E-01  3.250000000000000E-01  7.500000000000001E-02  2.625754300332648E+08
 -6.250000000000000E-01  3.250000000000000E-01  7.500000000000001E-02  2.625754300332648E+08
 -6.750000000000000E-01  3.250000000000000E-01  7.500000000000001E-02  2.625754300332648E+08
 -7.250000000000001E-01  3.250000000000000E-01  7.500000000000001E-02  2.625754300332648E+08
 -2.500000000000000E-02  3.750000000000000E-01  7.500000000000001E-02  2.625754300332648E+08
 -7.500000000000001E-02  3.750000000000000E-01  7.500000000000001E-02  2.625754300332648E+08
 -1.250000000000000E-01  3.750000000000000E-01  7.500000000000001E-02  2.625754300332648E+08
 -1.750000000000000E-01  3.750000000000000E-01  7.500000000000001E-02  2.625754300332648E+08
 -2.250000000000000E-01  3.750000000000000E-01  7.500000000000001E-02  2.625754300332648E+08
 -2.750000000000000E-01  3.750000000000000E-01  7.500000000000001E-02  2.625754300332648E+08
 -3.250000000000000E-01  3.750000000000000E-01  7.500000000000001E-02  2.625754300332648E+08
 -3.750000000000000E-01  3.750000000000000E-01  7.500000000000001E-02  2.625754300332648E+08
 -4.250000000000000E-01  3.750000000000000E-01  7.500000000000001E-02  2.625754300332648E+08
 -4.750000000000000E-01  3.750000000000000E-01  7.500000000000001E-02  2.625754300332648E+08
 -5.249999999999999E-01  3.750000000000000E-01  7.500000000000001E-02  2.625754300332648E+08
 -5.750000000000000E-01  3.750000000000000E-01  7.500000000000001E-02  2.625754300332648E+08
 -6.250000000000000E-01  3.750000000000000E-01  7.500000000000001E-02  2.625754300332648E+08
 -2.500000000000000E-02  2.500000000000000E-02  1.250000000000000E-01  2.625754300332648E+08
 -7.500000000000001E-02  2.500000000000000E-02  1.250000000000000E-01  2.625754300332648E+08
 -1.250000000000000E-01  2.500000000000000E-02  1.250000000000000E-01  2.625754300332648E+08
 -1.750000000000000E-01  2.500000000000000E-02  1.250000000000000E-01  2.625754300332648E+08
 -2.250000000000000E-01  2.500000000000000E-02  1.250000000000000E-01  2.625754300332648E+08
 -2.750000000000000E-01  2.500000000000000E-02  1.250000000000000E-01  2.625754300332648E+08
 -3.250000000000000E-01  2.500000000000000E-02  1.250000000000000E-01  2.625754300332648E+08
 -3.750000000000000E-01  2.500000000000000E-02  1.250000000000000E-01  2.625754300332648E+08
 -4.250000000000000E-01  2.500000000000000E-02  1.250000000000000E-01  2.625754300332648E+08
 -4.750000000000000E-01  2.500000000000000E-02  1.250000000000000E-01  2.625754300332648E+08
 -5.249999999999999E-01  2.500000000000000E-02  1.250000000000000E-01  2.625754300332648E+08
 -5.750000000000000E-01  2.500000000000000E-02  1.250000000000000E-01  2.625754300332648E+08
 -6.250000000000000E-01  2.500000000000000E-02  1.250000000000000E-01  2.625754300332648E+08
 -6.750000000000000E-01  2.500000000000000E-02  1.250000000000000E-01  2.625754300332648E+08
 -7.250000000000001E-01  2.500000000000000E-02  1.250000000000000E-01  2.625754300332648E+08
 -7.750000000000001E-01  2.500000000000000E-02  1.250000000000000E-01  2.625754300332648E+08
 -8.250000000000002E-01  2.500000000000000E-02  1.250000000000000E-01  2.625754300332648E+08
 -2.500000000000000E-02  7.500000000000001E-02  1.250000000000000E-01  2.625754300332648E+08
 -7.500000000000001E-02  7.500000000000001E-02  1.250000000000000E-01  2.625754300332648E+08
 -1.250000000000000E-01  7.500000000000001E-02  1.250000000000000E-01  2.625754300332648E+08
 -1.750000000000000E-01  7.500000000000001E-02  1.250000000000000E-01  2.625754300332648E+08
 -2.250000000000000E-01  7.500000000000001E-02  1.250000000000000E-01  2.625754300332648E+08
 -2.750000000000000E-01  7.500000000000001E-02  1.250000000000000E-01  2.625754300332648E+08
 -3.250000000000000E-01  7.500000000000001E-02  1.250000000000000E-01  2.625754300332648E+08
 -3.750000000000000E-01  7.500000000000001E-02  1.250000000000000E-01  2.625754300332648E+08
 -4.250000000000000E-01  7.500000000000001E-02  1.250000000000000E-01  2.625754300332648E+08
 -4.750000000000000E-01  7.500000000000001E-02  1.250000000000000E-01  2.625754300332648E+08
 -5.249999999999999E-01  7.500000000000001E-02  1.250000000000000E-01  2.625754300332648E+08
 -5.750000000000000E-01  7.500000000000001E-02  1.250000000000000E-01  2.625754300332648E+08
 -6.250000000000000E-01  7.500000000000001E-02  1.250000000000000E-01  2.625754300332648E+08
 -6.750000000000000E-01  7.500000000000001E-02  1.250000000000000E-01  2.625754300332648E+08
 -7.250000000000001E-01  7.500000000000001E-02  1.250000000000000E-01  2.625754300332648E+08
 -7.750000000000001E-01  7.500000000000001E-02  1.250000000000000E-01  2.625754300332648E+08
 -8.250000000000002E-01  7.500000000000001E-02  1.250000000000000E-01  2.625754300332648E+08
 -2.500000000000000E-02  1.250000000000000E-01  1.250000000000000E-01  2.625754300332648E+08
 -7.500000000000001E-02  1.250000000000000E-01  1.250000000000000E-01  2.625754300332648E+08
 -1.250000000000000E-01  1.250000000000000E-01  1.250000000000000E-01  2.625754300332648E+08
 -1.750000000000000E-01  1.250000000000000E-01  1.250000000000000E-01  2.625754300332648E+08
 -2.250000000000000E-01  1.250000000000000E-01  1.250000000000000E-01  2.625754300332648E+08
 -2.750000000000000E-01  1.250000000000000E-01  1.250000000000000E-01  2.625754300332648E+08
 -3.250000000000000E-01  1.250000000000000E-01  1.250000000000000E-01  2.625754300332648E+08
 -3.750000000000000E-01  1.250000000000000E-01  1.250000000000000E-01  2.625754300332648E+08
 -4.250000000000000E-01  1.250000000000000E-01  1.250000000000000E-01  2.625754300332648E+08
 -4.750000000000000E-01  1.250000000000000E-01  1.250000000000000E-01  2.625754300332648E+08
 -5.249999999999999E-01  1.250000000000000E-01  1.250000000000000E-01  2.625754300332648E+08
 -5.750000000000000E-01  1.250000000000000E-01  1.250000000000000E-01  2.625754300332648E+08
 -6.250000000000000E-01  1.250000000000000E-01  1.250000000000000E-01  2.625754300332648E+08
 -6.750000000000000E-01  1.250000000000000E-01  1.250000000000000E-01  2.625754300332648E+08
 -7.250000000000001E-01  1.250000000000000E-01  1.250000000000000E-01  2.625754300332648E+08
 -7.750000000000001E-01  1.250000000000000E-01  1.250000000000000E-01  2.625754300332648E+08
 -8.250000000000002E-01  1.250000000000000E-01  1.250000000000000E-01  2.625754300332648E+08
 -2.500000000000000E-02  1.750000000000000E-01  1.250000000000000E-01  2.625754300332648E+08
 -7.500000000000001E-02  1.750000000000000E-01  1.250000000000000E-01  2.625754300332648E+08
 -1.250000000000000E-01  1.750000000000000E-01  1.250000000000000E-01  2.625754300332648E+08
 -1.750000000000000E-01  1.750000000000000E-01  1.250000000000000E-01  2.625754300332648E+08
 -2.250000000000000E-01  1.750000000000000E-01  1.250000000000000E-01  2.625754300332648E+08
 -2.750000000000000E-01  1.750000000000000E-01  1.250000000000000E-01  2.625754300332648E+08
 -3.250000000000000E-01  1.750000000000000E-01  1.250000000000000E-01  2.625754300332648E+08
 -3.750000000000000E-01  1.750000000000000E-01  1.250000000000000E-01  2.625754300332648E+08
 -4.250000000000000E-01  1.750000000000000E-01  1.250000000000000E-01  2.625754300332648E+08
 -4.750000000000000E-01  1.750000000000000E-01  1.250000000000000E-01  2.625754300332648E+08
 -5.249999999999999E-01  1.750000000000000E-01  1.250000000000000E-01  2.625754300332648E+08
 -5.750000000000000E-01  1.750000000000000E-01  1.250000000000000E-01  2.625754300332648E+08
 -6.250000000000000E-01  1.750000000000000E-01  1.250000000000000E-01  2.625754300332648E+08
 -6.750000000000000E-01  1.750000000000000E-01  1.250000000000000E-01  2.625754300332648E+08
 -7.250000000000001E-01  1.750000000000000E-01  1.250000000000000E-01  2.625754300332648E+08
 -7.750000000000001E-01  1.750000000000000E-01  1.250000000000000E-01  2.625754300332648E+08
 -8.250000000000002E-01  1.750000000000000E-01  1.250000000000000E-01  2.625754300332648E+08
 -2.500000000000000E-02  2.250000000000000E-01  1.250000000000000E-01  2.625754300332648E+08
 -7.500000000000001E-02  2.250000000000000E-01  1.250000000000000E-01  2.625754300332648E+08
 -1.250000000000000E-01  2.250000000000000E-01  1.250000000000000E-01  2.625754300332648E+08
 -1.750000000000000E-01  2.250000000000000E-01  1.250000000000000E-01  2.625754300332648E+08
 -2.250000000000000E-01  2.250000000000000E-01  1.250000000000000E-01  2.625754300332648E+08
 -2.750000000000000E-01  2.250000000000000E-01  1.250000000000000E-01  2.625754300332648E+08
 -3.250000000000000E-01  2.250000000000000E-01  1.250000000000000E-01  2.625754300332648E+08
 -3.750000000000000E-01  2.250000000000000E-01  1.250000000000000E-01  2.625754300332648E+08
 -4.250000000000000E-01  2.250000000000000E-01  1.250000000000000E-01  2.625754300332648E+08
 -4.750000000000000E-01  2.250000000000000E-01  1.250000000000000E-01  2.625754300332648E+08
 -5.249999999999999E-01  2.250000000000000E-01  1.250000000000000E-01  2.625754300332648E+08
 -5.750000000000000E-01  2.250000000000000E-01  1.250000000000000E-01  2.625754300332648E+08
 -6.250000000000000E-01  2.250000000000000E-01  1.250000000000000E-01  2.625754300332648E+08
 -6.750000000000000E-01  2.250000000000000E-01  1.250000000000000E-01  2.625754300332648E+08
 -7.250000000000001E-01  2.250000000000000E-01  1.250000000000000E-01  2.625754300332648E+08
 -7.750000000000001E-01  2.250000000000000E-01  1.250000000000000E-01  2.625754300332648E+08
 -8.250000000000002E-01  2.250000000000000E-01  1.250000000000000E-01  2.625754300332648E+08
 -2.500000000000000E-02  2.750000000000000E-01  1.250000000000000E-01  2.625754300332648E+08
 -7.500000000000001E-02  2.750000000000000E-01  1.250000000000000E-01  2.625754300332648E+08
 -1.250000000000000E-01  2.750000000000000E-01  1.250000000000000E-01  2.625754300332648E+08
 -1.750000000000000E-01  2.750000000000000E-01  1.250000000000000E-01  2.625754300332648E+08
 -2.250000000000000E-01  2.750000000000000E-01  1.250000000000000E-01  2.625754300332648E+08
 -2.750000000000000E-01  2.750000000000000E-01  1.250000000000000E-01  2.625754300332648E+08
 -3.250000000000000E-01  2.750000000000000E-01  1.250000000000000E-01  2.625754300332648E+08
 -3.750000000000000E-01  2.750000000000000E-01  1.250000000000000E-01  2.625754300332648E+08
 -4.250000000000000E-01  2.750000000000000E-01  1.250000000000000E-01  2.625754300332648E+08
 -4.750000000000000E-01  2.750000000000000E-01  1.250000000000000E-01  2.625754300332648E+08
 -5.249999999999999E-01  2.750000000000000E-01  1.250000000000000E-01  2.625754300332648E+08
 -5.750000000000000E-01  2.750000000000000E-01  1.250000000000000E-01  2.625754300332648E+08
 -6.250000000000000E-01  2.750000000000000E-01  1.250000000000000E-01  2.625754300332648E+08
 -6.750000000000000E-01  2.750000000000000E-01  1.250000000000000E-01  2.625754300332648E+08
 -7.250000000000001E-01  2.750000000000000E-01  1.250000000000000E-01  2.625754300332648E+08
 -7.750000000000001E-01  2.750000000000000E-01  1.250000000000000E-01  2.625754300332648E+08
 -2.500000000000000E-02  3.250000000000000E-01  1.250000000000000E-01  2.625754300332648E+08
 -7.500000000000001E-02  3.250000000000000E-01  1.250000000000000E-01  2.625754300332648E+08
 -1.250000000000000E-01  3.250000000000000E-01  1.250000000000000E-01  2.625754300332648E+08
 -1.750000000000000E-01  3.250000000000000E-01  1.250000000000000E-01  2.625754300332648E+08
 -2.250000000000000E-01  3.250000000000000E-01  1.250000000000000E-01  2.625754300332648E+08
 -2.750000000000000E-01  3.250000000000000E-01  1.250000000000000E-01  2.625754300332648E+08
 -3.250000000000000E-01  3.250000000000000E-01  1.250000000000000E-01  2.625754300332648E+08
 -3.750000000000000E-01  3.250000000000000E-01  1.250000000000000E-01  2.625754300332648E+08
 -4.250000000000000E-01  3.250000000000000E-01  1.250000000000000E-01  2.625754300332648E+08
 -4.750000000000000E-01  3.250000000000000E-01  1.250000000000000E-01  2.625754300332648E+08
 -5.249999999999999E-01  3.250000000000000E-01  1.250000000000000E-01  2.625754300332648E+08
 -5.750000000000000E-01  3.250000000000000E-01  1.250000000000000E-01  2.625754300332648E+08
 -6.250000000000000E-01  3.250000000000000E-01  1.250000000000000E-01  2.625754300332648E+08
 -6.750000000000000E-01  3.250000000000000E-01  1.250000000000000E-01  2.625754300332648E+08
 -7.250000000000001E-01  3.250000000000000E-01  1.250000000000000E-01  2.625754300332648E+08
 -2.500000000000000E-02  3.750000000000000E-01  1.250000000000000E-01  2.625754300332648E+08
 -7.500000000000001E-02  3.750000000000000E-01  1.250000000000000E-01  2.625754300332648E+08
 -1.250000000000000E-01  3.750000000000000E-01  1.250000000000000E-01  2.625754300332648E+08
 -1.750000000000000E-01  3.750000000000000E-01  1.250000000000000E-01  2.625754300332648E+08
 -2.250000000000000E-01  3.750000000000000E-01  1.250000000000000E-01  2.625754300332648E+08
 -2.750000000000000E-01  3.750000000000000E-01  1.250000000000000E-01  2.625754300332648E+08
 -3.250000000000000E-01  3.750000000000000E-01  1.250000000000000E-01  2.625754300332648E+08
 -3.750000000000000E-01  3.750000000000000E-01  1.250000000000000E-01  2.625754300332648E+08
 -4.250000000000000E-01  3.750000000000000E-01  1.250000000000000E-01  2.625754300332648E+08
 -4.750000000000000E-01  3.750000000000000E-01  1.250000000000000E-01  2.625754300332648E+08
 -5.249999999999999E-01  3.750000000000000E-01  1.250000000000000E-01  2.625754300332648E+08
 -5.750000000000000E-01  3.750000000000000E-01  1.250000000000000E-01  2.625754300332648E+08
 -2.500000000000000E-02  2.500000000000000E-02  1.750000000000000E-01  2.625754300332648E+08
 -7.500000000000001E-02  2.500000000000000E-02  1.750000000000000E-01  2.625754300332648E+08
 -1.250000000000000E-01  2.500000000000000E-02  1.750000000000000E-01  2.625754300332648E+08
 -1.750000000000000E-01  2.500000000000000E-02  1.750000000000000E-01  2.625754300332648E+08
 -2.250000000000000E-01  2.500000000000000E-02  1.750000000000000E-01  2.625754300332648E+08
 -2.750000000000000E-01  2.500000000000000E-02  1.750000000000000E-01  2.625754300332648E+08
 -3.250000000000000E-01  2.500000000000000E-02  1.750000000000000E-01  2.625754300332648E+08
 -3.750000000000000E-01  2.500000000000000E-02  1.750000000000000E-01  2.625754300332648E+08
 -4.250000000000000E-01  2.500000000000000E-02  1.750000000000000E-01  2.625754300332648E+08
 -4.750000000000000E-01  2.500000000000000E-02  1.750000000000000E-01  2.625754300332648E+08
 -5.249999999999999E-01  2.500000000000000E-02  1.750000000000000E-01  2.625754300332648E+08
 -5.750000000000000E-01  2.500000000000000E-02  1.750000000000000E-01  2.625754300332648E+08
 -6.250000000000000E-01  2.500000000000000E-02  1.750000000000000E-01  2.625754300332648E+08
 -6.750000000000000E-01  2.500000000000000E-02  1.750000000000000E-01  2.625754300332648E+08
 -7.250000000000001E-01  2.500000000000000E-02  1.750000000000000E-01  2.625754300332648E+08
 -7.750000000000001E-01  2.500000000000000E-02  1.750000000000000E-01  2.625754300332648E+08
 -2.500000000000000E-02  7.500000000000001E-02  1.750000000000000E-01  2.625754300332648E+08
 -7.500000000000001E-02  7.500000000000001E-02  1.750000000000000E-01  2.625754300332648E+08
 -1.250000000000000E-01  7.500000000000001E-02  1.750000000000000E-01  2.625754300332648E+08
 -1.750000000000000E-01  7.500000000000001E-02  1.750000000000000E-01  2.625754300332648E+08
 -2.250000000000000E-01  7.500000000000001E-02  1.750000000000000E-01  2.625754300332648E+08
 -2.750000000000000E-01  7.500000000000001E-02  1.750000000000000E-01  2.625754300332648E+08
 -3.250000000000000E-01  7.500000000000001E-02  1.750000000000000E-01  2.625754300332648E+08
 -3.750000000000000E-01  7.500000000000001E-02  1.750000000000000E-01  2.625754300332648E+08
 -4.250000000000000E-01  7.500000000000001E-02  1.750000000000000E-01  2.625754300332648E+08
 -4.750000000000000E-01  7.500000000000001E-02  1.750000000000000E-01  2.625754300332648E+08
 -5.249999999999999E-01  7.500000000000001E-02  1.750000000000000E-01  2.625754300332648E+08
 -5.750000000000000E-01  7.500000000000001E-02  1.750000000000000E-01  2.625754300332648E+08
 -6.250000000000000E-01  7.500000000000001E-02  1.750000000000000E-01  2.625754300332648E+08
 -6.750000000000000E-01  7.500000000000001E-02  1.750000000000000E-01  2.625754300332648E+08
 -7.250000000000001E-01  7.500000000000001E-02  1.750000000000000E-01  2.625754300332648E+08
 -7.750000000000001E-01  7.500000000000001E-02  1.750000000000000E-01  2.625754300332648E+08
 -8.250000000000002E-01  7.500000000000001E-02  1.750000000000000E-01  2.625754300332648E+08
 -2.500000000000000E-02  1.250000000000000E-01  1.750000000000000E-01  2.625754300332648E+08
 -7.500000000000001E-02  1.250000000000000E-01  1.750000000000000E-01  2.625754300332648E+08
 -1.250000000000000E-01  1.250000000000000E-01  1.750000000000000E-01  2.625754300332648E+08
 -1.750000000000000E-01  1.250000000000000E-01  1.750000000000000E-01  2.625754300332648E+08
 -2.250000000000000E-01  1.250000000000000E-01  1.750000000000000E-01  2.625754300332648E+08
 -2.750000000000000E-01  1.250000000000000E-01  1.750000000000000E-01  2.625754300332648E+08
 -3.250000000000000E-01  1.250000000000000E-01  1.750000000000000E-01  2.625754300332648E+08
 -3.750000000000000E-01  1.250000000000000E-01  1.750000000000000E-01  2.625754300332648E+08
 -4.250000000000000E-01  1.250000000000000E-01  1.750000000000000E-01  2.625754300332648E+08
 -4.750000000000000E-01  1.250000000000000E-01  1.750000000000000E-01  2.625754300332648E+08
 -5.249999999999999E-01  1.250000000000000E-01  1.750000000000000E-01  2.625754300332648E+08
 -5.750000000000000E-01  1.250000000000000E-01  1.750000000000000E-01  2.625754300332648E+08
 -6.250000000000000E-01  1.250000000000000E-01  1.750000000000000E-01  2.625754300332648E+08
 -6.750000000000000E-01  1.250000000000000E-01  1.750000000000000E-01  2.625754300332648E+08
 -7.250000000000001E-01  1.250000000000000E-01  1.750000000000000E-01  2.625754300332648E+08
 -7.750000000000001E-01  1.250000000000000E-01  1.750000000000000E-01  2.625754300332648E+08
 -8.250000000000002E-01  1.250000000000000E-01  1.750000000000000E-01  2.625754300332648E+08
 -2.500000000000000E-02  1.750000000000000E-01  1.750000000000000E-01  2.625754300332648E+08
 -7.500000000000001E-02  1.750000000000000E-01  1.750000000000000E-01  2.625754300332648E+08
 -1.250000000000000E-01  1.750000000000000E-01  1.750000000000000E-01  2.625754300332648E+08
 -1.750000000000000E-01  1.750000000000000E-01  1.750000000000000E-01  2.625754300332648E+08
 -2.250000000000000E-01  1.750000000000000E-01  1.750000000000000E-01  2.625754300332648E+08
 -2.750000000000000E-01  1.750000000000000E-01  1.750000000000000E-01  2.625754300332648E+08
 -3.250000000000000E-01  1.750000000000000E-01  1.750000000000000E-01  2.625754300332648E+08
 -3.750000000000000E-01  1.750000000000000E-01  1.750000000000000E-01  2.625754300332648E+08
 -4.250000000000000E-01  1.750000000000000E-01  1.750000000000000E-01  2.625754300332648E+08
 -4.750000000000000E-01  1.750000000000000E-01  1.750000000000000E-01  2.625754300332648E+08
 -5.249999999999999E-01  1.750000000000000E-01  1.750000000000000E-01  2.625754300332648E+08
 -5.750000000000000E-01  1.750000000000000E-01  1.750000000000000E-01  2.625754300332648E+08
 -6.250000000000000E-01  1.750000000000000E-01  1.750000000000000E-01  2.625754300332648E+08
 -6.750000000000000E-01  1.750000000000000E-01  1.750000000000000E-01  2.625754300332648E+08
 -7.250000000000001E-01  1.750000000000000E-01  1.750000000000000E-01  2.625754300332648E+08
 -7.750000000000001E-01  1.750000000000000E-01  1.750000000000000E-01  2.625754300332648E+08
 -8.250000000000002E-01  1.750000000000000E-01  1.750000000000000E-01  2.625754300332648E+08
 -2.500000000000000E-02  2.250000000000000E-01  1.750000000000000E-01  2.625754300332648E+08
 -7.500000000000001E-02  2.250000000000000E-01  1.750000000000000E-01  2.625754300332648E+08
 -1.250000000000000E-01  2.250000000000000E-01  1.750000000000000E-01  2.625754300332648E+08
 -1.750000000000000E-01  2.250000000000000E-01  1.750000000000000E-01  2.625754300332648E+08
 -2.250000000000000E-01  2.250000000000000E-01  1.750000000000000E-01  2.625754300332648E+08
 -2.750000000000000E-01  2.250000000000000E-01  1.750000000000000E-01  2.625754300332648E+08
 -3.250000000000000E-01  2.250000000000000E-01  1.750000000000000E-01  2.625754300332648E+08
 -3.750000000000000E-01  2.250000000000000E-01  1.750000000000000E-01  2.625754300332648E+08
 -4.250000000000000E-01  2.250000000000000E-01  1.750000000000000E-01  2.625754300332648E+08
 -4.750000000000000E-01  2.250000000000000E-01  1.750000000000000E-01  2.625754300332648E+08
 -5.249999999999999E-01  2.250000000000000E-01  1.750000000000000E-01  2.625754300332648E+08
 -5.750000000000000E-01  2.250000000000000E-01  1.750000000000000E-01  2.625754300332648E+08
 -6.250000000000000E-01  2.250000000000000E-01  1.750000000000000E-01  2.625754300332648E+08
 -6.750000000000000E-01  2.250000000000000E-01  1.750000000000000E-01  2.625754300332648E+08
 -7.250000000000001E-01  2.250000000000000E-01  1.750000000000000E-01  2.625754300332648E+08
 -7.750000000000001E-01  2.250000000000000E-01  1.750000000000000E-01  2.625754300332648E+08
 -2.500000000000000E-02  2.750000000000000E-01  1.750000000000000E-01  2.625754300332648E+08
 -7.500000000000001E-02  2.750000000000000E-01  1.750000000000000E-01  2.625754300332648E+08
 -1.250000000000000E-01  2.750000000000000E-01  1.750000000000000E-01  2.625754300332648E+08
 -1.750000000000000E-01  2.750000000000000E-01  1.750000000000000E-01  2.625754300332648E+08
 -2.250000000000000E-01  2.750000000000000E-01  1.750000000000000E-01  2.625754300332648E+08
 -2.750000000000000E-01  2.750000000000000E-01  1.750000000000000E-01  2.625754300332648E+08
 -3.250000000000000E-01  2.750000000000000E-01  1.750000000000000E-01  2.625754300332648E+08
 -3.750000000000000E-01  2.750000000000000E-01  1.750000000000000E-01  2.625754300332648E+08
 -4.250000000000000E-01  2.750000000000000E-01  1.750000000000000E-01  2.625754300332648E+08
 -4.750000000000000E-01  2.750000000000000E-01  1.750000000000000E-01  2.625754300332648E+08
 -5.249999999999999E-01  2.750000000000000E-01  1.750000000000000E-01  2.625754300332648E+08
 -5.750000000000000E-01  2.750000000000000E-01  1.750000000000000E-01  2.625754300332648E+08
 -6.250000000000000E-01  2.750000000000000E-01  1.750000000000000E-01  2.625754300332648E+08
 -6.750000000000000E-01  2.750000000000000E-01  1.750000000000000E-01  2.625754300332648E+08
 -7.250000000000001E-01  2.750000000000000E-01  1.750000000000000E-01  2.625754300332648E+08
 -7.750000000000001E-01  2.750000000000000E-01  1.750000000000000E-01  2.625754300332648E+08
 -2.500000000000000E-02  3.250000000000000E-01  1.750000000000000E-01  2.625754300332648E+08
 -7.500000000000001E-02  3.250000000000000E-01  1.750000000000000E-01  2.625754300332648E+08
 -1.250000000000000E-01  3.250000000000000E-01  1.750000000000000E-01  2.625754300332648E+08
 -1.750000000000000E-01  3.250000000000000E-01  1.750000000000000E-01  2.625754300332648E+08
 -2.250000000000000E-01  3.250000000000000E-01  1.750000000000000E-01  2.625754300332648E+08
 -2.750000000000000E-01  3.250000000000000E-01  1.750000000000000E-01  2.625754300332648E+08
 -3.250000000000000E-01  3.250000000000000E-01  1.750000000000000E-01  2.625754300332648E+08
 -3.750000000000000E-01  3.250000000000000E-01  1.750000000000000E-01  2.625754300332648E+08
 -4.250000000000000E-01  3.250000000000000E-01  1.750000000000000E-01  2.625754300332648E+08
 -4.750000000000000E-01  3.250000000000000E-01  1.750000000000000E-01  2.625754300332648E+08
 -5.249999999999999E-01  3.250000000000000E-01  1.750000000000000E-01  2.625754300332648E+08
 -5.750000000000000E-01  3.250000000000000E-01  1.750000000000000E-01  2.625754300332648E+08
 -6.250000000000000E-01  3.250000000000000E-01  1.750000000000000E-01  2.625754300332648E+08
 -6.750000000000000E-01  3.250000000000000E-01  1.750000000000000E-01  2.625754300332648E+08
 -2.500000000000000E-02  3.750000000000000E-01  1.750000000000000E-01  2.625754300332648E+08
 -7.500000000000001E-02  3.750000000000000E-01  1.750000000000000E-01  2.625754300332648E+08
 -2.500000000000000E-02  2.500000000000000E-02  2.250000000000000E-01  2.625754300332648E+08
 -7.500000000000001E-02  2.500000000000000E-02  2.250000000000000E-01  2.625754300332648E+08
 -1.250000000000000E-01  2.500000000000000E-02  2.250000000000000E-01  2.625754300332648E+08
 -1.750000000000000E-01  2.500000000000000E-02  2.250000000000000E-01  2.625754300332648E+08
 -2.250000000000000E-01  2.500000000000000E-02  2.250000000000000E-01  2.625754300332648E+08
 -2.750000000000000E-01  2.500000000000000E-02  2.250000000000000E-01  2.625754300332648E+08
 -3.250000000000000E-01  2.500000000000000E-02  2.250000000000000E-01  2.625754300332648E+08
 -3.750000000000000E-01  2.500000000000000E-02  2.250000000000000E-01  2.625754300332648E+08
 -4.250000000000000E-01  2.500000000000000E-02  2.250000000000000E-01  2.625754300332648E+08
 -4.750000000000000E-01  2.500000000000000E-02  2.250000000000000E-01  2.625754300332648E+08
 -5.249999999999999E-01  2.500000000000000E-02  2.250000000000000E-01  2.625754300332648E+08
 -5.750000000000000E-01  2.500000000000000E-02  2.250000000000000E-01  2.625754300332648E+08
 -6.250000000000000E-01  2.500000000000000E-02  2.250000000000000E-01  2.625754300332648E+08
 -6.750000000000000E-01  2.500000000000000E-02  2.250000000000000E-01  2.625754300332648E+08
 -7.250000000000001E-01  2.500000000000000E-02  2.250000000000000E-01  2.625754300332648E+08
 -7.750000000000001E-01  2.500000000000000E-02  2.250000000000000E-01  2.625754300332648E+08
 -2.500000000000000E-02  7.500000000000001E-02  2.250000000000000E-01  2.625754300332648E+08
 -7.500000000000001E-02  7.500000000000001E-02  2.250000000000000E-01  2.625754300332648E+08
 -1.250000000000000E-01  7.500000000000001E-02  2.250000000000000E-01  2.625754300332648E+08
 -1.750000000000000E-01  7.500000000000001E-02  2.250000000000000E-01  2.625754300332648E+08
 -2.250000000000000E-01  7.500000000000001E-02  2.250000000000000E-01  2.625754300332648E+08
 -2.750000000000000E-01  7.500000000000001E-02  2.250000000000000E-01  2.625754300332648E+08
 -3.250000000000000E-01  7.500000000000001E-02  2.250000000000000E-01  2.625754300332648E+08
 -3.750000000000000E-01  7.500000000000001E-02  2.250000000000000E-01  2.625754300332648E+08
 -4.250000000000000E-01  7.500000000000001E-02  2.250000000000000E-01  2.625754300332648E+08
 -4.750000000000000E-01  7.500000000000001E-02  2.250000000000000E-01  2.625754300332648E+08
 -5.249999999999999E-01  7.500000000000001E-02  2.250000000000000E-01  2.625754300332648E+08
 -5.750000000000000E-01  7.500000000000001E-02  2.250000000000000E-01  2.625754300332648E+08
 -6.250000000000000E-01  7.500000000000001E-02  2.250000000000000E-01  2.625754300332648E+08
 -6.750000000000000E-01  7.500000000000001E-02  2.250000000000000E-01  2.625754300332648E+08
 -7.250000000000001E-01  7.500000000000001E-02  2.250000000000000E-01  2.625754300332648E+08
 -7.750000000000001E-01  7.500000000000001E-02  2.250000000000000E-01  2.625754300332648E+08
 -2.500000000000000E-02  1.250000000000000E-01  2.250000000000000E-01  2.625754300332648E+08
 -7.500000000000001E-02  1.250000000000000E-01  2.250000000000000E-01  2.625754300332648E+08
 -1.250000000000000E-01  1.250000000000000E-01  2.250000000000000E-01  2.625754300332648E+08
 -1.750000000000000E-01  1.250000000000000E-01  2.250000000000000E-01  2.625754300332648E+08
 -2.250000000000000E-01  1.250000000000000E-01  2.250000000000000E-01  2.625754300332648E+08
 -2.750000000000000E-01  1.250000000000000E-01  2.250000000000000E-01  2.625754300332648E+08
 -3.250000000000000E-01  1.250000000000000E-01  2.250000000000000E-01  2.625754300332648E+08
 -3.750000000000000E-01  1.250000000000000E-01  2.250000000000000E-01  2.625754300332648E+08
 -4.250000000000000E-01  1.250000000000000E-01  2.250000000000000E-01  2.625754300332648E+08
 -4.750000000000000E-01  1.250000000000000E-01  2.250000000000000E-01  2.625754300332648E+08
 -5.249999999999999E-01  1.250000000000000E-01  2.250000000000000E-01  2.625754300332648E+08
 -5.750000000000000E-01  1.250000000000000E-01  2.250000000000000E-01  2.625754300332648E+08
 -6.250000000000000E-01  1.250000000000000E-01  2.250000000000000E-01  2.625754300332648E+08
 -6.750000000000000E-01  1.250000000000000E-01  2.250000000000000E-01  2.625754300332648E+08
 -7.250000000000001E-01  1.250000000000000E-01  2.250000000000000E-01  2.625754300332648E+08
 -7.750000000000001E-01  1.250000000000000E-01  2.250000000000000E-01  2.625754300332648E+08
 -2.500000000000000E-02  1.750000000000000E-01  2.250000000000000E-01  2.625754300332648E+08
 -7.500000000000001E-02  1.750000000000000E-01  2.250000000000000E-01  2.625754300332648E+08
 -1.250000000000000E-01  1.750000000000000E-01  2.250000000000000E-01  2.625754300332648E+08
 -1.750000000000000E-01  1.750000000000000E-01  2.250000000000000E-01  2.625754300332648E+08
 -2.250000000000000E-01  1.750000000000000E-01  2.250000000000000E-01  2.625754300332648E+08
 -2.750000000000000E-01  1.750000000000000E-01  2.250000000000000E-01  2.625754300332648E+08
 -3.250000000000000E-01  1.750000000000000E-01  2.250000000000000E-01  2.625754300332648E+08
 -3.750000000000000E-01  1.750000000000000E-01  2.250000000000000E-01  2.625754300332648E+08
 -4.250000000000000E-01  1.750000000000000E-01  2.250000000000000E-01  2.625754300332648E+08
 -4.750000000000000E-01  1.750000000000000E-01  2.250000000000000E-01  2.625754300332648E+08
 -5.249999999999999E-01  1.750000000000000E-01  2.250000000000000E-01  2.625754300332648E+08
 -5.750000000000000E-01  1.750000000000000E-01  2.250000000000000E-01  2.625754300332648E+08
 -6.250000000000000E-01  1.750000000000000E-01  2.250000000000000E-01  2.625754300332648E+08
 -6.750000000000000E-01  1.750000000000000E-01  2.250000000000000E-01  2.625754300332648E+08
 -7.250000000000001E-01  1.750000000000000E-01  2.250000000000000E-01  2.625754300332648E+08
 -7.750000000000001E-01  1.750000000000000E-01  2.250000000000000E-01  2.625754300332648E+08
 -2.500000000000000E-02  2.250000000000000E-01  2.250000000000000E-01  2.625754300332648E+08
 -7.500000000000001E-02  2.250000000000000E-01  2.250000000000000E-01  2.625754300332648E+08
 -1.250000000000000E-01  2.250000000000000E-01  2.250000000000000E-01  2.625754300332648E+08
 -1.750000000000000E-01  2.250000000000000E-01  2.250000000000000E-01  2.625754300332648E+08
 -2.250000000000000E-01  2.250000000000000E-01  2.250000000000000E-01  2.625754300332648E+08
 -2.750000000000000E-01  2.250000000000000E-01  2.250000000000000E-01  2.625754300332648E+08
 -3.250000000000000E-01  2.250000000000000E-01  2.250000000000000E-01  2.625754300332648E+08
 -3.750000000000000E-01  2.250000000000000E-01  2.250000000000000E-01  2.625754300332648E+08
 -4.250000000000000E-01  2.250000000000000E-01  2.250000000000000E-01  2.625754300332648E+08
 -4.750000000000000E-01  2.250000000000000E-01  2.250000000000000E-01  2.625754300332648E+08
 -5.249999999999999E-01  2.250000000000000E-01  2.250000000000000E-01  2.625754300332648E+08
 -5.750000000000000E-01  2.250000000000000E-01  2.250000000000000E-01  2.625754300332648E+08
 -6.250000000000000E-01  2.250000000000000E-01  2.250000000000000E-01  2.625754300332648E+08
 -6.750000000000000E-01  2.250000000000000E-01  2.250000000000000E-01  2.625754300332648E+08
 -7.250000000000001E-01  2.250000000000000E-01  2.250000000000000E-01  2.625754300332648E+08
 -2.500000000000000E-02  2.750000000000000E-01  2.250000000000000E-01  2.625754300332648E+08
 -7.500000000000001E-02  2.750000000000000E-01  2.250000000000000E-01  2.625754300332648E+08
 -1.250000000000000E-01  2.750000000000000E-01  2.250000000000000E-01  2.625754300332648E+08
 -2.250000000000000E-01  2.750000000000000E-01  2.250000000000000E-01  2.625754300332648E+08
 -2.750000000000000E-01  2.750000000000000E-01  2.250000000000000E-01  2.625754300332648E+08
 -3.250000000000000E-01  2.750000000000000E-01  2.250000000000000E-01  2.625754300332648E+08
 -3.750000000000000E-01  2.750000000000000E-01  2.250000000000000E-01  2.625754300332648E+08
 -4.250000000000000E-01  2.750000000000000E-01  2.250000000000000E-01  2.625754300332648E+08
 -4.750000000000000E-01  2.750000000000000E-01  2.250000000000000E-01  2.625754300332648E+08
 -5.249999999999999E-01  2.750000000000000E-01  2.250000000000000E-01  2.625754300332648E+08
 -5.750000000000000E-01  2.750000000000000E-01  2.250000000000000E-01  2.625754300332648E+08
 -6.250000000000000E-01  2.750000000000000E-01  2.250000000000000E-01  2.625754300332648E+08
 -6.750000000000000E-01  2.750000000000000E-01  2.250000000000000E-01  2.625754300332648E+08
 -2.500000000000000E-02  3.250000000000000E-01  2.250000000000000E-01  2.625754300332648E+08
 -4.750000000000000E-01  3.250000000000000E-01  2.250000000000000E-01  2.625754300332648E+08
 -5.249999999999999E-01  3.250000000000000E-01  2.250000000000000E-01  2.625754300332648E+08
 -5.750000000000000E-01  3.250000000000000E-01  2.250000000000000E-01  2.625754300332648E+08
 -2.500000000000000E-02  2.500000000000000E-02  2.750000000000000E-01  2.625754300332648E+08
 -2.750000000000000E-01  2.500000000000000E-02  2.750000000000000E-01  2.625754300332648E+08
 -3.250000000000000E-01  2.500000000000000E-02  2.750000000000000E-01  2.625754300332648E+08
 -3.750000000000000E-01  2.500000000000000E-02  2.750000000000000E-01  2.625754300332648E+08
 -4.250000000000000E-01  2.500000000000000E-02  2.750000000000000E-01  2.625754300332648E+08
 -4.750000000000000E-01  2.500000000000000E-02  2.750000000000000E-01  2.625754300332648E+08
 -5.249999999999999E-01  2.500000000000000E-02  2.750000000000000E-01  2.625754300332648E+08
 -5.750000000000000E-01  2.500000000000000E-02  2.750000000000000E-01  2.625754300332648E+08
 -6.250000000000000E-01  2.500000000000000E-02  2.750000000000000E-01  2.625754300332648E+08
 -6.750000000000000E-01  2.500000000000000E-02  2.750000000000000E-01  2.625754300332648E+08
 -2.500000000000000E-02  7.500000000000001E-02  2.750000000000000E-01  2.625754300332648E+08
 -2.250000000000000E-01  7.500000000000001E-02  2.750000000000000E-01  2.625754300332648E+08
 -2.750000000000000E-01  7.500000000000001E-02  2.750000000000000E-01  2.625754300332648E+08
 -3.250000000000000E-01  7.500000000000001E-02  2.750000000000000E-01  2.625754300332648E+08
 -3.750000000000000E-01  7.500000000000001E-02  2.750000000000000E-01  2.625754300332648E+08
 -4.250000000000000E-01  7.500000000000001E-02  2.750000000000000E-01  2.625754300332648E+08
 -4.750000000000000E-01  7.500000000000001E-02  2.750000000000000E-01  2.625754300332648E+08
 -5.249999999999999E-01  7.500000000000001E-02  2.750000000000000E-01  2.625754300332648E+08
 -5.750000000000000E-01  7.500000000000001E-02  2.750000000000000E-01  2.625754300332648E+08
 -6.250000000000000E-01  7.500000000000001E-02  2.750000000000000E-01  2.625754300332648E+08
 -6.750000000000000E-01  7.500000000000001E-02  2.750000000000000E-01  2.625754300332648E+08
 -2.750000000000000E-01  1.250000000000000E-01  2.750000000000000E-01  2.625754300332648E+08
 -3.250000000000000E-01  1.250000000000000E-01  2.750000000000000E-01  2.625754300332648E+08
 -3.750000000000000E-01  1.250000000000000E-01  2.750000000000000E-01  2.625754300332648E+08
 -4.250000000000000E-01  1.250000000000000E-01  2.750000000000000E-01  2.625754300332648E+08
 -4.750000000000000E-01  1.250000000000000E-01  2.750000000000000E-01  2.625754300332648E+08
 -5.249999999999999E-01  1.250000000000000E-01  2.750000000000000E-01  2.625754300332648E+08
 -5.750000000000000E-01  1.250000000000000E-01  2.750000000000000E-01  2.625754300332648E+08
 -6.250000000000000E-01  1.250000000000000E-01  2.750000000000000E-01  2.625754300332648E+08
 -6.750000000000000E-01  1.250000000000000E-01  2.750000000000000E-01  2.625754300332648E+08
 -3.250000000000000E-01  1.750000000000000E-01  2.750000000000000E-01  2.625754300332648E+08
 -3.750000000000000E-01  1.750000000000000E-01  2.750000000000000E-01  2.625754300332648E+08
 -4.250000000000000E-01  1.750000000000000E-01  2.750000000000000E-01  2.625754300332648E+08
 -4.750000000000000E-01  1.750000000000000E-01  2.750000000000000E-01  2.625754300332648E+08
 -5.249999999999999E-01  1.750000000000000E-01  2.750000000000000E-01  2.625754300332648E+08
 -5.750000000000000E-01  1.750000000000000E-01  2.750000000000000E-01  2.625754300332648E+08
 -6.250000000000000E-01  1.750000000000000E-01  2.750000000000000E-01  2.625754300332648E+08
 -6.750000000000000E-01  1.750000000000000E-01  2.750000000000000E-01  2.625754300332648E+08
 -3.750000000000000E-01  2.250000000000000E-01  2.750000000000000E-01  2.625754300332648E+08
 -4.250000000000000E-01  2.250000000000000E-01  2.750000000000000E-01  2.625754300332648E+08
 -4.750000000000000E-01  2.250000000000000E-01  2.750000000000000E-01  2.625754300332648E+08
 -5.249999999999999E-01  2.250000000000000E-01  2.750000000000000E-01  2.625754300332648E+08
 -5.750000000000000E-01  2.250000000000000E-01  2.750000000000000E-01  2.625754300332648E+08
 -6.250000000000000E-01  2.250000000000000E-01  2.750000000000000E-01  2.625754300332648E+08
 -2.500000000000000E-02 -2.500000000000000E-02  2.500000000000000E-02  2.625754300332648E+08
 -7.500000000000001E-02 -2.500000000000000E-02  2.500000000000000E-02  2.625754300332648E+08
 -1.250000000000000E-01 -2.500000000000000E-02  2.500000000000000E-02  2.625754300332648E+08
 -1.750000000000000E-01 -2.500000000000000E-02  2.500000000000000E-02  2.625754300332648E+08
 -2.250000000000000E-01 -2.500000000000000E-02  2.500000000000000E-02  2.625754300332648E+08
 -2.750000000000000E-01 -2.500000000000000E-02  2.500000000000000E-02  2.625754300332648E+08
 -3.250000000000000E-01 -2.500000000000000E-02  2.500000000000000E-02  2.625754300332648E+08
 -3.750000000000000E-01 -2.500000000000000E-02  2.500000000000000E-02  2.625754300332648E+08
 -4.250000000000000E-01 -2.500000000000000E-02  2.500000000000000E-02  2.625754300332648E+08
 -4.750000000000000E-01 -2.500000000000000E-02  2.500000000000000E-02  2.625754300332648E+08
 -5.249999999999999E-01 -2.500000000000000E-02  2.500000000000000E-02  2.625754300332648E+08
 -5.750000000000000E-01 -2.500000000000000E-02  2.500000000000000E-02  2.625754300332648E+08
 -6.250000000000000E-01 -2.500000000000000E-02  2.500000000000000E-02  2.625754300332648E+08
 -6.750000000000000E-01 -2.500000000000000E-02  2.500000000000000E-02  2.625754300332648E+08
 -7.250000000000001E-01 -2.500000000000000E-02  2.500000000000000E-02  2.625754300332648E+08
 -7.750000000000001E-01 -2.500000000000000E-02  2.500000000000000E-02  2.625754300332648E+08
 -2.500000000000000E-02 -7.500000000000001E-02  2.500000000000000E-02  2.625754300332648E+08
 -7.500000000000001E-02 -7.500000000000001E-02  2.500000000000000E-02  2.625754300332648E+08
 -1.250000000000000E-01 -7.500000000000001E-02  2.500000000000000E-02  2.625754300332648E+08
 -1.750000000000000E-01 -7.500000000000001E-02  2.500000000000000E-02  2.625754300332648E+08
 -2.250000000000000E-01 -7.500000000000001E-02  2.500000000000000E-02  2.625754300332648E+08
 -2.750000000000000E-01 -7.500000000000001E-02  2.500000000000000E-02  2.625754300332648E+08
 -3.250000000000000E-01 -7.500000000000001E-02  2.500000000000000E-02  2.625754300332648E+08
 -3.750000000000000E-01 -7.500000000000001E-02  2.500000000000000E-02  2.625754300332648E+08
 -4.250000000000000E-01 -7.500000000000001E-02  2.500000000000000E-02  2.625754300332648E+08
 -4.750000000000000E-01 -7.500000000000001E-02  2.500000000000000E-02  2.625754300332648E+08
 -5.249999999999999E-01 -7.500000000000001E-02  2.500000000000000E-02  2.625754300332648E+08
 -5.750000000000000E-01 -7.500000000000001E-02  2.500000000000000E-02  2.625754300332648E+08
 -6.250000000000000E-01 -7.500000000000001E-02  2.500000000000000E-02  2.625754300332648E+08
 -6.750000000000000E-01 -7.500000000000001E-02  2.500000000000000E-02  2.625754300332648E+08
 -7.250000000000001E-01 -7.500000000000001E-02  2.500000000000000E-02  2.625754300332648E+08
 -7.750000000000001E-01 -7.500000000000001E-02  2.500000000000000E-02  2.625754300332648E+08
 -2.500000000000000E-02 -1.250000000000000E-01  2.500000000000000E-02  2.625754300332648E+08
 -7.500000000000001E-02 -1.250000000000000E-01  2.500000000000000E-02  2.625754300332648E+08
 -1.250000000000000E-01 -1.250000000000000E-01  2.500000000000000E-02  2.625754300332648E+08
 -1.750000000000000E-01 -1.250000000000000E-01  2.500000000000000E-02  2.625754300332648E+08
 -2.250000000000000E-01 -1.250000000000000E-01  2.500000000000000E-02  2.625754300332648E+08
 -2.750000000000000E-01 -1.250000000000000E-01  2.500000000000000E-02  2.625754300332648E+08
 -3.250000000000000E-01 -1.250000000000000E-01  2.500000000000000E-02  2.625754300332648E+08
 -3.750000000000000E-01 -1.250000000000000E-01  2.500000000000000E-02  2.625754300332648E+08
 -4.250000000000000E-01 -1.250000000000000E-01  2.500000000000000E-02  2.625754300332648E+08
 -4.750000000000000E-01 -1.250000000000000E-01  2.500000000000000E-02  2.625754300332648E+08
 -5.249999999999999E-01 -1.250000000000000E-01  2.500000000000000E-02  2.625754300332648E+08
 -5.750000000000000E-01 -1.250000000000000E-01  2.500000000000000E-02  2.625754300332648E+08
 -6.250000000000000E-01 -1.250000000000000E-01  2.500000000000000E-02  2.625754300332648E+08
 -6.750000000000000E-01 -1.250000000000000E-01  2.500000000000000E-02  2.625754300332648E+08
 -7.250000000000001E-01 -1.250000000000000E-01  2.500000000000000E-02  2.625754300332648E+08
 -7.750000000000001E-01 -1.250000000000000E-01  2.500000000000000E-02  2.625754300332648E+08
 -2.500000000000000E-02 -1.750000000000000E-01  2.500000000000000E-02  2.625754300332648E+08
 -7.500000000000001E-02 -1.750000000000000E-01  2.500000000000000E-02  2.625754300332648E+08
 -1.250000000000000E-01 -1.750000000000000E-01  2.500000000000000E-02  2.625754300332648E+08
 -1.750000000000000E-01 -1.750000000000000E-01  2.500000000000000E-02  2.625754300332648E+08
 -2.250000000000000E-01 -1.750000000000000E-01  2.500000000000000E-02  2.625754300332648E+08
 -2.750000000000000E-01 -1.750000000000000E-01  2.500000000000000E-02  2.625754300332648E+08
 -3.250000000000000E-01 -1.750000000000000E-01  2.500000000000000E-02  2.625754300332648E+08
 -3.750000000000000E-01 -1.750000000000000E-01  2.500000000000000E-02  2.625754300332648E+08
 -4.250000000000000E-01 -1.750000000000000E-01  2.500000000000000E-02  2.625754300332648E+08
 -4.750000000000000E-01 -1.750000000000000E-01  2.500000000000000E-02  2.625754300332648E+08
 -5.249999999999999E-01 -1.750000000000000E-01  2.500000000000000E-02  2.625754300332648E+08
 -5.750000000000000E-01 -1.750000000000000E-01  2.500000000000000E-02  2.625754300332648E+08
 -6.250000000000000E-01 -1.750000000000000E-01  2.500000000000000E-02  2.625754300332648E+08
 -6.750000000000000E-01 -1.750000000000000E-01  2.500000000000000E-02  2.625754300332648E+08
 -7.250000000000001E-01 -1.750000000000000E-01  2.500000000000000E-02  2.625754300332648E+08
 -2.500000000000000E-02 -2.250000000000000E-01  2.500000000000000E-02  2.625754300332648E+08
 -7.500000000000001E-02 -2.250000000000000E-01  2.500000000000000E-02  2.625754300332648E+08
 -1.250000000000000E-01 -2.250000000000000E-01  2.500000000000000E-02  2.625754300332648E+08
 -1.750000000000000E-01 -2.250000000000000E-01  2.500000000000000E-02  2.625754300332648E+08
 -2.250000000000000E-01 -2.250000000000000E-01  2.500000000000000E-02  2.625754300332648E+08
 -2.750000000000000E-01 -2.250000000000000E-01  2.500000000000000E-02  2.625754300332648E+08
 -3.250000000000000E-01 -2.250000000000000E-01  2.500000000000000E-02  2.625754300332648E+08
 -3.750000000000000E-01 -2.250000000000000E-01  2.500000000000000E-02  2.625754300332648E+08
 -4.250000000000000E-01 -2.250000000000000E-01  2.500000000000000E-02  2.625754300332648E+08
 -4.750000000000000E-01 -2.250000000000000E-01  2.500000000000000E-02  2.625754300332648E+08
 -5.249999999999999E-01 -2.250000000000000E-01  2.500000000000000E-02  2.625754300332648E+08
 -5.750000000000000E-01 -2.250000000000000E-01  2.500000000000000E-02  2.625754300332648E+08
 -6.250000000000000E-01 -2.250000000000000E-01  2.500000000000000E-02  2.625754300332648E+08
 -6.750000000000000E-01 -2.250000000000000E-01  2.500000000000000E-02  2.625754300332648E+08
 -7.250000000000001E-01 -2.250000000000000E-01  2.500000000000000E-02  2.625754300332648E+08
 -2.500000000000000E-02 -2.750000000000000E-01  2.500000000000000E-02  2.625754300332648E+08
 -7.500000000000001E-02 -2.750000000000000E-01  2.500000000000000E-02  2.625754300332648E+08
 -1.250000000000000E-01 -2.750000000000000E-01  2.500000000000000E-02  2.625754300332648E+08
 -1.750000000000000E-01 -2.750000000000000E-01  2.500000000000000E-02  2.625754300332648E+08
 -2.250000000000000E-01 -2.750000000000000E-01  2.500000000000000E-02  2.625754300332648E+08
 -2.750000000000000E-01 -2.750000000000000E-01  2.500000000000000E-02  2.625754300332648E+08
 -3.250000000000000E-01 -2.750000000000000E-01  2.500000000000000E-02  2.625754300332648E+08
 -3.750000000000000E-01 -2.750000000000000E-01  2.500000000000000E-02  2.625754300332648E+08
 -4.250000000000000E-01 -2.750000000000000E-01  2.500000000000000E-02  2.625754300332648E+08
 -4.750000000000000E-01 -2.750000000000000E-01  2.500000000000000E-02  2.625754300332648E+08
 -5.249999999999999E-01 -2.750000000000000E-01  2.500000000000000E-02  2.625754300332648E+08
 -5.750000000000000E-01 -2.750000000000000E-01  2.500000000000000E-02  2.625754300332648E+08
 -6.250000000000000E-01 -2.750000000000000E-01  2.500000000000000E-02  2.625754300332648E+08
 -6.750000000000000E-01 -2.750000000000000E-01  2.500000000000000E-02  2.625754300332648E+08
 -2.500000000000000E-02 -3.250000000000000E-01  2.500000000000000E-02  2.625754300332648E+08
 -7.500000000000001E-02 -3.250000000000000E-01  2.500000000000000E-02  2.625754300332648E+08
 -1.250000000000000E-01 -3.250000000000000E-01  2.500000000000000E-02  2.625754300332648E+08
 -1.750000000000000E-01 -3.250000000000000E-01  2.500000000000000E-02  2.625754300332648E+08
 -2.250000000000000E-01 -3.250000000000000E-01  2.500000000000000E-02  2.625754300332648E+08
 -2.750000000000000E-01 -3.250000000000000E-01  2.500000000000000E-02  2.625754300332648E+08
 -3.250000000000000E-01 -3.250000000000000E-01  2.500000000000000E-02  2.625754300332648E+08
 -3.750000000000000E-01 -3.250000000000000E-01  2.500000000000000E-02  2.625754300332648E+08
 -4.250000000000000E-01 -3.250000000000000E-01  2.500000000000000E-02  2.625754300332648E+08
 -4.750000000000000E-01 -3.250000000000000E-01  2.500000000000000E-02  2.625754300332648E+08
 -5.249999999999999E-01 -3.250000000000000E-01  2.500000000000000E-02  2.625754300332648E+08
 -5.750000000000000E-01 -3.250000000000000E-01  2.500000000000000E-02  2.625754300332648E+08
 -6.250000000000000E-01 -3.250000000000000E-01  2.500000000000000E-02  2.625754300332648E+08
 -2.500000000000000E-02 -3.750000000000000E-01  2.500000000000000E-02  2.625754300332648E+08
 -7.500000000000001E-02 -3.750000000000000E-01  2.500000000000000E-02  2.625754300332648E+08
 -1.250000000000000E-01 -3.750000000000000E-01  2.500000000000000E-02  2.625754300332648E+08
 -1.750000000000000E-01 -3.750000000000000E-01  2.500000000000000E-02  2.625754300332648E+08
 -2.250000000000000E-01 -3.750000000000000E-01  2.500000000000000E-02  2.625754300332648E+08
 -2.750000000000000E-01 -3.750000000000000E-01  2.500000000000000E-02  2.625754300332648E+08
 -3.250000000000000E-01 -3.750000000000000E-01  2.500000000000000E-02  2.625754300332648E+08
 -3.750000000000000E-01 -3.750000000000000E-01  2.500000000000000E-02  2.625754300332648E+08
 -4.250000000000000E-01 -3.750000000000000E-01  2.500000000000000E-02  2.625754300332648E+08
 -4.750000000000000E-01 -3.750000000000000E-01  2.500000000000000E-02  2.625754300332648E+08
 -5.249999999999999E-01 -3.750000000000000E-01  2.500000000000000E-02  2.625754300332648E+08
 -5.750000000000000E-01 -3.750000000000000E-01  2.500000000000000E-02  2.625754300332648E+08
 -6.250000000000000E-01 -3.750000000000000E-01  2.500000000000000E-02  2.625754300332648E+08
 -2.500000000000000E-02 -4.250000000000000E-01  2.500000000000000E-02  2.625754300332648E+08
 -2.750000000000000E-01 -4.250000000000000E-01  2.500000000000000E-02  2.625754300332648E+08
 -3.250000000000000E-01 -4.250000000000000E-01  2.500000000000000E-02  2.625754300332648E+08
 -3.750000000000000E-01 -4.250000000000000E-01  2.500000000000000E-02  2.625754300332648E+08
 -4.250000000000000E-01 -4.250000000000000E-01  2.500000000000000E-02  2.625754300332648E+08
 -4.750000000000000E-01 -4.250000000000000E-01  2.500000000000000E-02  2.625754300332648E+08
 -5.249999999999999E-01 -4.250000000000000E-01  2.500000000000000E-02  2.625754300332648E+08
 -5.750000000000000E-01 -4.250000000000000E-01  2.500000000000000E-02  2.625754300332648E+08
 -2.500000000000000E-02 -2.500000000000000E-02  7.500000000000001E-02  2.625754300332648E+08
 -7.500000000000001E-02 -2.500000000000000E-02  7.500000000000001E-02  2.625754300332648E+08
 -1.250000000000000E-01 -2.500000000000000E-02  7.500000000000001E-02  2.625754300332648E+08
 -1.750000000000000E-01 -2.500000000000000E-02  7.500000000000001E-02  2.625754300332648E+08
 -2.250000000000000E-01 -2.500000000000000E-02  7.500000000000001E-02  2.625754300332648E+08
 -2.750000000000000E-01 -2.500000000000000E-02  7.500000000000001E-02  2.625754300332648E+08
 -3.250000000000000E-01 -2.500000000000000E-02  7.500000000000001E-02  2.625754300332648E+08
 -3.750000000000000E-01 -2.500000000000000E-02  7.500000000000001E-02  2.625754300332648E+08
 -4.250000000000000E-01 -2.500000000000000E-02  7.500000000000001E-02  2.625754300332648E+08
 -4.750000000000000E-01 -2.500000000000000E-02  7.500000000000001E-02  2.625754300332648E+08
 -5.249999999999999E-01 -2.500000000000000E-02  7.500000000000001E-02  2.625754300332648E+08
 -5.750000000000000E-01 -2.500000000000000E-02  7.500000000000001E-02  2.625754300332648E+08
 -6.250000000000000E-01 -2.500000000000000E-02  7.500000000000001E-02  2.625754300332648E+08
 -6.750000000000000E-01 -2.500000000000000E-02  7.500000000000001E-02  2.625754300332648E+08
 -7.250000000000001E-01 -2.500000000000000E-02  7.500000000000001E-02  2.625754300332648E+08
 -7.750000000000001E-01 -2.500000000000000E-02  7.500000000000001E-02  2.625754300332648E+08
 -2.500000000000000E-02 -7.500000000000001E-02  7.500000000000001E-02  2.625754300332648E+08
 -7.500000000000001E-02 -7.500000000000001E-02  7.500000000000001E-02  2.625754300332648E+08
 -1.250000000000000E-01 -7.500000000000001E-02  7.500000000000001E-02  2.625754300332648E+08
 -1.750000000000000E-01 -7.500000000000001E-02  7.500000000000001E-02  2.625754300332648E+08
 -2.250000000000000E-01 -7.500000000000001E-02  7.500000000000001E-02  2.625754300332648E+08
 -2.750000000000000E-01 -7.500000000000001E-02  7.500000000000001E-02  2.625754300332648E+08
 -3.250000000000000E-01 -7.500000000000001E-02  7.500000000000001E-02  2.625754300332648E+08
 -3.750000000000000E-01 -7.500000000000001E-02  7.500000000000001E-02  2.625754300332648E+08
 -4.250000000000000E-01 -7.500000000000001E-02  7.500000000000001E-02  2.625754300332648E+08
 -4.750000000000000E-01 -7.500000000000001E-02  7.500000000000001E-02  2.625754300332648E+08
 -5.249999999999999E-01 -7.500000000000001E-02  7.500000000000001E-02  2.625754300332648E+08
 -5.750000000000000E-01 -7.500000000000001E-02  7.500000000000001E-02  2.625754300332648E+08
 -6.250000000000000E-01 -7.500000000000001E-02  7.500000000000001E-02  2.625754300332648E+08
 -6.750000000000000E-01 -7.500000000000001E-02  7.500000000000001E-02  2.625754300332648E+08
 -7.250000000000001E-01 -7.500000000000001E-02  7.500000000000001E-02  2.625754300332648E+08
 -7.750000000000001E-01 -7.500000000000001E-02  7.500000000000001E-02  2.625754300332648E+08
 -2.500000000000000E-02 -1.250000000000000E-01  7.500000000000001E-02  2.625754300332648E+08
 -7.500000000000001E-02 -1.250000000000000E-01  7.500000000000001E-02  2.625754300332648E+08
 -1.250000000000000E-01 -1.250000000000000E-01  7.500000000000001E-02  2.625754300332648E+08
 -1.750000000000000E-01 -1.250000000000000E-01  7.500000000000001E-02  2.625754300332648E+08
 -2.250000000000000E-01 -1.250000000000000E-01  7.500000000000001E-02  2.625754300332648E+08
 -2.750000000000000E-01 -1.250000000000000E-01  7.500000000000001E-02  2.625754300332648E+08
 -3.250000000000000E-01 -1.250000000000000E-01  7.500000000000001E-02  2.625754300332648E+08
 -3.750000000000000E-01 -1.250000000000000E-01  7.500000000000001E-02  2.625754300332648E+08
 -4.250000000000000E-01 -1.250000000000000E-01  7.500000000000001E-02  2.625754300332648E+08
 -4.750000000000000E-01 -1.250000000000000E-01  7.500000000000001E-02  2.625754300332648E+08
 -5.249999999999999E-01 -1.250000000000000E-01  7.500000000000001E-02  2.625754300332648E+08
 -5.750000000000000E-01 -1.250000000000000E-01  7.500000000000001E-02  2.625754300332648E+08
 -6.250000000000000E-01 -1.250000000000000E-01  7.500000000000001E-02  2.625754300332648E+08
 -6.750000000000000E-01 -1.250000000000000E-01  7.500000000000001E-02  2.625754300332648E+08
 -7.250000000000001E-01 -1.250000000000000E-01  7.500000000000001E-02  2.625754300332648E+08
 -7.750000000000001E-01 -1.250000000000000E-01  7.500000000000001E-02  2.625754300332648E+08
 -2.500000000000000E-02 -1.750000000000000E-01  7.500000000000001E-02  2.625754300332648E+08
 -7.500000000000001E-02 -1.750000000000000E-01  7.500000000000001E-02  2.625754300332648E+08
 -1.250000000000000E-01 -1.750000000000000E-01  7.500000000000001E-02  2.625754300332648E+08
 -1.750000000000000E-01 -1.750000000000000E-01  7.500000000000001E-02  2.625754300332648E+08
 -2.250000000000000E-01 -1.750000000000000E-01  7.500000000000001E-02  2.625754300332648E+08
 -2.750000000000000E-01 -1.750000000000000E-01  7.500000000000001E-02  2.625754300332648E+08
 -3.250000000000000E-01 -1.750000000000000E-01  7.500000000000001E-02  2.625754300332648E+08
 -3.750000000000000E-01 -1.750000000000000E-01  7.500000000000001E-02  2.625754300332648E+08
 -4.250000000000000E-01 -1.750000000000000E-01  7.500000000000001E-02  2.625754300332648E+08
 -4.750000000000000E-01 -1.750000000000000E-01  7.500000000000001E-02  2.625754300332648E+08
 -5.249999999999999E-01 -1.750000000000000E-01  7.500000000000001E-02  2.625754300332648E+08
 -5.750000000000000E-01 -1.750000000000000E-01  7.500000000000001E-02  2.625754300332648E+08
 -6.250000000000000E-01 -1.750000000000000E-01  7.500000000000001E-02  2.625754300332648E+08
 -6.750000000000000E-01 -1.750000000000000E-01  7.500000000000001E-02  2.625754300332648E+08
 -7.250000000000001E-01 -1.750000000000000E-01  7.500000000000001E-02  2.625754300332648E+08
 -2.500000000000000E-02 -2.250000000000000E-01  7.500000000000001E-02  2.625754300332648E+08
 -7.500000000000001E-02 -2.250000000000000E-01  7.500000000000001E-02  2.625754300332648E+08
 -1.250000000000000E-01 -2.250000000000000E-01  7.500000000000001E-02  2.625754300332648E+08
 -1.750000000000000E-01 -2.250000000000000E-01  7.500000000000001E-02  2.625754300332648E+08
 -2.250000000000000E-01 -2.250000000000000E-01  7.500000000000001E-02  2.625754300332648E+08
 -2.750000000000000E-01 -2.250000000000000E-01  7.500000000000001E-02  2.625754300332648E+08
 -3.250000000000000E-01 -2.250000000000000E-01  7.500000000000001E-02  2.625754300332648E+08
 -3.750000000000000E-01 -2.250000000000000E-01  7.500000000000001E-02  2.625754300332648E+08
 -4.250000000000000E-01 -2.250000000000000E-01  7.500000000000001E-02  2.625754300332648E+08
 -4.750000000000000E-01 -2.250000000000000E-01  7.500000000000001E-02  2.625754300332648E+08
 -5.249999999999999E-01 -2.250000000000000E-01  7.500000000000001E-02  2.625754300332648E+08
 -5.750000000000000E-01 -2.250000000000000E-01  7.500000000000001E-02  2.625754300332648E+08
 -6.250000000000000E-01 -2.250000000000000E-01  7.500000000000001E-02  2.625754300332648E+08
 -6.750000000000000E-01 -2.250000000000000E-01  7.500000000000001E-02  2.625754300332648E+08
 -7.250000000000001E-01 -2.250000000000000E-01  7.500000000000001E-02  2.625754300332648E+08
 -2.500000000000000E-02 -2.750000000000000E-01  7.500000000000001E-02  2.625754300332648E+08
 -7.500000000000001E-02 -2.750000000000000E-01  7.500000000000001E-02  2.625754300332648E+08
 -1.250000000000000E-01 -2.750000000000000E-01  7.500000000000001E-02  2.625754300332648E+08
 -1.750000000000000E-01 -2.750000000000000E-01  7.500000000000001E-02  2.625754300332648E+08
 -2.250000000000000E-01 -2.750000000000000E-01  7.500000000000001E-02  2.625754300332648E+08
 -2.750000000000000E-01 -2.750000000000000E-01  7.500000000000001E-02  2.625754300332648E+08
 -3.250000000000000E-01 -2.750000000000000E-01  7.500000000000001E-02  2.625754300332648E+08
 -3.750000000000000E-01 -2.750000000000000E-01  7.500000000000001E-02  2.625754300332648E+08
 -4.250000000000000E-01 -2.750000000000000E-01  7.500000000000001E-02  2.625754300332648E+08
 -4.750000000000000E-01 -2.750000000000000E-01  7.500000000000001E-02  2.625754300332648E+08
 -5.249999999999999E-01 -2.750000000000000E-01  7.500000000000001E-02  2.625754300332648E+08
 -5.750000000000000E-01 -2.750000000000000E-01  7.500000000000001E-02  2.625754300332648E+08
 -6.250000000000000E-01 -2.750000000000000E-01  7.500000000000001E-02  2.625754300332648E+08
 -6.750000000000000E-01 -2.750000000000000E-01  7.500000000000001E-02  2.625754300332648E+08
 -2.500000000000000E-02 -3.250000000000000E-01  7.500000000000001E-02  2.625754300332648E+08
 -7.500000000000001E-02 -3.250000000000000E-01  7.500000000000001E-02  2.625754300332648E+08
 -1.250000000000000E-01 -3.250000000000000E-01  7.500000000000001E-02  2.625754300332648E+08
 -1.750000000000000E-01 -3.250000000000000E-01  7.500000000000001E-02  2.625754300332648E+08
 -2.250000000000000E-01 -3.250000000000000E-01  7.500000000000001E-02  2.625754300332648E+08
 -2.750000000000000E-01 -3.250000000000000E-01  7.500000000000001E-02  2.625754300332648E+08
 -3.250000000000000E-01 -3.250000000000000E-01  7.500000000000001E-02  2.625754300332648E+08
 -3.750000000000000E-01 -3.250000000000000E-01  7.500000000000001E-02  2.625754300332648E+08
 -4.250000000000000E-01 -3.250000000000000E-01  7.500000000000001E-02  2.625754300332648E+08
 -4.750000000000000E-01 -3.250000000000000E-01  7.500000000000001E-02  2.625754300332648E+08
 -5.249999999999999E-01 -3.250000000000000E-01  7.500000000000001E-02  2.625754300332648E+08
 -5.750000000000000E-01 -3.250000000000000E-01  7.500000000000001E-02  2.625754300332648E+08
 -6.250000000000000E-01 -3.250000000000000E-01  7.500000000000001E-02  2.625754300332648E+08
 -6.750000000000000E-01 -3.250000000000000E-01  7.500000000000001E-02  2.625754300332648E+08
 -2.500000000000000E-02 -3.750000000000000E-01  7.500000000000001E-02  2.625754300332648E+08
 -7.500000000000001E-02 -3.750000000000000E-01  7.500000000000001E-02  2.625754300332648E+08
 -1.250000000000000E-01 -3.750000000000000E-01  7.500000000000001E-02  2.625754300332648E+08
 -1.750000000000000E-01 -3.750000000000000E-01  7.500000000000001E-02  2.625754300332648E+08
 -2.250000000000000E-01 -3.750000000000000E-01  7.500000000000001E-02  2.625754300332648E+08
 -2.750000000000000E-01 -3.750000000000000E-01  7.500000000000001E-02  2.625754300332648E+08
 -3.250000000000000E-01 -3.750000000000000E-01  7.500000000000001E-02  2.625754300332648E+08
 -3.750000000000000E-01 -3.750000000000000E-01  7.500000000000001E-02  2.625754300332648E+08
 -4.250000000000000E-01 -3.750000000000000E-01  7.500000000000001E-02  2.625754300332648E+08
 -4.750000000000000E-01 -3.750000000000000E-01  7.500000000000001E-02  2.625754300332648E+08
 -5.249999999999999E-01 -3.750000000000000E-01  7.500000000000001E-02  2.625754300332648E+08
 -5.750000000000000E-01 -3.750000000000000E-01  7.500000000000001E-02  2.625754300332648E+08
 -6.250000000000000E-01 -3.750000000000000E-01  7.500000000000001E-02  2.625754300332648E+08
 -2.500000000000000E-02 -4.250000000000000E-01  7.500000000000001E-02  2.625754300332648E+08
 -2.750000000000000E-01 -4.250000000000000E-01  7.500000000000001E-02  2.625754300332648E+08
 -3.250000000000000E-01 -4.250000000000000E-01  7.500000000000001E-02  2.625754300332648E+08
 -3.750000000000000E-01 -4.250000000000000E-01  7.500000000000001E-02  2.625754300332648E+08
 -4.250000000000000E-01 -4.250000000000000E-01  7.500000000000001E-02  2.625754300332648E+08
 -4.750000000000000E-01 -4.250000000000000E-01  7.500000000000001E-02  2.625754300332648E+08
 -5.249999999999999E-01 -4.250000000000000E-01  7.500000000000001E-02  2.625754300332648E+08
 -5.750000000000000E-01 -4.250000000000000E-01  7.500000000000001E-02  2.625754300332648E+08
 -4.250000000000000E-01 -4.750000000000000E-01  7.500000000000001E-02  2.625754300332648E+08
 -4.750000000000000E-01 -4.750000000000000E-01  7.500000000000001E-02  2.625754300332648E+08
 -2.500000000000000E-02 -2.500000000000000E-02  1.250000000000000E-01  2.625754300332648E+08
 -7.500000000000001E-02 -2.500000000000000E-02  1.250000000000000E-01  2.625754300332648E+08
 -1.250000000000000E-01 -2.500000000000000E-02  1.250000000000000E-01  2.625754300332648E+08
 -1.750000000000000E-01 -2.500000000000000E-02  1.250000000000000E-01  2.625754300332648E+08
 -2.250000000000000E-01 -2.500000000000000E-02  1.250000000000000E-01  2.625754300332648E+08
 -2.750000000000000E-01 -2.500000000000000E-02  1.250000000000000E-01  2.625754300332648E+08
 -3.250000000000000E-01 -2.500000000000000E-02  1.250000000000000E-01  2.625754300332648E+08
 -3.750000000000000E-01 -2.500000000000000E-02  1.250000000000000E-01  2.625754300332648E+08
 -4.250000000000000E-01 -2.500000000000000E-02  1.250000000000000E-01  2.625754300332648E+08
 -4.750000000000000E-01 -2.500000000000000E-02  1.250000000000000E-01  2.625754300332648E+08
 -5.249999999999999E-01 -2.500000000000000E-02  1.250000000000000E-01  2.625754300332648E+08
 -5.750000000000000E-01 -2.500000000000000E-02  1.250000000000000E-01  2.625754300332648E+08
 -6.250000000000000E-01 -2.500000000000000E-02  1.250000000000000E-01  2.625754300332648E+08
 -6.750000000000000E-01 -2.500000000000000E-02  1.250000000000000E-01  2.625754300332648E+08
 -7.250000000000001E-01 -2.500000000000000E-02  1.250000000000000E-01  2.625754300332648E+08
 -7.750000000000001E-01 -2.500000000000000E-02  1.250000000000000E-01  2.625754300332648E+08
 -2.500000000000000E-02 -7.500000000000001E-02  1.250000000000000E-01  2.625754300332648E+08
 -7.500000000000001E-02 -7.500000000000001E-02  1.250000000000000E-01  2.625754300332648E+08
 -1.250000000000000E-01 -7.500000000000001E-02  1.250000000000000E-01  2.625754300332648E+08
 -1.750000000000000E-01 -7.500000000000001E-02  1.250000000000000E-01  2.625754300332648E+08
 -2.250000000000000E-01 -7.500000000000001E-02  1.250000000000000E-01  2.625754300332648E+08
 -2.750000000000000E-01 -7.500000000000001E-02  1.250000000000000E-01  2.625754300332648E+08
 -3.250000000000000E-01 -7.500000000000001E-02  1.250000000000000E-01  2.625754300332648E+08
 -3.750000000000000E-01 -7.500000000000001E-02  1.250000000000000E-01  2.625754300332648E+08
 -4.250000000000000E-01 -7.500000000000001E-02  1.250000000000000E-01  2.625754300332648E+08
 -4.750000000000000E-01 -7.500000000000001E-02  1.250000000000000E-01  2.625754300332648E+08
 -5.249999999999999E-01 -7.500000000000001E-02  1.250000000000000E-01  2.625754300332648E+08
 -5.750000000000000E-01 -7.500000000000001E-02  1.250000000000000E-01  2.625754300332648E+08
 -6.250000000000000E-01 -7.500000000000001E-02  1.250000000000000E-01  2.625754300332648E+08
 -6.750000000000000E-01 -7.500000000000001E-02  1.250000000000000E-01  2.625754300332648E+08
 -7.250000000000001E-01 -7.500000000000001E-02  1.250000000000000E-01  2.625754300332648E+08
 -7.750000000000001E-01 -7.500000000000001E-02  1.250000000000000E-01  2.625754300332648E+08
 -2.500000000000000E-02 -1.250000000000000E-01  1.250000000000000E-01  2.625754300332648E+08
 -7.500000000000001E-02 -1.250000000000000E-01  1.250000000000000E-01  2.625754300332648E+08
 -1.250000000000000E-01 -1.250000000000000E-01  1.250000000000000E-01  2.625754300332648E+08
 -1.750000000000000E-01 -1.250000000000000E-01  1.250000000000000E-01  2.625754300332648E+08
 -2.250000000000000E-01 -1.250000000000000E-01  1.250000000000000E-01  2.625754300332648E+08
 -2.750000000000000E-01 -1.250000000000000E-01  1.250000000000000E-01  2.625754300332648E+08
 -3.250000000000000E-01 -1.250000000000000E-01  1.250000000000000E-01  2.625754300332648E+08
 -3.750000000000000E-01 -1.250000000000000E-01  1.250000000000000E-01  2.625754300332648E+08
 -4.250000000000000E-01 -1.250000000000000E-01  1.250000000000000E-01  2.625754300332648E+08
 -4.750000000000000E-01 -1.250000000000000E-01  1.250000000000000E-01  2.625754300332648E+08
 -5.249999999999999E-01 -1.250000000000000E-01  1.250000000000000E-01  2.625754300332648E+08
 -5.750000000000000E-01 -1.250000000000000E-01  1.250000000000000E-01  2.625754300332648E+08
 -6.250000000000000E-01 -1.250000000000000E-01  1.250000000000000E-01  2.625754300332648E+08
 -6.750000000000000E-01 -1.250000000000000E-01  1.250000000000000E-01  2.625754300332648E+08
 -7.250000000000001E-01 -1.250000000000000E-01  1.250000000000000E-01  2.625754300332648E+08
 -7.750000000000001E-01 -1.250000000000000E-01  1.250000000000000E-01  2.625754300332648E+08
 -2.500000000000000E-02 -1.750000000000000E-01  1.250000000000000E-01  2.625754300332648E+08
 -7.500000000000001E-02 -1.750000000000000E-01  1.250000000000000E-01  2.625754300332648E+08
 -1.250000000000000E-01 -1.750000000000000E-01  1.250000000000000E-01  2.625754300332648E+08
 -1.750000000000000E-01 -1.750000000000000E-01  1.250000000000000E-01  2.625754300332648E+08
 -2.250000000000000E-01 -1.750000000000000E-01  1.250000000000000E-01  2.625754300332648E+08
 -2.750000000000000E-01 -1.750000000000000E-01  1.250000000000000E-01  2.625754300332648E+08
 -3.250000000000000E-01 -1.750000000000000E-01  1.250000000000000E-01  2.625754300332648E+08
 -3.750000000000000E-01 -1.750000000000000E-01  1.250000000000000E-01  2.625754300332648E+08
 -4.250000000000000E-01 -1.750000000000000E-01  1.250000000000000E-01  2.625754300332648E+08
 -4.750000000000000E-01 -1.750000000000000E-01  1.250000000000000E-01  2.625754300332648E+08
 -5.249999999999999E-01 -1.750000000000000E-01  1.250000000000000E-01  2.625754300332648E+08
 -5.750000000000000E-01 -1.750000000000000E-01  1.250000000000000E-01  2.625754300332648E+08
 -6.250000000000000E-01 -1.750000000000000E-01  1.250000000000000E-01  2.625754300332648E+08
 -6.750000000000000E-01 -1.750000000000000E-01  1.250000000000000E-01  2.625754300332648E+08
 -7.250000000000001E-01 -1.750000000000000E-01  1.250000000000000E-01  2.625754300332648E+08
 -2.500000000000000E-02 -2.250000000000000E-01  1.250000000000000E-01  2.625754300332648E+08
 -7.500000000000001E-02 -2.250000000000000E-01  1.250000000000000E-01  2.625754300332648E+08
 -1.250000000000000E-01 -2.250000000000000E-01  1.250000000000000E-01  2.625754300332648E+08
 -1.750000000000000E-01 -2.250000000000000E-01  1.250000000000000E-01  2.625754300332648E+08
 -2.250000000000000E-01 -2.250000000000000E-01  1.250000000000000E-01  2.625754300332648E+08
 -2.750000000000000E-01 -2.250000000000000E-01  1.250000000000000E-01  2.625754300332648E+08
 -3.250000000000000E-01 -2.250000000000000E-01  1.250000000000000E-01  2.625754300332648E+08
 -3.750000000000000E-01 -2.250000000000000E-01  1.250000000000000E-01  2.625754300332648E+08
 -4.250000000000000E-01 -2.250000000000000E-01  1.250000000000000E-01  2.625754300332648E+08
 -4.750000000000000E-01 -2.250000000000000E-01  1.250000000000000E-01  2.625754300332648E+08
 -5.249999999999999E-01 -2.250000000000000E-01  1.250000000000000E-01  2.625754300332648E+08
 -5.750000000000000E-01 -2.250000000000000E-01  1.250000000000000E-01  2.625754300332648E+08
 -6.250000000000000E-01 -2.250000000000000E-01  1.250000000000000E-01  2.625754300332648E+08
 -6.750000000000000E-01 -2.250000000000000E-01  1.250000000000000E-01  2.625754300332648E+08
 -7.250000000000001E-01 -2.250000000000000E-01  1.250000000000000E-01  2.625754300332648E+08
 -2.500000000000000E-02 -2.750000000000000E-01  1.250000000000000E-01  2.625754300332648E+08
 -7.500000000000001E-02 -2.750000000000000E-01  1.250000000000000E-01  2.625754300332648E+08
 -1.250000000000000E-01 -2.750000000000000E-01  1.250000000000000E-01  2.625754300332648E+08
 -1.750000000000000E-01 -2.750000000000000E-01  1.250000000000000E-01  2.625754300332648E+08
 -2.250000000000000E-01 -2.750000000000000E-01  1.250000000000000E-01  2.625754300332648E+08
 -2.750000000000000E-01 -2.750000000000000E-01  1.250000000000000E-01  2.625754300332648E+08
 -3.250000000000000E-01 -2.750000000000000E-01  1.250000000000000E-01  2.625754300332648E+08
 -3.750000000000000E-01 -2.750000000000000E-01  1.250000000000000E-01  2.625754300332648E+08
 -4.250000000000000E-01 -2.750000000000000E-01  1.250000000000000E-01  2.625754300332648E+08
 -4.750000000000000E-01 -2.750000000000000E-01  1.250000000000000E-01  2.625754300332648E+08
 -5.249999999999999E-01 -2.750000000000000E-01  1.250000000000000E-01  2.625754300332648E+08
 -5.750000000000000E-01 -2.750000000000000E-01  1.250000000000000E-01  2.625754300332648E+08
 -6.250000000000000E-01 -2.750000000000000E-01  1.250000000000000E-01  2.625754300332648E+08
 -6.750000000000000E-01 -2.750000000000000E-01  1.250000000000000E-01  2.625754300332648E+08
 -2.500000000000000E-02 -3.250000000000000E-01  1.250000000000000E-01  2.625754300332648E+08
 -7.500000000000001E-02 -3.250000000000000E-01  1.250000000000000E-01  2.625754300332648E+08
 -1.250000000000000E-01 -3.250000000000000E-01  1.250000000000000E-01  2.625754300332648E+08
 -1.750000000000000E-01 -3.250000000000000E-01  1.250000000000000E-01  2.625754300332648E+08
 -2.250000000000000E-01 -3.250000000000000E-01  1.250000000000000E-01  2.625754300332648E+08
 -2.750000000000000E-01 -3.250000000000000E-01  1.250000000000000E-01  2.625754300332648E+08
 -3.250000000000000E-01 -3.250000000000000E-01  1.250000000000000E-01  2.625754300332648E+08
 -3.750000000000000E-01 -3.250000000000000E-01  1.250000000000000E-01  2.625754300332648E+08
 -4.250000000000000E-01 -3.250000000000000E-01  1.250000000000000E-01  2.625754300332648E+08
 -4.750000000000000E-01 -3.250000000000000E-01  1.250000000000000E-01  2.625754300332648E+08
 -5.249999999999999E-01 -3.250000000000000E-01  1.250000000000000E-01  2.625754300332648E+08
 -5.750000000000000E-01 -3.250000000000000E-01  1.250000000000000E-01  2.625754300332648E+08
 -6.250000000000000E-01 -3.250000000000000E-01  1.250000000000000E-01  2.625754300332648E+08
 -2.500000000000000E-02 -3.750000000000000E-01  1.250000000000000E-01  2.625754300332648E+08
 -7.500000000000001E-02 -3.750000000000000E-01  1.250000000000000E-01  2.625754300332648E+08
 -1.250000000000000E-01 -3.750000000000000E-01  1.250000000000000E-01  2.625754300332648E+08
 -1.750000000000000E-01 -3.750000000000000E-01  1.250000000000000E-01  2.625754300332648E+08
 -2.250000000000000E-01 -3.750000000000000E-01  1.250000000000000E-01  2.625754300332648E+08
 -2.750000000000000E-01 -3.750000000000000E-01  1.250000000000000E-01  2.625754300332648E+08
 -3.250000000000000E-01 -3.750000000000000E-01  1.250000000000000E-01  2.625754300332648E+08
 -3.750000000000000E-01 -3.750000000000000E-01  1.250000000000000E-01  2.625754300332648E+08
 -4.250000000000000E-01 -3.750000000000000E-01  1.250000000000000E-01  2.625754300332648E+08
 -4.750000000000000E-01 -3.750000000000000E-01  1.250000000000000E-01  2.625754300332648E+08
 -5.249999999999999E-01 -3.750000000000000E-01  1.250000000000000E-01  2.625754300332648E+08
 -5.750000000000000E-01 -3.750000000000000E-01  1.250000000000000E-01  2.625754300332648E+08
 -6.250000000000000E-01 -3.750000000000000E-01  1.250000000000000E-01  2.625754300332648E+08
 -2.500000000000000E-02 -4.250000000000000E-01  1.250000000000000E-01  2.625754300332648E+08
 -2.750000000000000E-01 -4.250000000000000E-01  1.250000000000000E-01  2.625754300332648E+08
 -3.250000000000000E-01 -4.250000000000000E-01  1.250000000000000E-01  2.625754300332648E+08
 -3.750000000000000E-01 -4.250000000000000E-01  1.250000000000000E-01  2.625754300332648E+08
 -4.250000000000000E-01 -4.250000000000000E-01  1.250000000000000E-01  2.625754300332648E+08
 -4.750000000000000E-01 -4.250000000000000E-01  1.250000000000000E-01  2.625754300332648E+08
 -5.249999999999999E-01 -4.250000000000000E-01  1.250000000000000E-01  2.625754300332648E+08
 -5.750000000000000E-01 -4.250000000000000E-01  1.250000000000000E-01  2.625754300332648E+08
 -2.500000000000000E-02 -2.500000000000000E-02  1.750000000000000E-01  2.625754300332648E+08
 -7.500000000000001E-02 -2.500000000000000E-02  1.750000000000000E-01  2.625754300332648E+08
 -1.250000000000000E-01 -2.500000000000000E-02  1.750000000000000E-01  2.625754300332648E+08
 -1.750000000000000E-01 -2.500000000000000E-02  1.750000000000000E-01  2.625754300332648E+08
 -2.250000000000000E-01 -2.500000000000000E-02  1.750000000000000E-01  2.625754300332648E+08
 -2.750000000000000E-01 -2.500000000000000E-02  1.750000000000000E-01  2.625754300332648E+08
 -3.250000000000000E-01 -2.500000000000000E-02  1.750000000000000E-01  2.625754300332648E+08
 -3.750000000000000E-01 -2.500000000000000E-02  1.750000000000000E-01  2.625754300332648E+08
 -4.250000000000000E-01 -2.500000000000000E-02  1.750000000000000E-01  2.625754300332648E+08
 -4.750000000000000E-01 -2.500000000000000E-02  1.750000000000000E-01  2.625754300332648E+08
 -5.249999999999999E-01 -2.500000000000000E-02  1.750000000000000E-01  2.625754300332648E+08
 -5.750000000000000E-01 -2.500000000000000E-02  1.750000000000000E-01  2.625754300332648E+08
 -6.250000000000000E-01 -2.500000000000000E-02  1.750000000000000E-01  2.625754300332648E+08
 -6.750000000000000E-01 -2.500000000000000E-02  1.750000000000000E-01  2.625754300332648E+08
 -7.250000000000001E-01 -2.500000000000000E-02  1.750000000000000E-01  2.625754300332648E+08
 -7.750000000000001E-01 -2.500000000000000E-02  1.750000000000000E-01  2.625754300332648E+08
 -2.500000000000000E-02 -7.500000000000001E-02  1.750000000000000E-01  2.625754300332648E+08
 -7.500000000000001E-02 -7.500000000000001E-02  1.750000000000000E-01  2.625754300332648E+08
 -1.250000000000000E-01 -7.500000000000001E-02  1.750000000000000E-01  2.625754300332648E+08
 -1.750000000000000E-01 -7.500000000000001E-02  1.750000000000000E-01  2.625754300332648E+08
 -2.250000000000000E-01 -7.500000000000001E-02  1.750000000000000E-01  2.625754300332648E+08
 -2.750000000000000E-01 -7.500000000000001E-02  1.750000000000000E-01  2.625754300332648E+08
 -3.250000000000000E-01 -7.500000000000001E-02  1.750000000000000E-01  2.625754300332648E+08
 -3.750000000000000E-01 -7.500000000000001E-02  1.750000000000000E-01  2.625754300332648E+08
 -4.250000000000000E-01 -7.500000000000001E-02  1.750000000000000E-01  2.625754300332648E+08
 -4.750000000000000E-01 -7.500000000000001E-02  1.750000000000000E-01  2.625754300332648E+08
 -5.249999999999999E-01 -7.500000000000001E-02  1.750000000000000E-01  2.625754300332648E+08
 -5.750000000000000E-01 -7.500000000000001E-02  1.750000000000000E-01  2.625754300332648E+08
 -6.250000000000000E-01 -7.500000000000001E-02  1.750000000000000E-01  2.625754300332648E+08
 -6.750000000000000E-01 -7.500000000000001E-02  1.750000000000000E-01  2.625754300332648E+08
 -7.250000000000001E-01 -7.500000000000001E-02  1.750000000000000E-01  2.625754300332648E+08
 -7.750000000000001E-01 -7.500000000000001E-02  1.750000000000000E-01  2.625754300332648E+08
 -2.500000000000000E-02 -1.250000000000000E-01  1.750000000000000E-01  2.625754300332648E+08
 -7.500000000000001E-02 -1.250000000000000E-01  1.750000000000000E-01  2.625754300332648E+08
 -1.250000000000000E-01 -1.250000000000000E-01  1.750000000000000E-01  2.625754300332648E+08
 -1.750000000000000E-01 -1.250000000000000E-01  1.750000000000000E-01  2.625754300332648E+08
 -2.250000000000000E-01 -1.250000000000000E-01  1.750000000000000E-01  2.625754300332648E+08
 -2.750000000000000E-01 -1.250000000000000E-01  1.750000000000000E-01  2.625754300332648E+08
 -3.250000000000000E-01 -1.250000000000000E-01  1.750000000000000E-01  2.625754300332648E+08
 -3.750000000000000E-01 -1.250000000000000E-01  1.750000000000000E-01  2.625754300332648E+08
 -4.250000000000000E-01 -1.250000000000000E-01  1.750000000000000E-01  2.625754300332648E+08
 -4.750000000000000E-01 -1.250000000000000E-01  1.750000000000000E-01  2.625754300332648E+08
 -5.249999999999999E-01 -1.250000000000000E-01  1.750000000000000E-01  2.625754300332648E+08
 -5.750000000000000E-01 -1.250000000000000E-01  1.750000000000000E-01  2.625754300332648E+08
 -6.250000000000000E-01 -1.250000000000000E-01  1.750000000000000E-01  2.625754300332648E+08
 -6.750000000000000E-01 -1.250000000000000E-01  1.750000000000000E-01  2.625754300332648E+08
 -7.250000000000001E-01 -1.250000000000000E-01  1.750000000000000E-01  2.625754300332648E+08
 -2.500000000000000E-02 -1.750000000000000E-01  1.750000000000000E-01  2.625754300332648E+08
 -7.500000000000001E-02 -1.750000000000000E-01  1.750000000000000E-01  2.625754300332648E+08
 -1.250000000000000E-01 -1.750000000000000E-01  1.750000000000000E-01  2.625754300332648E+08
 -1.750000000000000E-01 -1.750000000000000E-01  1.750000000000000E-01  2.625754300332648E+08
 -2.250000000000000E-01 -1.750000000000000E-01  1.750000000000000E-01  2.625754300332648E+08
 -2.750000000000000E-01 -1.750000000000000E-01  1.750000000000000E-01  2.625754300332648E+08
 -3.250000000000000E-01 -1.750000000000000E-01  1.750000000000000E-01  2.625754300332648E+08
 -3.750000000000000E-01 -1.750000000000000E-01  1.750000000000000E-01  2.625754300332648E+08
 -4.250000000000000E-01 -1.750000000000000E-01  1.750000000000000E-01  2.625754300332648E+08
 -4.750000000000000E-01 -1.750000000000000E-01  1.750000000000000E-01  2.625754300332648E+08
 -5.249999999999999E-01 -1.750000000000000E-01  1.750000000000000E-01  2.625754300332648E+08
 -5.750000000000000E-01 -1.750000000000000E-01  1.750000000000000E-01  2.625754300332648E+08
 -6.250000000000000E-01 -1.750000000000000E-01  1.750000000000000E-01  2.625754300332648E+08
 -6.750000000000000E-01 -1.750000000000000E-01  1.750000000000000E-01  2.625754300332648E+08
 -7.250000000000001E-01 -1.750000000000000E-01  1.750000000000000E-01  2.625754300332648E+08
 -2.500000000000000E-02 -2.250000000000000E-01  1.750000000000000E-01  2.625754300332648E+08
 -7.500000000000001E-02 -2.250000000000000E-01  1.750000000000000E-01  2.625754300332648E+08
 -1.250000000000000E-01 -2.250000000000000E-01  1.750000000000000E-01  2.625754300332648E+08
 -1.750000000000000E-01 -2.250000000000000E-01  1.750000000000000E-01  2.625754300332648E+08
 -2.250000000000000E-01 -2.250000000000000E-01  1.750000000000000E-01  2.625754300332648E+08
 -2.750000000000000E-01 -2.250000000000000E-01  1.750000000000000E-01  2.625754300332648E+08
 -3.250000000000000E-01 -2.250000000000000E-01  1.750000000000000E-01  2.625754300332648E+08
 -3.750000000000000E-01 -2.250000000000000E-01  1.750000000000000E-01  2.625754300332648E+08
 -4.250000000000000E-01 -2.250000000000000E-01  1.750000000000000E-01  2.625754300332648E+08
 -4.750000000000000E-01 -2.250000000000000E-01  1.750000000000000E-01  2.625754300332648E+08
 -5.249999999999999E-01 -2.250000000000000E-01  1.750000000000000E-01  2.625754300332648E+08
 -5.750000000000000E-01 -2.250000000000000E-01  1.750000000000000E-01  2.625754300332648E+08
 -6.250000000000000E-01 -2.250000000000000E-01  1.750000000000000E-01  2.625754300332648E+08
 -6.750000000000000E-01 -2.250000000000000E-01  1.750000000000000E-01  2.625754300332648E+08
 -2.500000000000000E-02 -2.750000000000000E-01  1.750000000000000E-01  2.625754300332648E+08
 -7.500000000000001E-02 -2.750000000000000E-01  1.750000000000000E-01  2.625754300332648E+08
 -1.250000000000000E-01 -2.750000000000000E-01  1.750000000000000E-01  2.625754300332648E+08
 -1.750000000000000E-01 -2.750000000000000E-01  1.750000000000000E-01  2.625754300332648E+08
 -2.250000000000000E-01 -2.750000000000000E-01  1.750000000000000E-01  2.625754300332648E+08
 -2.750000000000000E-01 -2.750000000000000E-01  1.750000000000000E-01  2.625754300332648E+08
 -3.250000000000000E-01 -2.750000000000000E-01  1.750000000000000E-01  2.625754300332648E+08
 -3.750000000000000E-01 -2.750000000000000E-01  1.750000000000000E-01  2.625754300332648E+08
 -4.250000000000000E-01 -2.750000000000000E-01  1.750000000000000E-01  2.625754300332648E+08
 -4.750000000000000E-01 -2.750000000000000E-01  1.750000000000000E-01  2.625754300332648E+08
 -5.249999999999999E-01 -2.750000000000000E-01  1.750000000000000E-01  2.625754300332648E+08
 -5.750000000000000E-01 -2.750000000000000E-01  1.750000000000000E-01  2.625754300332648E+08
 -6.250000000000000E-01 -2.750000000000000E-01  1.750000000000000E-01  2.625754300332648E+08
 -6.750000000000000E-01 -2.750000000000000E-01  1.750000000000000E-01  2.625754300332648E+08
 -2.500000000000000E-02 -3.250000000000000E-01  1.750000000000000E-01  2.625754300332648E+08
 -7.500000000000001E-02 -3.250000000000000E-01  1.750000000000000E-01  2.625754300332648E+08
 -1.250000000000000E-01 -3.250000000000000E-01  1.750000000000000E-01  2.625754300332648E+08
 -1.750000000000000E-01 -3.250000000000000E-01  1.750000000000000E-01  2.625754300332648E+08
 -2.250000000000000E-01 -3.250000000000000E-01  1.750000000000000E-01  2.625754300332648E+08
 -2.750000000000000E-01 -3.250000000000000E-01  1.750000000000000E-01  2.625754300332648E+08
 -3.250000000000000E-01 -3.250000000000000E-01  1.750000000000000E-01  2.625754300332648E+08
 -3.750000000000000E-01 -3.250000000000000E-01  1.750000000000000E-01  2.625754300332648E+08
 -4.250000000000000E-01 -3.250000000000000E-01  1.750000000000000E-01  2.625754300332648E+08
 -4.750000000000000E-01 -3.250000000000000E-01  1.750000000000000E-01  2.625754300332648E+08
 -5.249999999999999E-01 -3.250000000000000E-01  1.750000000000000E-01  2.625754300332648E+08
 -5.750000000000000E-01 -3.250000000000000E-01  1.750000000000000E-01  2.625754300332648E+08
 -6.250000000000000E-01 -3.250000000000000E-01  1.750000000000000E-01  2.625754300332648E+08
 -2.500000000000000E-02 -3.750000000000000E-01  1.750000000000000E-01  2.625754300332648E+08
 -2.250000000000000E-01 -3.750000000000000E-01  1.750000000000000E-01  2.625754300332648E+08
 -2.750000000000000E-01 -3.750000000000000E-01  1.750000000000000E-01  2.625754300332648E+08
 -3.250000000000000E-01 -3.750000000000000E-01  1.750000000000000E-01  2.625754300332648E+08
 -3.750000000000000E-01 -3.750000000000000E-01  1.750000000000000E-01  2.625754300332648E+08
 -4.250000000000000E-01 -3.750000000000000E-01  1.750000000000000E-01  2.625754300332648E+08
 -4.750000000000000E-01 -3.750000000000000E-01  1.750000000000000E-01  2.625754300332648E+08
 -5.249999999999999E-01 -3.750000000000000E-01  1.750000000000000E-01  2.625754300332648E+08
 -5.750000000000000E-01 -3.750000000000000E-01  1.750000000000000E-01  2.625754300332648E+08
 -3.250000000000000E-01 -4.250000000000000E-01  1.750000000000000E-01  2.625754300332648E+08
 -3.750000000000000E-01 -4.250000000000000E-01  1.750000000000000E-01  2.625754300332648E+08
 -4.250000000000000E-01 -4.250000000000000E-01  1.750000000000000E-01  2.625754300332648E+08
 -4.750000000000000E-01 -4.250000000000000E-01  1.750000000000000E-01  2.625754300332648E+08
 -5.249999999999999E-01 -4.250000000000000E-01  1.750000000000000E-01  2.625754300332648E+08
 -2.500000000000000E-02 -2.500000000000000E-02  2.250000000000000E-01  2.625754300332648E+08
 -7.500000000000001E-02 -2.500000000000000E-02  2.250000000000000E-01  2.625754300332648E+08
 -1.250000000000000E-01 -2.500000000000000E-02  2.250000000000000E-01  2.625754300332648E+08
 -1.750000000000000E-01 -2.500000000000000E-02  2.250000000000000E-01  2.625754300332648E+08
 -2.250000000000000E-01 -2.500000000000000E-02  2.250000000000000E-01  2.625754300332648E+08
 -2.750000000000000E-01 -2.500000000000000E-02  2.250000000000000E-01  2.625754300332648E+08
 -3.250000000000000E-01 -2.500000000000000E-02  2.250000000000000E-01  2.625754300332648E+08
 -3.750000000000000E-01 -2.500000000000000E-02  2.250000000000000E-01  2.625754300332648E+08
 -4.250000000000000E-01 -2.500000000000000E-02  2.250000000000000E-01  2.625754300332648E+08
 -4.750000000000000E-01 -2.500000000000000E-02  2.250000000000000E-01  2.625754300332648E+08
 -5.249999999999999E-01 -2.500000000000000E-02  2.250000000000000E-01  2.625754300332648E+08
 -5.750000000000000E-01 -2.500000000000000E-02  2.250000000000000E-01  2.625754300332648E+08
 -6.250000000000000E-01 -2.500000000000000E-02  2.250000000000000E-01  2.625754300332648E+08
 -6.750000000000000E-01 -2.500000000000000E-02  2.250000000000000E-01  2.625754300332648E+08
 -7.250000000000001E-01 -2.500000000000000E-02  2.250000000000000E-01  2.625754300332648E+08
 -2.500000000000000E-02 -7.500000000000001E-02  2.250000000000000E-01  2.625754300332648E+08
 -7.500000000000001E-02 -7.500000000000001E-02  2.250000000000000E-01  2.625754300332648E+08
 -1.250000000000000E-01 -7.500000000000001E-02  2.250000000000000E-01  2.625754300332648E+08
 -1.750000000000000E-01 -7.500000000000001E-02  2.250000000000000E-01  2.625754300332648E+08
 -2.250000000000000E-01 -7.500000000000001E-02  2.250000000000000E-01  2.625754300332648E+08
 -2.750000000000000E-01 -7.500000000000001E-02  2.250000000000000E-01  2.625754300332648E+08
 -3.250000000000000E-01 -7.500000000000001E-02  2.250000000000000E-01  2.625754300332648E+08
 -3.750000000000000E-01 -7.500000000000001E-02  2.250000000000000E-01  2.625754300332648E+08
 -4.250000000000000E-01 -7.500000000000001E-02  2.250000000000000E-01  2.625754300332648E+08
 -4.750000000000000E-01 -7.500000000000001E-02  2.250000000000000E-01  2.625754300332648E+08
 -5.249999999999999E-01 -7.500000000000001E-02  2.250000000000000E-01  2.625754300332648E+08
 -5.750000000000000E-01 -7.500000000000001E-02  2.250000000000000E-01  2.625754300332648E+08
 -6.250000000000000E-01 -7.500000000000001E-02  2.250000000000000E-01  2.625754300332648E+08
 -6.750000000000000E-01 -7.500000000000001E-02  2.250000000000000E-01  2.625754300332648E+08
 -7.250000000000001E-01 -7.500000000000001E-02  2.250000000000000E-01  2.625754300332648E+08
 -2.500000000000000E-02 -1.250000000000000E-01  2.250000000000000E-01  2.625754300332648E+08
 -7.500000000000001E-02 -1.250000000000000E-01  2.250000000000000E-01  2.625754300332648E+08
 -1.250000000000000E-01 -1.250000000000000E-01  2.250000000000000E-01  2.625754300332648E+08
 -1.750000000000000E-01 -1.250000000000000E-01  2.250000000000000E-01  2.625754300332648E+08
 -2.250000000000000E-01 -1.250000000000000E-01  2.250000000000000E-01  2.625754300332648E+08
 -2.750000000000000E-01 -1.250000000000000E-01  2.250000000000000E-01  2.625754300332648E+08
 -3.250000000000000E-01 -1.250000000000000E-01  2.250000000000000E-01  2.625754300332648E+08
 -3.750000000000000E-01 -1.250000000000000E-01  2.250000000000000E-01  2.625754300332648E+08
 -4.250000000000000E-01 -1.250000000000000E-01  2.250000000000000E-01  2.625754300332648E+08
 -4.750000000000000E-01 -1.250000000000000E-01  2.250000000000000E-01  2.625754300332648E+08
 -5.249999999999999E-01 -1.250000000000000E-01  2.250000000000000E-01  2.625754300332648E+08
 -5.750000000000000E-01 -1.250000000000000E-01  2.250000000000000E-01  2.625754300332648E+08
 -6.250000000000000E-01 -1.250000000000000E-01  2.250000000000000E-01  2.625754300332648E+08
 -6.750000000000000E-01 -1.250000000000000E-01  2.250000000000000E-01  2.625754300332648E+08
 -7.250000000000001E-01 -1.250000000000000E-01  2.250000000000000E-01  2.625754300332648E+08
 -2.500000000000000E-02 -1.750000000000000E-01  2.250000000000000E-01  2.625754300332648E+08
 -7.500000000000001E-02 -1.750000000000000E-01  2.250000000000000E-01  2.625754300332648E+08
 -1.250000000000000E-01 -1.750000000000000E-01  2.250000000000000E-01  2.625754300332648E+08
 -1.750000000000000E-01 -1.750000000000000E-01  2.250000000000000E-01  2.625754300332648E+08
 -2.250000000000000E-01 -1.750000000000000E-01  2.250000000000000E-01  2.625754300332648E+08
 -2.750000000000000E-01 -1.750000000000000E-01  2.250000000000000E-01  2.625754300332648E+08
 -3.250000000000000E-01 -1.750000000000000E-01  2.250000000000000E-01  2.625754300332648E+08
 -3.750000000000000E-01 -1.750000000000000E-01  2.250000000000000E-01  2.625754300332648E+08
 -4.250000000000000E-01 -1.750000000000000E-01  2.250000000000000E-01  2.625754300332648E+08
 -4.750000000000000E-01 -1.750000000000000E-01  2.250000000000000E-01  2.625754300332648E+08
 -5.249999999999999E-01 -1.750000000000000E-01  2.250000000000000E-01  2.625754300332648E+08
 -5.750000000000000E-01 -1.750000000000000E-01  2.250000000000000E-01  2.625754300332648E+08
 -6.250000000000000E-01 -1.750000000000000E-01  2.250000000000000E-01  2.625754300332648E+08
 -6.750000000000000E-01 -1.750000000000000E-01  2.250000000000000E-01  2.625754300332648E+08
 -2.500000000000000E-02 -2.250000000000000E-01  2.250000000000000E-01  2.625754300332648E+08
 -7.500000000000001E-02 -2.250000000000000E-01  2.250000000000000E-01  2.625754300332648E+08
 -1.250000000000000E-01 -2.250000000000000E-01  2.250000000000000E-01  2.625754300332648E+08
 -1.750000000000000E-01 -2.250000000000000E-01  2.250000000000000E-01  2.625754300332648E+08
 -2.250000000000000E-01 -2.250000000000000E-01  2.250000000000000E-01  2.625754300332648E+08
 -2.750000000000000E-01 -2.250000000000000E-01  2.250000000000000E-01  2.625754300332648E+08
 -3.250000000000000E-01 -2.250000000000000E-01  2.250000000000000E-01  2.625754300332648E+08
 -3.750000000000000E-01 -2.250000000000000E-01  2.250000000000000E-01  2.625754300332648E+08
 -4.250000000000000E-01 -2.250000000000000E-01  2.250000000000000E-01  2.625754300332648E+08
 -4.750000000000000E-01 -2.250000000000000E-01  2.250000000000000E-01  2.625754300332648E+08
 -5.249999999999999E-01 -2.250000000000000E-01  2.250000000000000E-01  2.625754300332648E+08
 -5.750000000000000E-01 -2.250000000000000E-01  2.250000000000000E-01  2.625754300332648E+08
 -6.250000000000000E-01 -2.250000000000000E-01  2.250000000000000E-01  2.625754300332648E+08
 -2.500000000000000E-02 -2.750000000000000E-01  2.250000000000000E-01  2.625754300332648E+08
 -7.500000000000001E-02 -2.750000000000000E-01  2.250000000000000E-01  2.625754300332648E+08
 -1.250000000000000E-01 -2.750000000000000E-01  2.250000000000000E-01  2.625754300332648E+08
 -1.750000000000000E-01 -2.750000000000000E-01  2.250000000000000E-01  2.625754300332648E+08
 -2.250000000000000E-01 -2.750000000000000E-01  2.250000000000000E-01  2.625754300332648E+08
 -2.750000000000000E-01 -2.750000000000000E-01  2.250000000000000E-01  2.625754300332648E+08
 -3.250000000000000E-01 -2.750000000000000E-01  2.250000000000000E-01  2.625754300332648E+08
 -3.750000000000000E-01 -2.750000000000000E-01  2.250000000000000E-01  2.625754300332648E+08
 -4.250000000000000E-01 -2.750000000000000E-01  2.250000000000000E-01  2.625754300332648E+08
 -4.750000000000000E-01 -2.750000000000000E-01  2.250000000000000E-01  2.625754300332648E+08
 -5.249999999999999E-01 -2.750000000000000E-01  2.250000000000000E-01  2.625754300332648E+08
 -5.750000000000000E-01 -2.750000000000000E-01  2.250000000000000E-01  2.625754300332648E+08
 -2.500000000000000E-02 -3.250000000000000E-01  2.250000000000000E-01  2.625754300332648E+08
 -2.250000000000000E-01 -3.250000000000000E-01  2.250000000000000E-01  2.625754300332648E+08
 -2.750000000000000E-01 -3.250000000000000E-01  2.250000000000000E-01  2.625754300332648E+08
 -3.250000000000000E-01 -3.250000000000000E-01  2.250000000000000E-01  2.625754300332648E+08
 -3.750000000000000E-01 -3.250000000000000E-01  2.250000000000000E-01  2.625754300332648E+08
 -4.250000000000000E-01 -3.250000000000000E-01  2.250000000000000E-01  2.625754300332648E+08
 -4.750000000000000E-01 -3.250000000000000E-01  2.250000000000000E-01  2.625754300332648E+08
 -5.249999999999999E-01 -3.250000000000000E-01  2.250000000000000E-01  2.625754300332648E+08
 -2.750000000000000E-01 -3.750000000000000E-01  2.250000000000000E-01  2.625754300332648E+08
 -3.250000000000000E-01 -3.750000000000000E-01  2.250000000000000E-01  2.625754300332648E+08
 -3.750000000000000E-01 -3.750000000000000E-01  2.250000000000000E-01  2.625754300332648E+08
 -4.250000000000000E-01 -3.750000000000000E-01  2.250000000000000E-01  2.625754300332648E+08
 -4.750000000000000E-01 -3.750000000000000E-01  2.250000000000000E-01  2.625754300332648E+08
 -2.500000000000000E-02 -2.500000000000000E-02  2.750000000000000E-01  2.625754300332648E+08
 -2.750000000000000E-01 -2.500000000000000E-02  2.750000000000000E-01  2.625754300332648E+08
 -3.250000000000000E-01 -2.500000000000000E-02  2.750000000000000E-01  2.625754300332648E+08
 -3.750000000000000E-01 -2.500000000000000E-02  2.750000000000000E-01  2.625754300332648E+08
 -4.250000000000000E-01 -2.500000000000000E-02  2.750000000000000E-01  2.625754300332648E+08
 -4.750000000000000E-01 -2.500000000000000E-02  2.750000000000000E-01  2.625754300332648E+08
 -5.249999999999999E-01 -2.500000000000000E-02  2.750000000000000E-01  2.625754300332648E+08
 -5.750000000000000E-01 -2.500000000000000E-02  2.750000000000000E-01  2.625754300332648E+08
 -6.250000000000000E-01 -2.500000000000000E-02  2.750000000000000E-01  2.625754300332648E+08
 -6.750000000000000E-01 -2.500000000000000E-02  2.750000000000000E-01  2.625754300332648E+08
 -2.750000000000000E-01 -7.500000000000001E-02  2.750000000000000E-01  2.625754300332648E+08
 -3.250000000000000E-01 -7.500000000000001E-02  2.750000000000000E-01  2.625754300332648E+08
 -3.750000000000000E-01 -7.500000000000001E-02  2.750000000000000E-01  2.625754300332648E+08
 -4.250000000000000E-01 -7.500000000000001E-02  2.750000000000000E-01  2.625754300332648E+08
 -4.750000000000000E-01 -7.500000000000001E-02  2.750000000000000E-01  2.625754300332648E+08
 -5.249999999999999E-01 -7.500000000000001E-02  2.750000000000000E-01  2.625754300332648E+08
 -5.750000000000000E-01 -7.500000000000001E-02  2.750000000000000E-01  2.625754300332648E+08
 -6.250000000000000E-01 -7.500000000000001E-02  2.750000000000000E-01  2.625754300332648E+08
 -3.250000000000000E-01 -1.250000000000000E-01  2.750000000000000E-01  2.625754300332648E+08
 -3.750000000000000E-01 -1.250000000000000E-01  2.750000000000000E-01  2.625754300332648E+08
 -4.250000000000000E-01 -1.250000000000000E-01  2.750000000000000E-01  2.625754300332648E+08
 -4.750000000000000E-01 -1.250000000000000E-01  2.750000000000000E-01  2.625754300332648E+08
 -5.249999999999999E-01 -1.250000000000000E-01  2.750000000000000E-01  2.625754300332648E+08
 -5.750000000000000E-01 -1.250000000000000E-01  2.750000000000000E-01  2.625754300332648E+08
 -6.250000000000000E-01 -1.250000000000000E-01  2.750000000000000E-01  2.625754300332648E+08
 -3.250000000000000E-01 -1.750000000000000E-01  2.750000000000000E-01  2.625754300332648E+08
 -3.750000000000000E-01 -1.750000000000000E-01  2.750000000000000E-01  2.625754300332648E+08
 -4.250000000000000E-01 -1.750000000000000E-01  2.750000000000000E-01  2.625754300332648E+08
 -4.750000000000000E-01 -1.750000000000000E-01  2.750000000000000E-01  2.625754300332648E+08
 -5.249999999999999E-01 -1.750000000000000E-01  2.750000000000000E-01  2.625754300332648E+08
 -5.750000000000000E-01 -1.750000000000000E-01  2.750000000000000E-01  2.625754300332648E+08
 -3.750000000000000E-01 -2.250000000000000E-01  2.750000000000000E-01  2.625754300332648E+08
 -4.250000000000000E-01 -2.250000000000000E-01  2.750000000000000E-01  2.625754300332648E+08
 -4.750000000000000E-01 -2.250000000000000E-01  2.750000000000000E-01  2.625754300332648E+08
  2.500000000000000E-02 -2.500000000000000E-02  2.500000000000000E-02  2.625754300332648E+08
  7.500000000000001E-02 -2.500000000000000E-02  2.500000000000000E-02  2.625754300332648E+08
  1.250000000000000E-01 -2.500000000000000E-02  2.500000000000000E-02  2.625754300332648E+08
  1.750000000000000E-01 -2.500000000000000E-02  2.500000000000000E-02  2.625754300332648E+08
  2.250000000000000E-01 -2.500000000000000E-02  2.500000000000000E-02  2.625754300332648E+08
  2.750000000000000E-01 -2.500000000000000E-02  2.500000000000000E-02  2.625754300332648E+08
  3.250000000000000E-01 -2.500000000000000E-02  2.500000000000000E-02  2.625754300332648E+08
  3.750000000000000E-01 -2.500000000000000E-02  2.500000000000000E-02  2.625754300332648E+08
  4.250000000000000E-01 -2.500000000000000E-02  2.500000000000000E-02  2.625754300332648E+08
  4.750000000000000E-01 -2.500000000000000E-02  2.500000000000000E-02  2.625754300332648E+08
  5.249999999999999E-01 -2.500000000000000E-02  2.500000000000000E-02  2.625754300332648E+08
  5.750000000000000E-01 -2.500000000000000E-02  2.500000000000000E-02  2.625754300332648E+08
  6.250000000000000E-01 -2.500000000000000E-02  2.500000000000000E-02  2.625754300332648E+08
  6.750000000000000E-01 -2.500000000000000E-02  2.500000000000000E-02  2.625754300332648E+08
  7.250000000000001E-01 -2.500000000000000E-02  2.500000000000000E-02  2.625754300332648E+08
  2.500000000000000E-02 -7.500000000000001E-02  2.500000000000000E-02  2.625754300332648E+08
  7.500000000000001E-02 -7.500000000000001E-02  2.500000000000000E-02  2.625754300332648E+08
  1.250000000000000E-01 -7.500000000000001E-02  2.500000000000000E-02  2.625754300332648E+08
  1.750000000000000E-01 -7.500000000000001E-02  2.500000000000000E-02  2.625754300332648E+08
  2.250000000000000E-01 -7.500000000000001E-02  2.500000000000000E-02  2.625754300332648E+08
  2.750000000000000E-01 -7.500000000000001E-02  2.500000000000000E-02  2.625754300332648E+08
  3.250000000000000E-01 -7.500000000000001E-02  2.500000000000000E-02  2.625754300332648E+08
  3.750000000000000E-01 -7.500000000000001E-02  2.500000000000000E-02  2.625754300332648E+08
  4.250000000000000E-01 -7.500000000000001E-02  2.500000000000000E-02  2.625754300332648E+08
  4.750000000000000E-01 -7.500000000000001E-02  2.500000000000000E-02  2.625754300332648E+08
  5.249999999999999E-01 -7.500000000000001E-02  2.500000000000000E-02  2.625754300332648E+08
  5.750000000000000E-01 -7.500000000000001E-02  2.500000000000000E-02  2.625754300332648E+08
  6.250000000000000E-01 -7.500000000000001E-02  2.500000000000000E-02  2.625754300332648E+08
  6.750000000000000E-01 -7.500000000000001E-02  2.500000000000000E-02  2.625754300332648E+08
  7.250000000000001E-01 -7.500000000000001E-02  2.500000000000000E-02  2.625754300332648E+08
  2.500000000000000E-02 -1.250000000000000E-01  2.500000000000000E-02  2.625754300332648E+08
  7.500000000000001E-02 -1.250000000000000E-01  2.500000000000000E-02  2.625754300332648E+08
  1.250000000000000E-01 -1.250000000000000E-01  2.500000000000000E-02  2.625754300332648E+08
  1.750000000000000E-01 -1.250000000000000E-01  2.500000000000000E-02  2.625754300332648E+08
  2.250000000000000E-01 -1.250000000000000E-01  2.500000000000000E-02  2.625754300332648E+08
  2.750000000000000E-01 -1.250000000000000E-01  2.500000000000000E-02  2.625754300332648E+08
  3.250000000000000E-01 -1.250000000000000E-01  2.500000000000000E-02  2.625754300332648E+08
  3.750000000000000E-01 -1.250000000000000E-01  2.500000000000000E-02  2.625754300332648E+08
  4.250000000000000E-01 -1.250000000000000E-01  2.500000000000000E-02  2.625754300332648E+08
  4.750000000000000E-01 -1.250000000000000E-01  2.500000000000000E-02  2.625754300332648E+08
  5.249999999999999E-01 -1.250000000000000E-01  2.500000000000000E-02  2.625754300332648E+08
  5.750000000000000E-01 -1.250000000000000E-01  2.500000000000000E-02  2.625754300332648E+08
  6.250000000000000E-01 -1.250000000000000E-01  2.500000000000000E-02  2.625754300332648E+08
  6.750000000000000E-01 -1.250000000000000E-01  2.500000000000000E-02  2.625754300332648E+08
  2.500000000000000E-02 -1.750000000000000E-01  2.500000000000000E-02  2.625754300332648E+08
  7.500000000000001E-02 -1.750000000000000E-01  2.500000000000000E-02  2.625754300332648E+08
  1.250000000000000E-01 -1.750000000000000E-01  2.500000000000000E-02  2.625754300332648E+08
  1.750000000000000E-01 -1.750000000000000E-01  2.500000000000000E-02  2.625754300332648E+08
  2.250000000000000E-01 -1.750000000000000E-01  2.500000000000000E-02  2.625754300332648E+08
  2.750000000000000E-01 -1.750000000000000E-01  2.500000000000000E-02  2.625754300332648E+08
  3.250000000000000E-01 -1.750000000000000E-01  2.500000000000000E-02  2.625754300332648E+08
  3.750000000000000E-01 -1.750000000000000E-01  2.500000000000000E-02  2.625754300332648E+08
  4.250000000000000E-01 -1.750000000000000E-01  2.500000000000000E-02  2.625754300332648E+08
  4.750000000000000E-01 -1.750000000000000E-01  2.500000000000000E-02  2.625754300332648E+08
  5.249999999999999E-01 -1.750000000000000E-01  2.500000000000000E-02  2.625754300332648E+08
  5.750000000000000E-01 -1.750000000000000E-01  2.500000000000000E-02  2.625754300332648E+08
  6.250000000000000E-01 -1.750000000000000E-01  2.500000000000000E-02  2.625754300332648E+08
  6.750000000000000E-01 -1.750000000000000E-01  2.500000000000000E-02  2.625754300332648E+08
  2.500000000000000E-02 -2.250000000000000E-01  2.500000000000000E-02  2.625754300332648E+08
  7.500000000000001E-02 -2.250000000000000E-01  2.500000000000000E-02  2.625754300332648E+08
  1.250000000000000E-01 -2.250000000000000E-01  2.500000000000000E-02  2.625754300332648E+08
  1.750000000000000E-01 -2.250000000000000E-01  2.500000000000000E-02  2.625754300332648E+08
  2.250000000000000E-01 -2.250000000000000E-01  2.500000000000000E-02  2.625754300332648E+08
  2.750000000000000E-01 -2.250000000000000E-01  2.500000000000000E-02  2.625754300332648E+08
  3.250000000000000E-01 -2.250000000000000E-01  2.500000000000000E-02  2.625754300332648E+08
  3.750000000000000E-01 -2.250000000000000E-01  2.500000000000000E-02  2.625754300332648E+08
  4.250000000000000E-01 -2.250000000000000E-01  2.500000000000000E-02  2.625754300332648E+08
  4.750000000000000E-01 -2.250000000000000E-01  2.500000000000000E-02  2.625754300332648E+08
  5.249999999999999E-01 -2.250000000000000E-01  2.500000000000000E-02  2.625754300332648E+08
  5.750000000000000E-01 -2.250000000000000E-01  2.500000000000000E-02  2.625754300332648E+08
  6.250000000000000E-01 -2.250000000000000E-01  2.500000000000000E-02  2.625754300332648E+08
  2.500000000000000E-02 -2.750000000000000E-01  2.500000000000000E-02  2.625754300332648E+08
  7.500000000000001E-02 -2.750000000000000E-01  2.500000000000000E-02  2.625754300332648E+08
  1.250000000000000E-01 -2.750000000000000E-01  2.500000000000000E-02  2.625754300332648E+08
  1.750000000000000E-01 -2.750000000000000E-01  2.500000000000000E-02  2.625754300332648E+08
  2.250000000000000E-01 -2.750000000000000E-01  2.500000000000000E-02  2.625754300332648E+08
  2.750000000000000E-01 -2.750000000000000E-01  2.500000000000000E-02  2.625754300332648E+08
  3.250000000000000E-01 -2.750000000000000E-01  2.500000000000000E-02  2.625754300332648E+08
  3.750000000000000E-01 -2.750000000000000E-01  2.500000000000000E-02  2.625754300332648E+08
  4.250000000000000E-01 -2.750000000000000E-01  2.500000000000000E-02  2.625754300332648E+08
  4.750000000000000E-01 -2.750000000000000E-01  2.500000000000000E-02  2.625754300332648E+08
  5.249999999999999E-01 -2.750000000000000E-01  2.500000000000000E-02  2.625754300332648E+08
  5.750000000000000E-01 -2.750000000000000E-01  2.500000000000000E-02  2.625754300332648E+08
  2.500000000000000E-02 -3.250000000000000E-01  2.500000000000000E-02  2.625754300332648E+08
  7.500000000000001E-02 -3.250000000000000E-01  2.500000000000000E-02  2.625754300332648E+08
  1.250000000000000E-01 -3.250000000000000E-01  2.500000000000000E-02  2.625754300332648E+08
  1.750000000000000E-01 -3.250000000000000E-01  2.500000000000000E-02  2.625754300332648E+08
  2.250000000000000E-01 -3.250000000000000E-01  2.500000000000000E-02  2.625754300332648E+08
  2.750000000000000E-01 -3.250000000000000E-01  2.500000000000000E-02  2.625754300332648E+08
  3.250000000000000E-01 -3.250000000000000E-01  2.500000000000000E-02  2.625754300332648E+08
  3.750000000000000E-01 -3.250000000000000E-01  2.500000000000000E-02  2.625754300332648E+08
  4.250000000000000E-01 -3.250000000000000E-01  2.500000000000000E-02  2.625754300332648E+08
  4.750000000000000E-01 -3.250000000000000E-01  2.500000000000000E-02  2.625754300332648E+08
  5.249999999999999E-01 -3.250000000000000E-01  2.500000000000000E-02  2.625754300332648E+08
  2.500000000000000E-02 -3.750000000000000E-01  2.500000000000000E-02  2.625754300332648E+08
  7.500000000000001E-02 -3.750000000000000E-01  2.500000000000000E-02  2.625754300332648E+08
  1.250000000000000E-01 -3.750000000000000E-01  2.500000000000000E-02  2.625754300332648E+08
  1.750000000000000E-01 -3.750000000000000E-01  2.500000000000000E-02  2.625754300332648E+08
  2.250000000000000E-01 -3.750000000000000E-01  2.500000000000000E-02  2.625754300332648E+08
  2.750000000000000E-01 -3.750000000000000E-01  2.500000000000000E-02  2.625754300332648E+08
  3.250000000000000E-01 -3.750000000000000E-01  2.500000000000000E-02  2.625754300332648E+08
  3.750000000000000E-01 -3.750000000000000E-01  2.500000000000000E-02  2.625754300332648E+08
  4.250000000000000E-01 -3.750000000000000E-01  2.500000000000000E-02  2.625754300332648E+08
  2.500000000000000E-02 -4.250000000000000E-01  2.500000000000000E-02  2.625754300332648E+08
  7.500000000000001E-02 -4.250000000000000E-01  2.500000000000000E-02  2.625754300332648E+08
  1.250000000000000E-01 -4.250000000000000E-01  2.500000000000000E-02  2.625754300332648E+08
  1.750000000000000E-01 -4.250000000000000E-01  2.500000000000000E-02  2.625754300332648E+08
  2.250000000000000E-01 -4.250000000000000E-01  2.500000000000000E-02  2.625754300332648E+08
  2.750000000000000E-01 -4.250000000000000E-01  2.500000000000000E-02  2.625754300332648E+08
  3.250000000000000E-01 -4.250000000000000E-01  2.500000000000000E-02  2.625754300332648E+08
  7.500000000000001E-02 -4.750000000000000E-01  2.500000000000000E-02  2.625754300332648E+08
  1.250000000000000E-01 -4.750000000000000E-01  2.500000000000000E-02  2.625754300332648E+08
  1.750000000000000E-01 -4.750000000000000E-01  2.500000000000000E-02  2.625754300332648E+08
  2.250000000000000E-01 -4.750000000000000E-01  2.500000000000000E-02  2.625754300332648E+08
  2.500000000000000E-02 -2.500000000000000E-02  7.500000000000001E-02  2.625754300332648E+08
  7.500000000000001E-02 -2.500000000000000E-02  7.500000000000001E-02  2.625754300332648E+08
  1.250000000000000E-01 -2.500000000000000E-02  7.500000000000001E-02  2.625754300332648E+08
  1.750000000000000E-01 -2.500000000000000E-02  7.500000000000001E-02  2.625754300332648E+08
  2.250000000000000E-01 -2.500000000000000E-02  7.500000000000001E-02  2.625754300332648E+08
  2.750000000000000E-01 -2.500000000000000E-02  7.500000000000001E-02  2.625754300332648E+08
  3.250000000000000E-01 -2.500000000000000E-02  7.500000000000001E-02  2.625754300332648E+08
  3.750000000000000E-01 -2.500000000000000E-02  7.500000000000001E-02  2.625754300332648E+08
  4.250000000000000E-01 -2.500000000000000E-02  7.500000000000001E-02  2.625754300332648E+08
  4.750000000000000E-01 -2.500000000000000E-02  7.500000000000001E-02  2.625754300332648E+08
  5.249999999999999E-01 -2.500000000000000E-02  7.500000000000001E-02  2.625754300332648E+08
  5.750000000000000E-01 -2.500000000000000E-02  7.500000000000001E-02  2.625754300332648E+08
  6.250000000000000E-01 -2.500000000000000E-02  7.500000000000001E-02  2.625754300332648E+08
  6.750000000000000E-01 -2.500000000000000E-02  7.500000000000001E-02  2.625754300332648E+08
  7.250000000000001E-01 -2.500000000000000E-02  7.500000000000001E-02  2.625754300332648E+08
  2.500000000000000E-02 -7.500000000000001E-02  7.500000000000001E-02  2.625754300332648E+08
  7.500000000000001E-02 -7.500000000000001E-02  7.500000000000001E-02  2.625754300332648E+08
  1.250000000000000E-01 -7.500000000000001E-02  7.500000000000001E-02  2.625754300332648E+08
  1.750000000000000E-01 -7.500000000000001E-02  7.500000000000001E-02  2.625754300332648E+08
  2.250000000000000E-01 -7.500000000000001E-02  7.500000000000001E-02  2.625754300332648E+08
  2.750000000000000E-01 -7.500000000000001E-02  7.500000000000001E-02  2.625754300332648E+08
  3.250000000000000E-01 -7.500000000000001E-02  7.500000000000001E-02  2.625754300332648E+08
  3.750000000000000E-01 -7.500000000000001E-02  7.500000000000001E-02  2.625754300332648E+08
  4.250000000000000E-01 -7.500000000000001E-02  7.500000000000001E-02  2.625754300332648E+08
  4.750000000000000E-01 -7.500000000000001E-02  7.500000000000001E-02  2.625754300332648E+08
  5.249999999999999E-01 -7.500000000000001E-02  7.500000000000001E-02  2.625754300332648E+08
  5.750000000000000E-01 -7.500000000000001E-02  7.500000000000001E-02  2.625754300332648E+08
  6.250000000000000E-01 -7.500000000000001E-02  7.500000000000001E-02  2.625754300332648E+08
  6.750000000000000E-01 -7.500000000000001E-02  7.500000000000001E-02  2.625754300332648E+08
  7.250000000000001E-01 -7.500000000000001E-02  7.500000000000001E-02  2.625754300332648E+08
  2.500000000000000E-02 -1.250000000000000E-01  7.500000000000001E-02  2.625754300332648E+08
  7.500000000000001E-02 -1.250000000000000E-01  7.500000000000001E-02  2.625754300332648E+08
  1.250000000000000E-01 -1.250000000000000E-01  7.500000000000001E-02  2.625754300332648E+08
  1.750000000000000E-01 -1.250000000000000E-01  7.500000000000001E-02  2.625754300332648E+08
  2.250000000000000E-01 -1.250000000000000E-01  7.500000000000001E-02  2.625754300332648E+08
  2.750000000000000E-01 -1.250000000000000E-01  7.500000000000001E-02  2.625754300332648E+08
  3.250000000000000E-01 -1.250000000000000E-01  7.500000000000001E-02  2.625754300332648E+08
  3.750000000000000E-01 -1.250000000000000E-01  7.500000000000001E-02  2.625754300332648E+08
  4.250000000000000E-01 -1.250000000000000E-01  7.500000000000001E-02  2.625754300332648E+08
  4.750000000000000E-01 -1.250000000000000E-01  7.500000000000001E-02  2.625754300332648E+08
  5.249999999999999E-01 -1.250000000000000E-01  7.500000000000001E-02  2.625754300332648E+08
  5.750000000000000E-01 -1.250000000000000E-01  7.500000000000001E-02  2.625754300332648E+08
  6.250000000000000E-01 -1.250000000000000E-01  7.500000000000001E-02  2.625754300332648E+08
  6.750000000000000E-01 -1.250000000000000E-01  7.500000000000001E-02  2.625754300332648E+08
  2.500000000000000E-02 -1.750000000000000E-01  7.500000000000001E-02  2.625754300332648E+08
  7.500000000000001E-02 -1.750000000000000E-01  7.500000000000001E-02  2.625754300332648E+08
  1.250000000000000E-01 -1.750000000000000E-01  7.500000000000001E-02  2.625754300332648E+08
  1.750000000000000E-01 -1.750000000000000E-01  7.500000000000001E-02  2.625754300332648E+08
  2.250000000000000E-01 -1.750000000000000E-01  7.500000000000001E-02  2.625754300332648E+08
  2.750000000000000E-01 -1.750000000000000E-01  7.500000000000001E-02  2.625754300332648E+08
  3.250000000000000E-01 -1.750000000000000E-01  7.500000000000001E-02  2.625754300332648E+08
  3.750000000000000E-01 -1.750000000000000E-01  7.500000000000001E-02  2.625754300332648E+08
  4.250000000000000E-01 -1.750000000000000E-01  7.500000000000001E-02  2.625754300332648E+08
  4.750000000000000E-01 -1.750000000000000E-01  7.500000000000001E-02  2.625754300332648E+08
  5.249999999999999E-01 -1.750000000000000E-01  7.500000000000001E-02  2.625754300332648E+08
  5.750000000000000E-01 -1.750000000000000E-01  7.500000000000001E-02  2.625754300332648E+08
  6.250000000000000E-01 -1.750000000000000E-01  7.500000000000001E-02  2.625754300332648E+08
  6.750000000000000E-01 -1.750000000000000E-01  7.500000000000001E-02  2.625754300332648E+08
  2.500000000000000E-02 -2.250000000000000E-01  7.500000000000001E-02  2.625754300332648E+08
  7.500000000000001E-02 -2.250000000000000E-01  7.500000000000001E-02  2.625754300332648E+08
  1.250000000000000E-01 -2.250000000000000E-01  7.500000000000001E-02  2.625754300332648E+08
  1.750000000000000E-01 -2.250000000000000E-01  7.500000000000001E-02  2.625754300332648E+08
  2.250000000000000E-01 -2.250000000000000E-01  7.500000000000001E-02  2.625754300332648E+08
  2.750000000000000E-01 -2.250000000000000E-01  7.500000000000001E-02  2.625754300332648E+08
  3.250000000000000E-01 -2.250000000000000E-01  7.500000000000001E-02  2.625754300332648E+08
  3.750000000000000E-01 -2.250000000000000E-01  7.500000000000001E-02  2.625754300332648E+08
  4.250000000000000E-01 -2.250000000000000E-01  7.500000000000001E-02  2.625754300332648E+08
  4.750000000000000E-01 -2.250000000000000E-01  7.500000000000001E-02  2.625754300332648E+08
  5.249999999999999E-01 -2.250000000000000E-01  7.500000000000001E-02  2.625754300332648E+08
  5.750000000000000E-01 -2.250000000000000E-01  7.500000000000001E-02  2.625754300332648E+08
  6.250000000000000E-01 -2.250000000000000E-01  7.500000000000001E-02  2.625754300332648E+08
  2.500000000000000E-02 -2.750000000000000E-01  7.500000000000001E-02  2.625754300332648E+08
  7.500000000000001E-02 -2.750000000000000E-01  7.500000000000001E-02  2.625754300332648E+08
  1.250000000000000E-01 -2.750000000000000E-01  7.500000000000001E-02  2.625754300332648E+08
  1.750000000000000E-01 -2.750000000000000E-01  7.500000000000001E-02  2.625754300332648E+08
  2.250000000000000E-01 -2.750000000000000E-01  7.500000000000001E-02  2.625754300332648E+08
  2.750000000000000E-01 -2.750000000000000E-01  7.500000000000001E-02  2.625754300332648E+08
  3.250000000000000E-01 -2.750000000000000E-01  7.500000000000001E-02  2.625754300332648E+08
  3.750000000000000E-01 -2.750000000000000E-01  7.500000000000001E-02  2.625754300332648E+08
  4.250000000000000E-01 -2.750000000000000E-01  7.500000000000001E-02  2.625754300332648E+08
  4.750000000000000E-01 -2.750000000000000E-01  7.500000000000001E-02  2.625754300332648E+08
  5.249999999999999E-01 -2.750000000000000E-01  7.500000000000001E-02  2.625754300332648E+08
  5.750000000000000E-01 -2.750000000000000E-01  7.500000000000001E-02  2.625754300332648E+08
  6.250000000000000E-01 -2.750000000000000E-01  7.500000000000001E-02  2.625754300332648E+08
  2.500000000000000E-02 -3.250000000000000E-01  7.500000000000001E-02  2.625754300332648E+08
  7.500000000000001E-02 -3.250000000000000E-01  7.500000000000001E-02  2.625754300332648E+08
  1.250000000000000E-01 -3.250000000000000E-01  7.500000000000001E-02  2.625754300332648E+08
  1.750000000000000E-01 -3.250000000000000E-01  7.500000000000001E-02  2.625754300332648E+08
  2.250000000000000E-01 -3.250000000000000E-01  7.500000000000001E-02  2.625754300332648E+08
  2.750000000000000E-01 -3.250000000000000E-01  7.500000000000001E-02  2.625754300332648E+08
  3.250000000000000E-01 -3.250000000000000E-01  7.500000000000001E-02  2.625754300332648E+08
  3.750000000000000E-01 -3.250000000000000E-01  7.500000000000001E-02  2.625754300332648E+08
  4.250000000000000E-01 -3.250000000000000E-01  7.500000000000001E-02  2.625754300332648E+08
  4.750000000000000E-01 -3.250000000000000E-01  7.500000000000001E-02  2.625754300332648E+08
  5.249999999999999E-01 -3.250000000000000E-01  7.500000000000001E-02  2.625754300332648E+08
  5.750000000000000E-01 -3.250000000000000E-01  7.500000000000001E-02  2.625754300332648E+08
  2.500000000000000E-02 -3.750000000000000E-01  7.500000000000001E-02  2.625754300332648E+08
  7.500000000000001E-02 -3.750000000000000E-01  7.500000000000001E-02  2.625754300332648E+08
  1.250000000000000E-01 -3.750000000000000E-01  7.500000000000001E-02  2.625754300332648E+08
  1.750000000000000E-01 -3.750000000000000E-01  7.500000000000001E-02  2.625754300332648E+08
  2.250000000000000E-01 -3.750000000000000E-01  7.500000000000001E-02  2.625754300332648E+08
  2.750000000000000E-01 -3.750000000000000E-01  7.500000000000001E-02  2.625754300332648E+08
  3.250000000000000E-01 -3.750000000000000E-01  7.500000000000001E-02  2.625754300332648E+08
  3.750000000000000E-01 -3.750000000000000E-01  7.500000000000001E-02  2.625754300332648E+08
  4.250000000000000E-01 -3.750000000000000E-01  7.500000000000001E-02  2.625754300332648E+08
  4.750000000000000E-01 -3.750000000000000E-01  7.500000000000001E-02  2.625754300332648E+08
  2.500000000000000E-02 -4.250000000000000E-01  7.500000000000001E-02  2.625754300332648E+08
  7.500000000000001E-02 -4.250000000000000E-01  7.500000000000001E-02  2.625754300332648E+08
  1.250000000000000E-01 -4.250000000000000E-01  7.500000000000001E-02  2.625754300332648E+08
  1.750000000000000E-01 -4.250000000000000E-01  7.500000000000001E-02  2.625754300332648E+08
  2.250000000000000E-01 -4.250000000000000E-01  7.500000000000001E-02  2.625754300332648E+08
  2.750000000000000E-01 -4.250000000000000E-01  7.500000000000001E-02  2.625754300332648E+08
  3.250000000000000E-01 -4.250000000000000E-01  7.500000000000001E-02  2.625754300332648E+08
  3.750000000000000E-01 -4.250000000000000E-01  7.500000000000001E-02  2.625754300332648E+08
  2.500000000000000E-02 -4.750000000000000E-01  7.500000000000001E-02  2.625754300332648E+08
  7.500000000000001E-02 -4.750000000000000E-01  7.500000000000001E-02  2.625754300332648E+08
  1.250000000000000E-01 -4.750000000000000E-01  7.500000000000001E-02  2.625754300332648E+08
  1.750000000000000E-01 -4.750000000000000E-01  7.500000000000001E-02  2.625754300332648E+08
  2.250000000000000E-01 -4.750000000000000E-01  7.500000000000001E-02  2.625754300332648E+08
  2.750000000000000E-01 -4.750000000000000E-01  7.500000000000001E-02  2.625754300332648E+08
  2.500000000000000E-02 -2.500000000000000E-02  1.250000000000000E-01  2.625754300332648E+08
  7.500000000000001E-02 -2.500000000000000E-02  1.250000000000000E-01  2.625754300332648E+08
  1.250000000000000E-01 -2.500000000000000E-02  1.250000000000000E-01  2.625754300332648E+08
  1.750000000000000E-01 -2.500000000000000E-02  1.250000000000000E-01  2.625754300332648E+08
  2.250000000000000E-01 -2.500000000000000E-02  1.250000000000000E-01  2.625754300332648E+08
  2.750000000000000E-01 -2.500000000000000E-02  1.250000000000000E-01  2.625754300332648E+08
  3.250000000000000E-01 -2.500000000000000E-02  1.250000000000000E-01  2.625754300332648E+08
  3.750000000000000E-01 -2.500000000000000E-02  1.250000000000000E-01  2.625754300332648E+08
  4.250000000000000E-01 -2.500000000000000E-02  1.250000000000000E-01  2.625754300332648E+08
  4.750000000000000E-01 -2.500000000000000E-02  1.250000000000000E-01  2.625754300332648E+08
  5.249999999999999E-01 -2.500000000000000E-02  1.250000000000000E-01  2.625754300332648E+08
  5.750000000000000E-01 -2.500000000000000E-02  1.250000000000000E-01  2.625754300332648E+08
  6.250000000000000E-01 -2.500000000000000E-02  1.250000000000000E-01  2.625754300332648E+08
  6.750000000000000E-01 -2.500000000000000E-02  1.250000000000000E-01  2.625754300332648E+08
  7.250000000000001E-01 -2.500000000000000E-02  1.250000000000000E-01  2.625754300332648E+08
  2.500000000000000E-02 -7.500000000000001E-02  1.250000000000000E-01  2.625754300332648E+08
  7.500000000000001E-02 -7.500000000000001E-02  1.250000000000000E-01  2.625754300332648E+08
  1.250000000000000E-01 -7.500000000000001E-02  1.250000000000000E-01  2.625754300332648E+08
  1.750000000000000E-01 -7.500000000000001E-02  1.250000000000000E-01  2.625754300332648E+08
  2.250000000000000E-01 -7.500000000000001E-02  1.250000000000000E-01  2.625754300332648E+08
  2.750000000000000E-01 -7.500000000000001E-02  1.250000000000000E-01  2.625754300332648E+08
  3.250000000000000E-01 -7.500000000000001E-02  1.250000000000000E-01  2.625754300332648E+08
  3.750000000000000E-01 -7.500000000000001E-02  1.250000000000000E-01  2.625754300332648E+08
  4.250000000000000E-01 -7.500000000000001E-02  1.250000000000000E-01  2.625754300332648E+08
  4.750000000000000E-01 -7.500000000000001E-02  1.250000000000000E-01  2.625754300332648E+08
  5.249999999999999E-01 -7.500000000000001E-02  1.250000000000000E-01  2.625754300332648E+08
  5.750000000000000E-01 -7.500000000000001E-02  1.250000000000000E-01  2.625754300332648E+08
  6.250000000000000E-01 -7.500000000000001E-02  1.250000000000000E-01  2.625754300332648E+08
  6.750000000000000E-01 -7.500000000000001E-02  1.250000000000000E-01  2.625754300332648E+08
  7.250000000000001E-01 -7.500000000000001E-02  1.250000000000000E-01  2.625754300332648E+08
  2.500000000000000E-02 -1.250000000000000E-01  1.250000000000000E-01  2.625754300332648E+08
  7.500000000000001E-02 -1.250000000000000E-01  1.250000000000000E-01  2.625754300332648E+08
  1.250000000000000E-01 -1.250000000000000E-01  1.250000000000000E-01  2.625754300332648E+08
  1.750000000000000E-01 -1.250000000000000E-01  1.250000000000000E-01  2.625754300332648E+08
  2.250000000000000E-01 -1.250000000000000E-01  1.250000000000000E-01  2.625754300332648E+08
  2.750000000000000E-01 -1.250000000000000E-01  1.250000000000000E-01  2.625754300332648E+08
  3.250000000000000E-01 -1.250000000000000E-01  1.250000000000000E-01  2.625754300332648E+08
  3.750000000000000E-01 -1.250000000000000E-01  1.250000000000000E-01  2.625754300332648E+08
  4.250000000000000E-01 -1.250000000000000E-01  1.250000000000000E-01  2.625754300332648E+08
  4.750000000000000E-01 -1.250000000000000E-01  1.250000000000000E-01  2.625754300332648E+08
  5.249999999999999E-01 -1.250000000000000E-01  1.250000000000000E-01  2.625754300332648E+08
  5.750000000000000E-01 -1.250000000000000E-01  1.250000000000000E-01  2.625754300332648E+08
  6.250000000000000E-01 -1.250000000000000E-01  1.250000000000000E-01  2.625754300332648E+08
  6.750000000000000E-01 -1.250000000000000E-01  1.250000000000000E-01  2.625754300332648E+08
  7.250000000000001E-01 -1.250000000000000E-01  1.250000000000000E-01  2.625754300332648E+08
  2.500000000000000E-02 -1.750000000000000E-01  1.250000000000000E-01  2.625754300332648E+08
  7.500000000000001E-02 -1.750000000000000E-01  1.250000000000000E-01  2.625754300332648E+08
  1.250000000000000E-01 -1.750000000000000E-01  1.250000000000000E-01  2.625754300332648E+08
  1.750000000000000E-01 -1.750000000000000E-01  1.250000000000000E-01  2.625754300332648E+08
  2.250000000000000E-01 -1.750000000000000E-01  1.250000000000000E-01  2.625754300332648E+08
  2.750000000000000E-01 -1.750000000000000E-01  1.250000000000000E-01  2.625754300332648E+08
  3.250000000000000E-01 -1.750000000000000E-01  1.250000000000000E-01  2.625754300332648E+08
  3.750000000000000E-01 -1.750000000000000E-01  1.250000000000000E-01  2.625754300332648E+08
  4.250000000000000E-01 -1.750000000000000E-01  1.250000000000000E-01  2.625754300332648E+08
  4.750000000000000E-01 -1.750000000000000E-01  1.250000000000000E-01  2.625754300332648E+08
  5.249999999999999E-01 -1.750000000000000E-01  1.250000000000000E-01  2.625754300332648E+08
  5.750000000000000E-01 -1.750000000000000E-01  1.250000000000000E-01  2.625754300332648E+08
  6.250000000000000E-01 -1.750000000000000E-01  1.250000000000000E-01  2.625754300332648E+08
  6.750000000000000E-01 -1.750000000000000E-01  1.250000000000000E-01  2.625754300332648E+08
  2.500000000000000E-02 -2.250000000000000E-01  1.250000000000000E-01  2.625754300332648E+08
  7.500000000000001E-02 -2.250000000000000E-01  1.250000000000000E-01  2.625754300332648E+08
  1.250000000000000E-01 -2.250000000000000E-01  1.250000000000000E-01  2.625754300332648E+08
  1.750000000000000E-01 -2.250000000000000E-01  1.250000000000000E-01  2.625754300332648E+08
  2.250000000000000E-01 -2.250000000000000E-01  1.250000000000000E-01  2.625754300332648E+08
  2.750000000000000E-01 -2.250000000000000E-01  1.250000000000000E-01  2.625754300332648E+08
  3.250000000000000E-01 -2.250000000000000E-01  1.250000000000000E-01  2.625754300332648E+08
  3.750000000000000E-01 -2.250000000000000E-01  1.250000000000000E-01  2.625754300332648E+08
  4.250000000000000E-01 -2.250000000000000E-01  1.250000000000000E-01  2.625754300332648E+08
  4.750000000000000E-01 -2.250000000000000E-01  1.250000000000000E-01  2.625754300332648E+08
  5.249999999999999E-01 -2.250000000000000E-01  1.250000000000000E-01  2.625754300332648E+08
  5.750000000000000E-01 -2.250000000000000E-01  1.250000000000000E-01  2.625754300332648E+08
  6.250000000000000E-01 -2.250000000000000E-01  1.250000000000000E-01  2.625754300332648E+08
  6.750000000000000E-01 -2.250000000000000E-01  1.250000000000000E-01  2.625754300332648E+08
  2.500000000000000E-02 -2.750000000000000E-01  1.250000000000000E-01  2.625754300332648E+08
  7.500000000000001E-02 -2.750000000000000E-01  1.250000000000000E-01  2.625754300332648E+08
  1.250000000000000E-01 -2.750000000000000E-01  1.250000000000000E-01  2.625754300332648E+08
  1.750000000000000E-01 -2.750000000000000E-01  1.250000000000000E-01  2.625754300332648E+08
  2.250000000000000E-01 -2.750000000000000E-01  1.250000000000000E-01  2.625754300332648E+08
  2.750000000000000E-01 -2.750000000000000E-01  1.250000000000000E-01  2.625754300332648E+08
  3.250000000000000E-01 -2.750000000000000E-01  1.250000000000000E-01  2.625754300332648E+08
  3.750000000000000E-01 -2.750000000000000E-01  1.250000000000000E-01  2.625754300332648E+08
  4.250000000000000E-01 -2.750000000000000E-01  1.250000000000000E-01  2.625754300332648E+08
  4.750000000000000E-01 -2.750000000000000E-01  1.250000000000000E-01  2.625754300332648E+08
  5.249999999999999E-01 -2.750000000000000E-01  1.250000000000000E-01  2.625754300332648E+08
  5.750000000000000E-01 -2.750000000000000E-01  1.250000000000000E-01  2.625754300332648E+08
  6.250000000000000E-01 -2.750000000000000E-01  1.250000000000000E-01  2.625754300332648E+08
  2.500000000000000E-02 -3.250000000000000E-01  1.250000000000000E-01  2.625754300332648E+08
  7.500000000000001E-02 -3.250000000000000E-01  1.250000000000000E-01  2.625754300332648E+08
  1.250000000000000E-01 -3.250000000000000E-01  1.250000000000000E-01  2.625754300332648E+08
  1.750000000000000E-01 -3.250000000000000E-01  1.250000000000000E-01  2.625754300332648E+08
  2.250000000000000E-01 -3.250000000000000E-01  1.250000000000000E-01  2.625754300332648E+08
  2.750000000000000E-01 -3.250000000000000E-01  1.250000000000000E-01  2.625754300332648E+08
  3.250000000000000E-01 -3.250000000000000E-01  1.250000000000000E-01  2.625754300332648E+08
  3.750000000000000E-01 -3.250000000000000E-01  1.250000000000000E-01  2.625754300332648E+08
  4.250000000000000E-01 -3.250000000000000E-01  1.250000000000000E-01  2.625754300332648E+08
  4.750000000000000E-01 -3.250000000000000E-01  1.250000000000000E-01  2.625754300332648E+08
  5.249999999999999E-01 -3.250000000000000E-01  1.250000000000000E-01  2.625754300332648E+08
  5.750000000000000E-01 -3.250000000000000E-01  1.250000000000000E-01  2.625754300332648E+08
  2.500000000000000E-02 -3.750000000000000E-01  1.250000000000000E-01  2.625754300332648E+08
  7.500000000000001E-02 -3.750000000000000E-01  1.250000000000000E-01  2.625754300332648E+08
  1.250000000000000E-01 -3.750000000000000E-01  1.250000000000000E-01  2.625754300332648E+08
  1.750000000000000E-01 -3.750000000000000E-01  1.250000000000000E-01  2.625754300332648E+08
  2.250000000000000E-01 -3.750000000000000E-01  1.250000000000000E-01  2.625754300332648E+08
  2.750000000000000E-01 -3.750000000000000E-01  1.250000000000000E-01  2.625754300332648E+08
  3.250000000000000E-01 -3.750000000000000E-01  1.250000000000000E-01  2.625754300332648E+08
  3.750000000000000E-01 -3.750000000000000E-01  1.250000000000000E-01  2.625754300332648E+08
  4.250000000000000E-01 -3.750000000000000E-01  1.250000000000000E-01  2.625754300332648E+08
  4.750000000000000E-01 -3.750000000000000E-01  1.250000000000000E-01  2.625754300332648E+08
  2.500000000000000E-02 -4.250000000000000E-01  1.250000000000000E-01  2.625754300332648E+08
  7.500000000000001E-02 -4.250000000000000E-01  1.250000000000000E-01  2.625754300332648E+08
  1.250000000000000E-01 -4.250000000000000E-01  1.250000000000000E-01  2.625754300332648E+08
  1.750000000000000E-01 -4.250000000000000E-01  1.250000000000000E-01  2.625754300332648E+08
  2.250000000000000E-01 -4.250000000000000E-01  1.250000000000000E-01  2.625754300332648E+08
  2.750000000000000E-01 -4.250000000000000E-01  1.250000000000000E-01  2.625754300332648E+08
  3.250000000000000E-01 -4.250000000000000E-01  1.250000000000000E-01  2.625754300332648E+08
  3.750000000000000E-01 -4.250000000000000E-01  1.250000000000000E-01  2.625754300332648E+08
  2.500000000000000E-02 -4.750000000000000E-01  1.250000000000000E-01  2.625754300332648E+08
  7.500000000000001E-02 -4.750000000000000E-01  1.250000000000000E-01  2.625754300332648E+08
  1.250000000000000E-01 -4.750000000000000E-01  1.250000000000000E-01  2.625754300332648E+08
  1.750000000000000E-01 -4.750000000000000E-01  1.250000000000000E-01  2.625754300332648E+08
  2.250000000000000E-01 -4.750000000000000E-01  1.250000000000000E-01  2.625754300332648E+08
  2.750000000000000E-01 -4.750000000000000E-01  1.250000000000000E-01  2.625754300332648E+08
  2.500000000000000E-02 -2.500000000000000E-02  1.750000000000000E-01  2.625754300332648E+08
  7.500000000000001E-02 -2.500000000000000E-02  1.750000000000000E-01  2.625754300332648E+08
  1.250000000000000E-01 -2.500000000000000E-02  1.750000000000000E-01  2.625754300332648E+08
  1.750000000000000E-01 -2.500000000000000E-02  1.750000000000000E-01  2.625754300332648E+08
  2.250000000000000E-01 -2.500000000000000E-02  1.750000000000000E-01  2.625754300332648E+08
  2.750000000000000E-01 -2.500000000000000E-02  1.750000000000000E-01  2.625754300332648E+08
  3.250000000000000E-01 -2.500000000000000E-02  1.750000000000000E-01  2.625754300332648E+08
  3.750000000000000E-01 -2.500000000000000E-02  1.750000000000000E-01  2.625754300332648E+08
  4.250000000000000E-01 -2.500000000000000E-02  1.750000000000000E-01  2.625754300332648E+08
  4.750000000000000E-01 -2.500000000000000E-02  1.750000000000000E-01  2.625754300332648E+08
  5.249999999999999E-01 -2.500000000000000E-02  1.750000000000000E-01  2.625754300332648E+08
  5.750000000000000E-01 -2.500000000000000E-02  1.750000000000000E-01  2.625754300332648E+08
  6.250000000000000E-01 -2.500000000000000E-02  1.750000000000000E-01  2.625754300332648E+08
  6.750000000000000E-01 -2.500000000000000E-02  1.750000000000000E-01  2.625754300332648E+08
  7.250000000000001E-01 -2.500000000000000E-02  1.750000000000000E-01  2.625754300332648E+08
  2.500000000000000E-02 -7.500000000000001E-02  1.750000000000000E-01  2.625754300332648E+08
  7.500000000000001E-02 -7.500000000000001E-02  1.750000000000000E-01  2.625754300332648E+08
  1.250000000000000E-01 -7.500000000000001E-02  1.750000000000000E-01  2.625754300332648E+08
  1.750000000000000E-01 -7.500000000000001E-02  1.750000000000000E-01  2.625754300332648E+08
  2.250000000000000E-01 -7.500000000000001E-02  1.750000000000000E-01  2.625754300332648E+08
  2.750000000000000E-01 -7.500000000000001E-02  1.750000000000000E-01  2.625754300332648E+08
  3.250000000000000E-01 -7.500000000000001E-02  1.750000000000000E-01  2.625754300332648E+08
  3.750000000000000E-01 -7.500000000000001E-02  1.750000000000000E-01  2.625754300332648E+08
  4.250000000000000E-01 -7.500000000000001E-02  1.750000000000000E-01  2.625754300332648E+08
  4.750000000000000E-01 -7.500000000000001E-02  1.750000000000000E-01  2.625754300332648E+08
  5.249999999999999E-01 -7.500000000000001E-02  1.750000000000000E-01  2.625754300332648E+08
  5.750000000000000E-01 -7.500000000000001E-02  1.750000000000000E-01  2.625754300332648E+08
  6.250000000000000E-01 -7.500000000000001E-02  1.750000000000000E-01  2.625754300332648E+08
  6.750000000000000E-01 -7.500000000000001E-02  1.750000000000000E-01  2.625754300332648E+08
  7.250000000000001E-01 -7.500000000000001E-02  1.750000000000000E-01  2.625754300332648E+08
  2.500000000000000E-02 -1.250000000000000E-01  1.750000000000000E-01  2.625754300332648E+08
  7.500000000000001E-02 -1.250000000000000E-01  1.750000000000000E-01  2.625754300332648E+08
  1.250000000000000E-01 -1.250000000000000E-01  1.750000000000000E-01  2.625754300332648E+08
  1.750000000000000E-01 -1.250000000000000E-01  1.750000000000000E-01  2.625754300332648E+08
  2.250000000000000E-01 -1.250000000000000E-01  1.750000000000000E-01  2.625754300332648E+08
  2.750000000000000E-01 -1.250000000000000E-01  1.750000000000000E-01  2.625754300332648E+08
  3.250000000000000E-01 -1.250000000000000E-01  1.750000000000000E-01  2.625754300332648E+08
  3.750000000000000E-01 -1.250000000000000E-01  1.750000000000000E-01  2.625754300332648E+08
  4.250000000000000E-01 -1.250000000000000E-01  1.750000000000000E-01  2.625754300332648E+08
  4.750000000000000E-01 -1.250000000000000E-01  1.750000000000000E-01  2.625754300332648E+08
  5.249999999999999E-01 -1.250000000000000E-01  1.750000000000000E-01  2.625754300332648E+08
  5.750000000000000E-01 -1.250000000000000E-01  1.750000000000000E-01  2.625754300332648E+08
  6.250000000000000E-01 -1.250000000000000E-01  1.750000000000000E-01  2.625754300332648E+08
  6.750000000000000E-01 -1.250000000000000E-01  1.750000000000000E-01  2.625754300332648E+08
  7.250000000000001E-01 -1.250000000000000E-01  1.750000000000000E-01  2.625754300332648E+08
  2.500000000000000E-02 -1.750000000000000E-01  1.750000000000000E-01  2.625754300332648E+08
  7.500000000000001E-02 -1.750000000000000E-01  1.750000000000000E-01  2.625754300332648E+08
  1.250000000000000E-01 -1.750000000000000E-01  1.750000000000000E-01  2.625754300332648E+08
  1.750000000000000E-01 -1.750000000000000E-01  1.750000000000000E-01  2.625754300332648E+08
  2.250000000000000E-01 -1.750000000000000E-01  1.750000000000000E-01  2.625754300332648E+08
  2.750000000000000E-01 -1.750000000000000E-01  1.750000000000000E-01  2.625754300332648E+08
  3.250000000000000E-01 -1.750000000000000E-01  1.750000000000000E-01  2.625754300332648E+08
  3.750000000000000E-01 -1.750000000000000E-01  1.750000000000000E-01  2.625754300332648E+08
  4.250000000000000E-01 -1.750000000000000E-01  1.750000000000000E-01  2.625754300332648E+08
  4.750000000000000E-01 -1.750000000000000E-01  1.750000000000000E-01  2.625754300332648E+08
  5.249999999999999E-01 -1.750000000000000E-01  1.750000000000000E-01  2.625754300332648E+08
  5.750000000000000E-01 -1.750000000000000E-01  1.750000000000000E-01  2.625754300332648E+08
  6.250000000000000E-01 -1.750000000000000E-01  1.750000000000000E-01  2.625754300332648E+08
  6.750000000000000E-01 -1.750000000000000E-01  1.750000000000000E-01  2.625754300332648E+08
  2.500000000000000E-02 -2.250000000000000E-01  1.750000000000000E-01  2.625754300332648E+08
  7.500000000000001E-02 -2.250000000000000E-01  1.750000000000000E-01  2.625754300332648E+08
  1.250000000000000E-01 -2.250000000000000E-01  1.750000000000000E-01  2.625754300332648E+08
  1.750000000000000E-01 -2.250000000000000E-01  1.750000000000000E-01  2.625754300332648E+08
  2.250000000000000E-01 -2.250000000000000E-01  1.750000000000000E-01  2.625754300332648E+08
  2.750000000000000E-01 -2.250000000000000E-01  1.750000000000000E-01  2.625754300332648E+08
  3.250000000000000E-01 -2.250000000000000E-01  1.750000000000000E-01  2.625754300332648E+08
  3.750000000000000E-01 -2.250000000000000E-01  1.750000000000000E-01  2.625754300332648E+08
  4.250000000000000E-01 -2.250000000000000E-01  1.750000000000000E-01  2.625754300332648E+08
  4.750000000000000E-01 -2.250000000000000E-01  1.750000000000000E-01  2.625754300332648E+08
  5.249999999999999E-01 -2.250000000000000E-01  1.750000000000000E-01  2.625754300332648E+08
  5.750000000000000E-01 -2.250000000000000E-01  1.750000000000000E-01  2.625754300332648E+08
  6.250000000000000E-01 -2.250000000000000E-01  1.750000000000000E-01  2.625754300332648E+08
  6.750000000000000E-01 -2.250000000000000E-01  1.750000000000000E-01  2.625754300332648E+08
  2.500000000000000E-02 -2.750000000000000E-01  1.750000000000000E-01  2.625754300332648E+08
  7.500000000000001E-02 -2.750000000000000E-01  1.750000000000000E-01  2.625754300332648E+08
  1.250000000000000E-01 -2.750000000000000E-01  1.750000000000000E-01  2.625754300332648E+08
  1.750000000000000E-01 -2.750000000000000E-01  1.750000000000000E-01  2.625754300332648E+08
  2.250000000000000E-01 -2.750000000000000E-01  1.750000000000000E-01  2.625754300332648E+08
  2.750000000000000E-01 -2.750000000000000E-01  1.750000000000000E-01  2.625754300332648E+08
  3.250000000000000E-01 -2.750000000000000E-01  1.750000000000000E-01  2.625754300332648E+08
  3.750000000000000E-01 -2.750000000000000E-01  1.750000000000000E-01  2.625754300332648E+08
  4.250000000000000E-01 -2.750000000000000E-01  1.750000000000000E-01  2.625754300332648E+08
  4.750000000000000E-01 -2.750000000000000E-01  1.750000000000000E-01  2.625754300332648E+08
  5.249999999999999E-01 -2.750000000000000E-01  1.750000000000000E-01  2.625754300332648E+08
  5.750000000000000E-01 -2.750000000000000E-01  1.750000000000000E-01  2.625754300332648E+08
  6.250000000000000E-01 -2.750000000000000E-01  1.750000000000000E-01  2.625754300332648E+08
  2.500000000000000E-02 -3.250000000000000E-01  1.750000000000000E-01  2.625754300332648E+08
  7.500000000000001E-02 -3.250000000000000E-01  1.750000000000000E-01  2.625754300332648E+08
  1.250000000000000E-01 -3.250000000000000E-01  1.750000000000000E-01  2.625754300332648E+08
  1.750000000000000E-01 -3.250000000000000E-01  1.750000000000000E-01  2.625754300332648E+08
  2.250000000000000E-01 -3.250000000000000E-01  1.750000000000000E-01  2.625754300332648E+08
  2.750000000000000E-01 -3.250000000000000E-01  1.750000000000000E-01  2.625754300332648E+08
  3.250000000000000E-01 -3.250000000000000E-01  1.750000000000000E-01  2.625754300332648E+08
  3.750000000000000E-01 -3.250000000000000E-01  1.750000000000000E-01  2.625754300332648E+08
  4.250000000000000E-01 -3.250000000000000E-01  1.750000000000000E-01  2.625754300332648E+08
  4.750000000000000E-01 -3.250000000000000E-01  1.750000000000000E-01  2.625754300332648E+08
  5.249999999999999E-01 -3.250000000000000E-01  1.750000000000000E-01  2.625754300332648E+08
  5.750000000000000E-01 -3.250000000000000E-01  1.750000000000000E-01  2.625754300332648E+08
  2.500000000000000E-02 -3.750000000000000E-01  1.750000000000000E-01  2.625754300332648E+08
  7.500000000000001E-02 -3.750000000000000E-01  1.750000000000000E-01  2.625754300332648E+08
  1.250000000000000E-01 -3.750000000000000E-01  1.750000000000000E-01  2.625754300332648E+08
  1.750000000000000E-01 -3.750000000000000E-01  1.750000000000000E-01  2.625754300332648E+08
  2.250000000000000E-01 -3.750000000000000E-01  1.750000000000000E-01  2.625754300332648E+08
  2.750000000000000E-01 -3.750000000000000E-01  1.750000000000000E-01  2.625754300332648E+08
  3.250000000000000E-01 -3.750000000000000E-01  1.750000000000000E-01  2.625754300332648E+08
  3.750000000000000E-01 -3.750000000000000E-01  1.750000000000000E-01  2.625754300332648E+08
  4.250000000000000E-01 -3.750000000000000E-01  1.750000000000000E-01  2.625754300332648E+08
  4.750000000000000E-01 -3.750000000000000E-01  1.750000000000000E-01  2.625754300332648E+08
  2.500000000000000E-02 -4.250000000000000E-01  1.750000000000000E-01  2.625754300332648E+08
  7.500000000000001E-02 -4.250000000000000E-01  1.750000000000000E-01  2.625754300332648E+08
  1.250000000000000E-01 -4.250000000000000E-01  1.750000000000000E-01  2.625754300332648E+08
  1.750000000000000E-01 -4.250000000000000E-01  1.750000000000000E-01  2.625754300332648E+08
  2.250000000000000E-01 -4.250000000000000E-01  1.750000000000000E-01  2.625754300332648E+08
  2.750000000000000E-01 -4.250000000000000E-01  1.750000000000000E-01  2.625754300332648E+08
  3.250000000000000E-01 -4.250000000000000E-01  1.750000000000000E-01  2.625754300332648E+08
  3.750000000000000E-01 -4.250000000000000E-01  1.750000000000000E-01  2.625754300332648E+08
  7.500000000000001E-02 -4.750000000000000E-01  1.750000000000000E-01  2.625754300332648E+08
  1.250000000000000E-01 -4.750000000000000E-01  1.750000000000000E-01  2.625754300332648E+08
  1.750000000000000E-01 -4.750000000000000E-01  1.750000000000000E-01  2.625754300332648E+08
  2.250000000000000E-01 -4.750000000000000E-01  1.750000000000000E-01  2.625754300332648E+08
  2.750000000000000E-01 -4.750000000000000E-01  1.750000000000000E-01  2.625754300332648E+08
  2.500000000000000E-02 -2.500000000000000E-02  2.250000000000000E-01  2.625754300332648E+08
  7.500000000000001E-02 -2.500000000000000E-02  2.250000000000000E-01  2.625754300332648E+08
  1.250000000000000E-01 -2.500000000000000E-02  2.250000000000000E-01  2.625754300332648E+08
  1.750000000000000E-01 -2.500000000000000E-02  2.250000000000000E-01  2.625754300332648E+08
  2.250000000000000E-01 -2.500000000000000E-02  2.250000000000000E-01  2.625754300332648E+08
  2.750000000000000E-01 -2.500000000000000E-02  2.250000000000000E-01  2.625754300332648E+08
  3.250000000000000E-01 -2.500000000000000E-02  2.250000000000000E-01  2.625754300332648E+08
  3.750000000000000E-01 -2.500000000000000E-02  2.250000000000000E-01  2.625754300332648E+08
  4.250000000000000E-01 -2.500000000000000E-02  2.250000000000000E-01  2.625754300332648E+08
  4.750000000000000E-01 -2.500000000000000E-02  2.250000000000000E-01  2.625754300332648E+08
  5.249999999999999E-01 -2.500000000000000E-02  2.250000000000000E-01  2.625754300332648E+08
  5.750000000000000E-01 -2.500000000000000E-02  2.250000000000000E-01  2.625754300332648E+08
  6.250000000000000E-01 -2.500000000000000E-02  2.250000000000000E-01  2.625754300332648E+08
  6.750000000000000E-01 -2.500000000000000E-02  2.250000000000000E-01  2.625754300332648E+08
  7.250000000000001E-01 -2.500000000000000E-02  2.250000000000000E-01  2.625754300332648E+08
  2.500000000000000E-02 -7.500000000000001E-02  2.250000000000000E-01  2.625754300332648E+08
  7.500000000000001E-02 -7.500000000000001E-02  2.250000000000000E-01  2.625754300332648E+08
  1.250000000000000E-01 -7.500000000000001E-02  2.250000000000000E-01  2.625754300332648E+08
  1.750000000000000E-01 -7.500000000000001E-02  2.250000000000000E-01  2.625754300332648E+08
  2.250000000000000E-01 -7.500000000000001E-02  2.250000000000000E-01  2.625754300332648E+08
  2.750000000000000E-01 -7.500000000000001E-02  2.250000000000000E-01  2.625754300332648E+08
  3.250000000000000E-01 -7.500000000000001E-02  2.250000000000000E-01  2.625754300332648E+08
  3.750000000000000E-01 -7.500000000000001E-02  2.250000000000000E-01  2.625754300332648E+08
  4.250000000000000E-01 -7.500000000000001E-02  2.250000000000000E-01  2.625754300332648E+08
  4.750000000000000E-01 -7.500000000000001E-02  2.250000000000000E-01  2.625754300332648E+08
  5.249999999999999E-01 -7.500000000000001E-02  2.250000000000000E-01  2.625754300332648E+08
  5.750000000000000E-01 -7.500000000000001E-02  2.250000000000000E-01  2.625754300332648E+08
  6.250000000000000E-01 -7.500000000000001E-02  2.250000000000000E-01  2.625754300332648E+08
  6.750000000000000E-01 -7.500000000000001E-02  2.250000000000000E-01  2.625754300332648E+08
  7.250000000000001E-01 -7.500000000000001E-02  2.250000000000000E-01  2.625754300332648E+08
  2.500000000000000E-02 -1.250000000000000E-01  2.250000000000000E-01  2.625754300332648E+08
  7.500000000000001E-02 -1.250000000000000E-01  2.250000000000000E-01  2.625754300332648E+08
  1.250000000000000E-01 -1.250000000000000E-01  2.250000000000000E-01  2.625754300332648E+08
  1.750000000000000E-01 -1.250000000000000E-01  2.250000000000000E-01  2.625754300332648E+08
  2.250000000000000E-01 -1.250000000000000E-01  2.250000000000000E-01  2.625754300332648E+08
  2.750000000000000E-01 -1.250000000000000E-01  2.250000000000000E-01  2.625754300332648E+08
  3.250000000000000E-01 -1.250000000000000E-01  2.250000000000000E-01  2.625754300332648E+08
  3.750000000000000E-01 -1.250000000000000E-01  2.250000000000000E-01  2.625754300332648E+08
  4.250000000000000E-01 -1.250000000000000E-01  2.250000000000000E-01  2.625754300332648E+08
  4.750000000000000E-01 -1.250000000000000E-01  2.250000000000000E-01  2.625754300332648E+08
  5.249999999999999E-01 -1.250000000000000E-01  2.250000000000000E-01  2.625754300332648E+08
  5.750000000000000E-01 -1.250000000000000E-01  2.250000000000000E-01  2.625754300332648E+08
  6.250000000000000E-01 -1.250000000000000E-01  2.250000000000000E-01  2.625754300332648E+08
  6.750000000000000E-01 -1.250000000000000E-01  2.250000000000000E-01  2.625754300332648E+08
  2.500000000000000E-02 -1.750000000000000E-01  2.250000000000000E-01  2.625754300332648E+08
  7.500000000000001E-02 -1.750000000000000E-01  2.250000000000000E-01  2.625754300332648E+08
  1.250000000000000E-01 -1.750000000000000E-01  2.250000000000000E-01  2.625754300332648E+08
  1.750000000000000E-01 -1.750000000000000E-01  2.250000000000000E-01  2.625754300332648E+08
  2.250000000000000E-01 -1.750000000000000E-01  2.250000000000000E-01  2.625754300332648E+08
  2.750000000000000E-01 -1.750000000000000E-01  2.250000000000000E-01  2.625754300332648E+08
  3.250000000000000E-01 -1.750000000000000E-01  2.250000000000000E-01  2.625754300332648E+08
  3.750000000000000E-01 -1.750000000000000E-01  2.250000000000000E-01  2.625754300332648E+08
  4.250000000000000E-01 -1.750000000000000E-01  2.250000000000000E-01  2.625754300332648E+08
  4.750000000000000E-01 -1.750000000000000E-01  2.250000000000000E-01  2.625754300332648E+08
  5.249999999999999E-01 -1.750000000000000E-01  2.250000000000000E-01  2.625754300332648E+08
  5.750000000000000E-01 -1.750000000000000E-01  2.250000000000000E-01  2.625754300332648E+08
  6.250000000000000E-01 -1.750000000000000E-01  2.250000000000000E-01  2.625754300332648E+08
  6.750000000000000E-01 -1.750000000000000E-01  2.250000000000000E-01  2.625754300332648E+08
  2.500000000000000E-02 -2.250000000000000E-01  2.250000000000000E-01  2.625754300332648E+08
  7.500000000000001E-02 -2.250000000000000E-01  2.250000000000000E-01  2.625754300332648E+08
  1.250000000000000E-01 -2.250000000000000E-01  2.250000000000000E-01  2.625754300332648E+08
  1.750000000000000E-01 -2.250000000000000E-01  2.250000000000000E-01  2.625754300332648E+08
  2.250000000000000E-01 -2.250000000000000E-01  2.250000000000000E-01  2.625754300332648E+08
  2.750000000000000E-01 -2.250000000000000E-01  2.250000000000000E-01  2.625754300332648E+08
  3.250000000000000E-01 -2.250000000000000E-01  2.250000000000000E-01  2.625754300332648E+08
  3.750000000000000E-01 -2.250000000000000E-01  2.250000000000000E-01  2.625754300332648E+08
  4.250000000000000E-01 -2.250000000000000E-01  2.250000000000000E-01  2.625754300332648E+08
  4.750000000000000E-01 -2.250000000000000E-01  2.250000000000000E-01  2.625754300332648E+08
  5.249999999999999E-01 -2.250000000000000E-01  2.250000000000000E-01  2.625754300332648E+08
  5.750000000000000E-01 -2.250000000000000E-01  2.250000000000000E-01  2.625754300332648E+08
  6.250000000000000E-01 -2.250000000000000E-01  2.250000000000000E-01  2.625754300332648E+08
  6.750000000000000E-01 -2.250000000000000E-01  2.250000000000000E-01  2.625754300332648E+08
  2.500000000000000E-02 -2.750000000000000E-01  2.250000000000000E-01  2.625754300332648E+08
  7.500000000000001E-02 -2.750000000000000E-01  2.250000000000000E-01  2.625754300332648E+08
  1.250000000000000E-01 -2.750000000000000E-01  2.250000000000000E-01  2.625754300332648E+08
  1.750000000000000E-01 -2.750000000000000E-01  2.250000000000000E-01  2.625754300332648E+08
  2.250000000000000E-01 -2.750000000000000E-01  2.250000000000000E-01  2.625754300332648E+08
  2.750000000000000E-01 -2.750000000000000E-01  2.250000000000000E-01  2.625754300332648E+08
  3.250000000000000E-01 -2.750000000000000E-01  2.250000000000000E-01  2.625754300332648E+08
  3.750000000000000E-01 -2.750000000000000E-01  2.250000000000000E-01  2.625754300332648E+08
  4.250000000000000E-01 -2.750000000000000E-01  2.250000000000000E-01  2.625754300332648E+08
  4.750000000000000E-01 -2.750000000000000E-01  2.250000000000000E-01  2.625754300332648E+08
  5.249999999999999E-01 -2.750000000000000E-01  2.250000000000000E-01  2.625754300332648E+08
  5.750000000000000E-01 -2.750000000000000E-01  2.250000000000000E-01  2.625754300332648E+08
  6.250000000000000E-01 -2.750000000000000E-01  2.250000000000000E-01  2.625754300332648E+08
  2.500000000000000E-02 -3.250000000000000E-01  2.250000000000000E-01  2.625754300332648E+08
  7.500000000000001E-02 -3.250000000000000E-01  2.250000000000000E-01  2.625754300332648E+08
  1.250000000000000E-01 -3.250000000000000E-01  2.250000000000000E-01  2.625754300332648E+08
  1.750000000000000E-01 -3.250000000000000E-01  2.250000000000000E-01  2.625754300332648E+08
  2.250000000000000E-01 -3.250000000000000E-01  2.250000000000000E-01  2.625754300332648E+08
  2.750000000000000E-01 -3.250000000000000E-01  2.250000000000000E-01  2.625754300332648E+08
  3.250000000000000E-01 -3.250000000000000E-01  2.250000000000000E-01  2.625754300332648E+08
  3.750000000000000E-01 -3.250000000000000E-01  2.250000000000000E-01  2.625754300332648E+08
  4.250000000000000E-01 -3.250000000000000E-01  2.250000000000000E-01  2.625754300332648E+08
  4.750000000000000E-01 -3.250000000000000E-01  2.250000000000000E-01  2.625754300332648E+08
  5.249999999999999E-01 -3.250000000000000E-01  2.250000000000000E-01  2.625754300332648E+08
  5.750000000000000E-01 -3.250000000000000E-01  2.250000000000000E-01  2.625754300332648E+08
  2.500000000000000E-02 -3.750000000000000E-01  2.250000000000000E-01  2.625754300332648E+08
  7.500000000000001E-02 -3.750000000000000E-01  2.250000000000000E-01  2.625754300332648E+08
  1.250000000000000E-01 -3.750000000000000E-01  2.250000000000000E-01  2.625754300332648E+08
  1.750000000000000E-01 -3.750000000000000E-01  2.250000000000000E-01  2.625754300332648E+08
  2.250000000000000E-01 -3.750000000000000E-01  2.250000000000000E-01  2.625754300332648E+08
  2.750000000000000E-01 -3.750000000000000E-01  2.250000000000000E-01  2.625754300332648E+08
  3.250000000000000E-01 -3.750000000000000E-01  2.250000000000000E-01  2.625754300332648E+08
  3.750000000000000E-01 -3.750000000000000E-01  2.250000000000000E-01  2.625754300332648E+08
  4.250000000000000E-01 -3.750000000000000E-01  2.250000000000000E-01  2.625754300332648E+08
  4.750000000000000E-01 -3.750000000000000E-01  2.250000000000000E-01  2.625754300332648E+08
  7.500000000000001E-02 -4.250000000000000E-01  2.250000000000000E-01  2.625754300332648E+08
  1.250000000000000E-01 -4.250000000000000E-01  2.250000000000000E-01  2.625754300332648E+08
  1.750000000000000E-01 -4.250000000000000E-01  2.250000000000000E-01  2.625754300332648E+08
  2.250000000000000E-01 -4.250000000000000E-01  2.250000000000000E-01  2.625754300332648E+08
  2.750000000000000E-01 -4.250000000000000E-01  2.250000000000000E-01  2.625754300332648E+08
  3.250000000000000E-01 -4.250000000000000E-01  2.250000000000000E-01  2.625754300332648E+08
  3.750000000000000E-01 -4.250000000000000E-01  2.250000000000000E-01  2.625754300332648E+08
  2.500000000000000E-02 -2.500000000000000E-02  2.750000000000000E-01  2.625754300332648E+08
  7.500000000000001E-02 -2.500000000000000E-02  2.750000000000000E-01  2.625754300332648E+08
  1.250000000000000E-01 -2.500000000000000E-02  2.750000000000000E-01  2.625754300332648E+08
  1.750000000000000E-01 -2.500000000000000E-02  2.750000000000000E-01  2.625754300332648E+08
  2.250000000000000E-01 -2.500000000000000E-02  2.750000000000000E-01  2.625754300332648E+08
  2.750000000000000E-01 -2.500000000000000E-02  2.750000000000000E-01  2.625754300332648E+08
  3.250000000000000E-01 -2.500000000000000E-02  2.750000000000000E-01  2.625754300332648E+08
  3.750000000000000E-01 -2.500000000000000E-02  2.750000000000000E-01  2.625754300332648E+08
  4.250000000000000E-01 -2.500000000000000E-02  2.750000000000000E-01  2.625754300332648E+08
  4.750000000000000E-01 -2.500000000000000E-02  2.750000000000000E-01  2.625754300332648E+08
  5.249999999999999E-01 -2.500000000000000E-02  2.750000000000000E-01  2.625754300332648E+08
  5.750000000000000E-01 -2.500000000000000E-02  2.750000000000000E-01  2.625754300332648E+08
  6.250000000000000E-01 -2.500000000000000E-02  2.750000000000000E-01  2.625754300332648E+08
  6.750000000000000E-01 -2.500000000000000E-02  2.750000000000000E-01  2.625754300332648E+08
  7.250000000000001E-01 -2.500000000000000E-02  2.750000000000000E-01  2.625754300332648E+08
  2.500000000000000E-02 -7.500000000000001E-02  2.750000000000000E-01  2.625754300332648E+08
  7.500000000000001E-02 -7.500000000000001E-02  2.750000000000000E-01  2.625754300332648E+08
  1.250000000000000E-01 -7.500000000000001E-02  2.750000000000000E-01  2.625754300332648E+08
  1.750000000000000E-01 -7.500000000000001E-02  2.750000000000000E-01  2.625754300332648E+08
  2.250000000000000E-01 -7.500000000000001E-02  2.750000000000000E-01  2.625754300332648E+08
  2.750000000000000E-01 -7.500000000000001E-02  2.750000000000000E-01  2.625754300332648E+08
  3.250000000000000E-01 -7.500000000000001E-02  2.750000000000000E-01  2.625754300332648E+08
  3.750000000000000E-01 -7.500000000000001E-02  2.750000000000000E-01  2.625754300332648E+08
  4.250000000000000E-01 -7.500000000000001E-02  2.750000000000000E-01  2.625754300332648E+08
  4.750000000000000E-01 -7.500000000000001E-02  2.750000000000000E-01  2.625754300332648E+08
  5.249999999999999E-01 -7.500000000000001E-02  2.750000000000000E-01  2.625754300332648E+08
  5.750000000000000E-01 -7.500000000000001E-02  2.750000000000000E-01  2.625754300332648E+08
  6.250000000000000E-01 -7.500000000000001E-02  2.750000000000000E-01  2.625754300332648E+08
  6.750000000000000E-01 -7.500000000000001E-02  2.750000000000000E-01  2.625754300332648E+08
  2.500000000000000E-02 -1.250000000000000E-01  2.750000000000000E-01  2.625754300332648E+08
  7.500000000000001E-02 -1.250000000000000E-01  2.750000000000000E-01  2.625754300332648E+08
  1.250000000000000E-01 -1.250000000000000E-01  2.750000000000000E-01  2.625754300332648E+08
  1.750000000000000E-01 -1.250000000000000E-01  2.750000000000000E-01  2.625754300332648E+08
  2.250000000000000E-01 -1.250000000000000E-01  2.750000000000000E-01  2.625754300332648E+08
  2.750000000000000E-01 -1.250000000000000E-01  2.750000000000000E-01  2.625754300332648E+08
  3.250000000000000E-01 -1.250000000000000E-01  2.750000000000000E-01  2.625754300332648E+08
  3.750000000000000E-01 -1.250000000000000E-01  2.750000000000000E-01  2.625754300332648E+08
  4.250000000000000E-01 -1.250000000000000E-01  2.750000000000000E-01  2.625754300332648E+08
  4.750000000000000E-01 -1.250000000000000E-01  2.750000000000000E-01  2.625754300332648E+08
  5.249999999999999E-01 -1.250000000000000E-01  2.750000000000000E-01  2.625754300332648E+08
  5.750000000000000E-01 -1.250000000000000E-01  2.750000000000000E-01  2.625754300332648E+08
  6.250000000000000E-01 -1.250000000000000E-01  2.750000000000000E-01  2.625754300332648E+08
  6.750000000000000E-01 -1.250000000000000E-01  2.750000000000000E-01  2.625754300332648E+08
  2.500000000000000E-02 -1.750000000000000E-01  2.750000000000000E-01  2.625754300332648E+08
  7.500000000000001E-02 -1.750000000000000E-01  2.750000000000000E-01  2.625754300332648E+08
  1.250000000000000E-01 -1.750000000000000E-01  2.750000000000000E-01  2.625754300332648E+08
  1.750000000000000E-01 -1.750000000000000E-01  2.750000000000000E-01  2.625754300332648E+08
  2.250000000000000E-01 -1.750000000000000E-01  2.750000000000000E-01  2.625754300332648E+08
  2.750000000000000E-01 -1.750000000000000E-01  2.750000000000000E-01  2.625754300332648E+08
  3.250000000000000E-01 -1.750000000000000E-01  2.750000000000000E-01  2.625754300332648E+08
  3.750000000000000E-01 -1.750000000000000E-01  2.750000000000000E-01  2.625754300332648E+08
  4.250000000000000E-01 -1.750000000000000E-01  2.750000000000000E-01  2.625754300332648E+08
  4.750000000000000E-01 -1.750000000000000E-01  2.750000000000000E-01  2.625754300332648E+08
  5.249999999999999E-01 -1.750000000000000E-01  2.750000000000000E-01  2.625754300332648E+08
  5.750000000000000E-01 -1.750000000000000E-01  2.750000000000000E-01  2.625754300332648E+08
  6.250000000000000E-01 -1.750000000000000E-01  2.750000000000000E-01  2.625754300332648E+08
  6.750000000000000E-01 -1.750000000000000E-01  2.750000000000000E-01  2.625754300332648E+08
  2.500000000000000E-02 -2.250000000000000E-01  2.750000000000000E-01  2.625754300332648E+08
  7.500000000000001E-02 -2.250000000000000E-01  2.750000000000000E-01  2.625754300332648E+08
  1.250000000000000E-01 -2.250000000000000E-01  2.750000000000000E-01  2.625754300332648E+08
  1.750000000000000E-01 -2.250000000000000E-01  2.750000000000000E-01  2.625754300332648E+08
  2.250000000000000E-01 -2.250000000000000E-01  2.750000000000000E-01  2.625754300332648E+08
  2.750000000000000E-01 -2.250000000000000E-01  2.750000000000000E-01  2.625754300332648E+08
  3.250000000000000E-01 -2.250000000000000E-01  2.750000000000000E-01  2.625754300332648E+08
  3.750000000000000E-01 -2.250000000000000E-01  2.750000000000000E-01  2.625754300332648E+08
  4.250000000000000E-01 -2.250000000000000E-01  2.750000000000000E-01  2.625754300332648E+08
  4.750000000000000E-01 -2.250000000000000E-01  2.750000000000000E-01  2.625754300332648E+08
  5.249999999999999E-01 -2.250000000000000E-01  2.750000000000000E-01  2.625754300332648E+08
  5.750000000000000E-01 -2.250000000000000E-01  2.750000000000000E-01  2.625754300332648E+08
  6.250000000000000E-01 -2.250000000000000E-01  2.750000000000000E-01  2.625754300332648E+08
  7.500000000000001E-02 -2.750000000000000E-01  2.750000000000000E-01  2.625754300332648E+08
  1.250000000000000E-01 -2.750000000000000E-01  2.750000000000000E-01  2.625754300332648E+08
  1.750000000000000E-01 -2.750000000000000E-01  2.750000000000000E-01  2.625754300332648E+08
  2.250000000000000E-01 -2.750000000000000E-01  2.750000000000000E-01  2.625754300332648E+08
  2.750000000000000E-01 -2.750000000000000E-01  2.750000000000000E-01  2.625754300332648E+08
  3.250000000000000E-01 -2.750000000000000E-01  2.750000000000000E-01  2.625754300332648E+08
  3.750000000000000E-01 -2.750000000000000E-01  2.750000000000000E-01  2.625754300332648E+08
  4.250000000000000E-01 -2.750000000000000E-01  2.750000000000000E-01  2.625754300332648E+08
  4.750000000000000E-01 -2.750000000000000E-01  2.750000000000000E-01  2.625754300332648E+08
  5.249999999999999E-01 -2.750000000000000E-01  2.750000000000000E-01  2.625754300332648E+08
  5.750000000000000E-01 -2.750000000000000E-01  2.750000000000000E-01  2.625754300332648E+08
  1.250000000000000E-01 -3.250000000000000E-01  2.750000000000000E-01  2.625754300332648E+08
  1.750000000000000E-01 -3.250000000000000E-01  2.750000000000000E-01  2.625754300332648E+08
  2.250000000000000E-01 -3.250000000000000E-01  2.750000000000000E-01  2.625754300332648E+08
  2.750000000000000E-01 -3.250000000000000E-01  2.750000000000000E-01  2.625754300332648E+08
  3.250000000000000E-01 -3.250000000000000E-01  2.750000000000000E-01  2.625754300332648E+08
  3.750000000000000E-01 -3.250000000000000E-01  2.750000000000000E-01  2.625754300332648E+08
  4.250000000000000E-01 -3.250000000000000E-01  2.750000000000000E-01  2.625754300332648E+08
  4.750000000000000E-01 -3.250000000000000E-01  2.750000000000000E-01  2.625754300332648E+08
  5.249999999999999E-01 -3.250000000000000E-01  2.750000000000000E-01  2.625754300332648E+08
  2.250000000000000E-01 -3.750000000000000E-01  2.750000000000000E-01  2.625754300332648E+08
  2.750000000000000E-01 -3.750000000000000E-01  2.750000000000000E-01  2.625754300332648E+08
  3.250000000000000E-01 -3.750000000000000E-01  2.750000000000000E-01  2.625754300332648E+08
  3.750000000000000E-01 -3.750000000000000E-01  2.750000000000000E-01  2.625754300332648E+08
  7.500000000000001E-02 -2.500000000000000E-02  3.250000000000000E-01  2.625754300332648E+08
  1.250000000000000E-01 -2.500000000000000E-02  3.250000000000000E-01  2.625754300332648E+08
  1.750000000000000E-01 -2.500000000000000E-02  3.250000000000000E-01  2.625754300332648E+08
  2.250000000000000E-01 -2.500000000000000E-02  3.250000000000000E-01  2.625754300332648E+08
  2.750000000000000E-01 -2.500000000000000E-02  3.250000000000000E-01  2.625754300332648E+08
  3.250000000000000E-01 -2.500000000000000E-02  3.250000000000000E-01  2.625754300332648E+08
  3.750000000000000E-01 -2.500000000000000E-02  3.250000000000000E-01  2.625754300332648E+08
  4.250000000000000E-01 -2.500000000000000E-02  3.250000000000000E-01  2.625754300332648E+08
  4.750000000000000E-01 -2.500000000000000E-02  3.250000000000000E-01  2.625754300332648E+08
  5.249999999999999E-01 -2.500000000000000E-02  3.250000000000000E-01  2.625754300332648E+08
  5.750000000000000E-01 -2.500000000000000E-02  3.250000000000000E-01  2.625754300332648E+08
  6.250000000000000E-01 -2.500000000000000E-02  3.250000000000000E-01  2.625754300332648E+08
  6.750000000000000E-01 -2.500000000000000E-02  3.250000000000000E-01  2.625754300332648E+08
  1.250000000000000E-01 -7.500000000000001E-02  3.250000000000000E-01  2.625754300332648E+08
  1.750000000000000E-01 -7.500000000000001E-02  3.250000000000000E-01  2.625754300332648E+08
  2.250000000000000E-01 -7.500000000000001E-02  3.250000000000000E-01  2.625754300332648E+08
  2.750000000000000E-01 -7.500000000000001E-02  3.250000000000000E-01  2.625754300332648E+08
  3.250000000000000E-01 -7.500000000000001E-02  3.250000000000000E-01  2.625754300332648E+08
  3.750000000000000E-01 -7.500000000000001E-02  3.250000000000000E-01  2.625754300332648E+08
  4.250000000000000E-01 -7.500000000000001E-02  3.250000000000000E-01  2.625754300332648E+08
  4.750000000000000E-01 -7.500000000000001E-02  3.250000000000000E-01  2.625754300332648E+08
  5.249999999999999E-01 -7.500000000000001E-02  3.250000000000000E-01  2.625754300332648E+08
  5.750000000000000E-01 -7.500000000000001E-02  3.250000000000000E-01  2.625754300332648E+08
  6.250000000000000E-01 -7.500000000000001E-02  3.250000000000000E-01  2.625754300332648E+08
  1.250000000000000E-01 -1.250000000000000E-01  3.250000000000000E-01  2.625754300332648E+08
  1.750000000000000E-01 -1.250000000000000E-01  3.250000000000000E-01  2.625754300332648E+08
  2.250000000000000E-01 -1.250000000000000E-01  3.250000000000000E-01  2.625754300332648E+08
  2.750000000000000E-01 -1.250000000000000E-01  3.250000000000000E-01  2.625754300332648E+08
  3.250000000000000E-01 -1.250000000000000E-01  3.250000000000000E-01  2.625754300332648E+08
  3.750000000000000E-01 -1.250000000000000E-01  3.250000000000000E-01  2.625754300332648E+08
  4.250000000000000E-01 -1.250000000000000E-01  3.250000000000000E-01  2.625754300332648E+08
  4.750000000000000E-01 -1.250000000000000E-01  3.250000000000000E-01  2.625754300332648E+08
  5.249999999999999E-01 -1.250000000000000E-01  3.250000000000000E-01  2.625754300332648E+08
  5.750000000000000E-01 -1.250000000000000E-01  3.250000000000000E-01  2.625754300332648E+08
  6.250000000000000E-01 -1.250000000000000E-01  3.250000000000000E-01  2.625754300332648E+08
  1.750000000000000E-01 -1.750000000000000E-01  3.250000000000000E-01  2.625754300332648E+08
  2.250000000000000E-01 -1.750000000000000E-01  3.250000000000000E-01  2.625754300332648E+08
  2.750000000000000E-01 -1.750000000000000E-01  3.250000000000000E-01  2.625754300332648E+08
  3.250000000000000E-01 -1.750000000000000E-01  3.250000000000000E-01  2.625754300332648E+08
  3.750000000000000E-01 -1.750000000000000E-01  3.250000000000000E-01  2.625754300332648E+08
  4.250000000000000E-01 -1.750000000000000E-01  3.250000000000000E-01  2.625754300332648E+08
  4.750000000000000E-01 -1.750000000000000E-01  3.250000000000000E-01  2.625754300332648E+08
  5.249999999999999E-01 -1.750000000000000E-01  3.250000000000000E-01  2.625754300332648E+08
  5.750000000000000E-01 -1.750000000000000E-01  3.250000000000000E-01  2.625754300332648E+08
  2.750000000000000E-01 -2.250000000000000E-01  3.250000000000000E-01  2.625754300332648E+08
  3.250000000000000E-01 -2.250000000000000E-01  3.250000000000000E-01  2.625754300332648E+08
  3.750000000000000E-01 -2.250000000000000E-01  3.250000000000000E-01  2.625754300332648E+08
  4.250000000000000E-01 -2.250000000000000E-01  3.250000000000000E-01  2.625754300332648E+08
  4.750000000000000E-01 -2.250000000000000E-01  3.250000000000000E-01  2.625754300332648E+08
  5.249999999999999E-01 -2.250000000000000E-01  3.250000000000000E-01  2.625754300332648E+08
  3.750000000000000E-01 -2.750000000000000E-01  3.250000000000000E-01  2.625754300332648E+08
  4.250000000000000E-01 -2.750000000000000E-01  3.250000000000000E-01  2.625754300332648E+08
  4.750000000000000E-01 -2.750000000000000E-01  3.250000000000000E-01  2.625754300332648E+08
  2.250000000000000E-01 -2.500000000000000E-02  3.750000000000000E-01  2.625754300332648E+08
  2.750000000000000E-01 -2.500000000000000E-02  3.750000000000000E-01  2.625754300332648E+08
  3.250000000000000E-01 -2.500000000000000E-02  3.750000000000000E-01  2.625754300332648E+08
  3.750000000000000E-01 -2.500000000000000E-02  3.750000000000000E-01  2.625754300332648E+08
  4.250000000000000E-01 -2.500000000000000E-02  3.750000000000000E-01  2.625754300332648E+08
  4.750000000000000E-01 -2.500000000000000E-02  3.750000000000000E-01  2.625754300332648E+08
  3.250000000000000E-01 -7.500000000000001E-02  3.750000000000000E-01  2.625754300332648E+08
  3.750000000000000E-01 -7.500000000000001E-02  3.750000000000000E-01  2.625754300332648E+08
  4.250000000000000E-01 -7.500000000000001E-02  3.750000000000000E-01  2.625754300332648E+08
  2.500000000000000E-02  2.500000000000000E-02 -2.500000000000000E-02  2.625754300332648E+08
  7.500000000000001E-02  2.500000000000000E-02 -2.500000000000000E-02  2.625754300332648E+08
  1.250000000000000E-01  2.500000000000000E-02 -2.500000000000000E-02  2.625754300332648E+08
  1.750000000000000E-01  2.500000000000000E-02 -2.500000000000000E-02  2.625754300332648E+08
  2.250000000000000E-01  2.500000000000000E-02 -2.500000000000000E-02  2.625754300332648E+08
  2.750000000000000E-01  2.500000000000000E-02 -2.500000000000000E-02  2.625754300332648E+08
  3.250000000000000E-01  2.500000000000000E-02 -2.500000000000000E-02  2.625754300332648E+08
  3.750000000000000E-01  2.500000000000000E-02 -2.500000000000000E-02  2.625754300332648E+08
  4.250000000000000E-01  2.500000000000000E-02 -2.500000000000000E-02  2.625754300332648E+08
  4.750000000000000E-01  2.500000000000000E-02 -2.500000000000000E-02  2.625754300332648E+08
  5.249999999999999E-01  2.500000000000000E-02 -2.500000000000000E-02  2.625754300332648E+08
  5.750000000000000E-01  2.500000000000000E-02 -2.500000000000000E-02  2.625754300332648E+08
  6.250000000000000E-01  2.500000000000000E-02 -2.500000000000000E-02  2.625754300332648E+08
  6.750000000000000E-01  2.500000000000000E-02 -2.500000000000000E-02  2.625754300332648E+08
  7.250000000000001E-01  2.500000000000000E-02 -2.500000000000000E-02  2.625754300332648E+08
  2.500000000000000E-02  7.500000000000001E-02 -2.500000000000000E-02  2.625754300332648E+08
  7.500000000000001E-02  7.500000000000001E-02 -2.500000000000000E-02  2.625754300332648E+08
  1.250000000000000E-01  7.500000000000001E-02 -2.500000000000000E-02  2.625754300332648E+08
  1.750000000000000E-01  7.500000000000001E-02 -2.500000000000000E-02  2.625754300332648E+08
  2.250000000000000E-01  7.500000000000001E-02 -2.500000000000000E-02  2.625754300332648E+08
  2.750000000000000E-01  7.500000000000001E-02 -2.500000000000000E-02  2.625754300332648E+08
  3.250000000000000E-01  7.500000000000001E-02 -2.500000000000000E-02  2.625754300332648E+08
  3.750000000000000E-01  7.500000000000001E-02 -2.500000000000000E-02  2.625754300332648E+08
  4.250000000000000E-01  7.500000000000001E-02 -2.500000000000000E-02  2.625754300332648E+08
  4.750000000000000E-01  7.500000000000001E-02 -2.500000000000000E-02  2.625754300332648E+08
  5.249999999999999E-01  7.500000000000001E-02 -2.500000000000000E-02  2.625754300332648E+08
  5.750000000000000E-01  7.500000000000001E-02 -2.500000000000000E-02  2.625754300332648E+08
  6.250000000000000E-01  7.500000000000001E-02 -2.500000000000000E-02  2.625754300332648E+08
  6.750000000000000E-01  7.500000000000001E-02 -2.500000000000000E-02  2.625754300332648E+08
  2.500000000000000E-02  1.250000000000000E-01 -2.500000000000000E-02  2.625754300332648E+08
  7.500000000000001E-02  1.250000000000000E-01 -2.500000000000000E-02  2.625754300332648E+08
  1.250000000000000E-01  1.250000000000000E-01 -2.500000000000000E-02  2.625754300332648E+08
  1.750000000000000E-01  1.250000000000000E-01 -2.500000000000000E-02  2.625754300332648E+08
  2.250000000000000E-01  1.250000000000000E-01 -2.500000000000000E-02  2.625754300332648E+08
  2.750000000000000E-01  1.250000000000000E-01 -2.500000000000000E-02  2.625754300332648E+08
  3.250000000000000E-01  1.250000000000000E-01 -2.500000000000000E-02  2.625754300332648E+08
  3.750000000000000E-01  1.250000000000000E-01 -2.500000000000000E-02  2.625754300332648E+08
  4.250000000000000E-01  1.250000000000000E-01 -2.500000000000000E-02  2.625754300332648E+08
  4.750000000000000E-01  1.250000000000000E-01 -2.500000000000000E-02  2.625754300332648E+08
  5.249999999999999E-01  1.250000000000000E-01 -2.500000000000000E-02  2.625754300332648E+08
  5.750000000000000E-01  1.250000000000000E-01 -2.500000000000000E-02  2.625754300332648E+08
  6.250000000000000E-01  1.250000000000000E-01 -2.500000000000000E-02  2.625754300332648E+08
  6.750000000000000E-01  1.250000000000000E-01 -2.500000000000000E-02  2.625754300332648E+08
  2.500000000000000E-02  1.750000000000000E-01 -2.500000000000000E-02  2.625754300332648E+08
  7.500000000000001E-02  1.750000000000000E-01 -2.500000000000000E-02  2.625754300332648E+08
  1.250000000000000E-01  1.750000000000000E-01 -2.500000000000000E-02  2.625754300332648E+08
  1.750000000000000E-01  1.750000000000000E-01 -2.500000000000000E-02  2.625754300332648E+08
  2.250000000000000E-01  1.750000000000000E-01 -2.500000000000000E-02  2.625754300332648E+08
  2.750000000000000E-01  1.750000000000000E-01 -2.500000000000000E-02  2.625754300332648E+08
  3.250000000000000E-01  1.750000000000000E-01 -2.500000000000000E-02  2.625754300332648E+08
  3.750000000000000E-01  1.750000000000000E-01 -2.500000000000000E-02  2.625754300332648E+08
  4.250000000000000E-01  1.750000000000000E-01 -2.500000000000000E-02  2.625754300332648E+08
  4.750000000000000E-01  1.750000000000000E-01 -2.500000000000000E-02  2.625754300332648E+08
  5.249999999999999E-01  1.750000000000000E-01 -2.500000000000000E-02  2.625754300332648E+08
  5.750000000000000E-01  1.750000000000000E-01 -2.500000000000000E-02  2.625754300332648E+08
  6.250000000000000E-01  1.750000000000000E-01 -2.500000000000000E-02  2.625754300332648E+08
  2.500000000000000E-02  2.250000000000000E-01 -2.500000000000000E-02  2.625754300332648E+08
  7.500000000000001E-02  2.250000000000000E-01 -2.500000000000000E-02  2.625754300332648E+08
  1.250000000000000E-01  2.250000000000000E-01 -2.500000000000000E-02  2.625754300332648E+08
  1.750000000000000E-01  2.250000000000000E-01 -2.500000000000000E-02  2.625754300332648E+08
  2.250000000000000E-01  2.250000000000000E-01 -2.500000000000000E-02  2.625754300332648E+08
  2.750000000000000E-01  2.250000000000000E-01 -2.500000000000000E-02  2.625754300332648E+08
  3.250000000000000E-01  2.250000000000000E-01 -2.500000000000000E-02  2.625754300332648E+08
  3.750000000000000E-01  2.250000000000000E-01 -2.500000000000000E-02  2.625754300332648E+08
  4.250000000000000E-01  2.250000000000000E-01 -2.500000000000000E-02  2.625754300332648E+08
  4.750000000000000E-01  2.250000000000000E-01 -2.500000000000000E-02  2.625754300332648E+08
  5.249999999999999E-01  2.250000000000000E-01 -2.500000000000000E-02  2.625754300332648E+08
  5.750000000000000E-01  2.250000000000000E-01 -2.500000000000000E-02  2.625754300332648E+08
  6.250000000000000E-01  2.250000000000000E-01 -2.500000000000000E-02  2.625754300332648E+08
  2.500000000000000E-02  2.750000000000000E-01 -2.500000000000000E-02  2.625754300332648E+08
  7.500000000000001E-02  2.750000000000000E-01 -2.500000000000000E-02  2.625754300332648E+08
  1.250000000000000E-01  2.750000000000000E-01 -2.500000000000000E-02  2.625754300332648E+08
  1.750000000000000E-01  2.750000000000000E-01 -2.500000000000000E-02  2.625754300332648E+08
  2.250000000000000E-01  2.750000000000000E-01 -2.500000000000000E-02  2.625754300332648E+08
  2.750000000000000E-01  2.750000000000000E-01 -2.500000000000000E-02  2.625754300332648E+08
  3.250000000000000E-01  2.750000000000000E-01 -2.500000000000000E-02  2.625754300332648E+08
  3.750000000000000E-01  2.750000000000000E-01 -2.500000000000000E-02  2.625754300332648E+08
  4.250000000000000E-01  2.750000000000000E-01 -2.500000000000000E-02  2.625754300332648E+08
  4.750000000000000E-01  2.750000000000000E-01 -2.500000000000000E-02  2.625754300332648E+08
  5.249999999999999E-01  2.750000000000000E-01 -2.500000000000000E-02  2.625754300332648E+08
  5.750000000000000E-01  2.750000000000000E-01 -2.500000000000000E-02  2.625754300332648E+08
  2.500000000000000E-02  3.250000000000000E-01 -2.500000000000000E-02  2.625754300332648E+08
  7.500000000000001E-02  3.250000000000000E-01 -2.500000000000000E-02  2.625754300332648E+08
  1.250000000000000E-01  3.250000000000000E-01 -2.500000000000000E-02  2.625754300332648E+08
  1.750000000000000E-01  3.250000000000000E-01 -2.500000000000000E-02  2.625754300332648E+08
  2.250000000000000E-01  3.250000000000000E-01 -2.500000000000000E-02  2.625754300332648E+08
  2.750000000000000E-01  3.250000000000000E-01 -2.500000000000000E-02  2.625754300332648E+08
  3.250000000000000E-01  3.250000000000000E-01 -2.500000000000000E-02  2.625754300332648E+08
  3.750000000000000E-01  3.250000000000000E-01 -2.500000000000000E-02  2.625754300332648E+08
  4.250000000000000E-01  3.250000000000000E-01 -2.500000000000000E-02  2.625754300332648E+08
  4.750000000000000E-01  3.250000000000000E-01 -2.500000000000000E-02  2.625754300332648E+08
  5.249999999999999E-01  3.250000000000000E-01 -2.500000000000000E-02  2.625754300332648E+08
  2.500000000000000E-02  3.750000000000000E-01 -2.500000000000000E-02  2.625754300332648E+08
  7.500000000000001E-02  3.750000000000000E-01 -2.500000000000000E-02  2.625754300332648E+08
  1.250000000000000E-01  3.750000000000000E-01 -2.500000000000000E-02  2.625754300332648E+08
  1.750000000000000E-01  3.750000000000000E-01 -2.500000000000000E-02  2.625754300332648E+08
  2.250000000000000E-01  3.750000000000000E-01 -2.500000000000000E-02  2.625754300332648E+08
  2.750000000000000E-01  3.750000000000000E-01 -2.500000000000000E-02  2.625754300332648E+08
  3.250000000000000E-01  3.750000000000000E-01 -2.500000000000000E-02  2.625754300332648E+08
  3.750000000000000E-01  3.750000000000000E-01 -2.500000000000000E-02  2.625754300332648E+08
  4.250000000000000E-01  3.750000000000000E-01 -2.500000000000000E-02  2.625754300332648E+08
  4.750000000000000E-01  3.750000000000000E-01 -2.500000000000000E-02  2.625754300332648E+08
  2.500000000000000E-02  2.500000000000000E-02 -7.500000000000001E-02  2.625754300332648E+08
  7.500000000000001E-02  2.500000000000000E-02 -7.500000000000001E-02  2.625754300332648E+08
  1.250000000000000E-01  2.500000000000000E-02 -7.500000000000001E-02  2.625754300332648E+08
  1.750000000000000E-01  2.500000000000000E-02 -7.500000000000001E-02  2.625754300332648E+08
  2.250000000000000E-01  2.500000000000000E-02 -7.500000000000001E-02  2.625754300332648E+08
  2.750000000000000E-01  2.500000000000000E-02 -7.500000000000001E-02  2.625754300332648E+08
  3.250000000000000E-01  2.500000000000000E-02 -7.500000000000001E-02  2.625754300332648E+08
  3.750000000000000E-01  2.500000000000000E-02 -7.500000000000001E-02  2.625754300332648E+08
  4.250000000000000E-01  2.500000000000000E-02 -7.500000000000001E-02  2.625754300332648E+08
  4.750000000000000E-01  2.500000000000000E-02 -7.500000000000001E-02  2.625754300332648E+08
  5.249999999999999E-01  2.500000000000000E-02 -7.500000000000001E-02  2.625754300332648E+08
  5.750000000000000E-01  2.500000000000000E-02 -7.500000000000001E-02  2.625754300332648E+08
  6.250000000000000E-01  2.500000000000000E-02 -7.500000000000001E-02  2.625754300332648E+08
  6.750000000000000E-01  2.500000000000000E-02 -7.500000000000001E-02  2.625754300332648E+08
  2.500000000000000E-02  7.500000000000001E-02 -7.500000000000001E-02  2.625754300332648E+08
  7.500000000000001E-02  7.500000000000001E-02 -7.500000000000001E-02  2.625754300332648E+08
  1.250000000000000E-01  7.500000000000001E-02 -7.500000000000001E-02  2.625754300332648E+08
  1.750000000000000E-01  7.500000000000001E-02 -7.500000000000001E-02  2.625754300332648E+08
  2.250000000000000E-01  7.500000000000001E-02 -7.500000000000001E-02  2.625754300332648E+08
  2.750000000000000E-01  7.500000000000001E-02 -7.500000000000001E-02  2.625754300332648E+08
  3.250000000000000E-01  7.500000000000001E-02 -7.500000000000001E-02  2.625754300332648E+08
  3.750000000000000E-01  7.500000000000001E-02 -7.500000000000001E-02  2.625754300332648E+08
  4.250000000000000E-01  7.500000000000001E-02 -7.500000000000001E-02  2.625754300332648E+08
  4.750000000000000E-01  7.500000000000001E-02 -7.500000000000001E-02  2.625754300332648E+08
  5.249999999999999E-01  7.500000000000001E-02 -7.500000000000001E-02  2.625754300332648E+08
  5.750000000000000E-01  7.500000000000001E-02 -7.500000000000001E-02  2.625754300332648E+08
  6.250000000000000E-01  7.500000000000001E-02 -7.500000000000001E-02  2.625754300332648E+08
  6.750000000000000E-01  7.500000000000001E-02 -7.500000000000001E-02  2.625754300332648E+08
  2.500000000000000E-02  1.250000000000000E-01 -7.500000000000001E-02  2.625754300332648E+08
  7.500000000000001E-02  1.250000000000000E-01 -7.500000000000001E-02  2.625754300332648E+08
  1.250000000000000E-01  1.250000000000000E-01 -7.500000000000001E-02  2.625754300332648E+08
  1.750000000000000E-01  1.250000000000000E-01 -7.500000000000001E-02  2.625754300332648E+08
  2.250000000000000E-01  1.250000000000000E-01 -7.500000000000001E-02  2.625754300332648E+08
  2.750000000000000E-01  1.250000000000000E-01 -7.500000000000001E-02  2.625754300332648E+08
  3.250000000000000E-01  1.250000000000000E-01 -7.500000000000001E-02  2.625754300332648E+08
  3.750000000000000E-01  1.250000000000000E-01 -7.500000000000001E-02  2.625754300332648E+08
  4.250000000000000E-01  1.250000000000000E-01 -7.500000000000001E-02  2.625754300332648E+08
  4.750000000000000E-01  1.250000000000000E-01 -7.500000000000001E-02  2.625754300332648E+08
  5.249999999999999E-01  1.250000000000000E-01 -7.500000000000001E-02  2.625754300332648E+08
  5.750000000000000E-01  1.250000000000000E-01 -7.500000000000001E-02  2.625754300332648E+08
  6.250000000000000E-01  1.250000000000000E-01 -7.500000000000001E-02  2.625754300332648E+08
  6.750000000000000E-01  1.250000000000000E-01 -7.500000000000001E-02  2.625754300332648E+08
  2.500000000000000E-02  1.750000000000000E-01 -7.500000000000001E-02  2.625754300332648E+08
  7.500000000000001E-02  1.750000000000000E-01 -7.500000000000001E-02  2.625754300332648E+08
  1.250000000000000E-01  1.750000000000000E-01 -7.500000000000001E-02  2.625754300332648E+08
  1.750000000000000E-01  1.750000000000000E-01 -7.500000000000001E-02  2.625754300332648E+08
  2.250000000000000E-01  1.750000000000000E-01 -7.500000000000001E-02  2.625754300332648E+08
  2.750000000000000E-01  1.750000000000000E-01 -7.500000000000001E-02  2.625754300332648E+08
  3.250000000000000E-01  1.750000000000000E-01 -7.500000000000001E-02  2.625754300332648E+08
  3.750000000000000E-01  1.750000000000000E-01 -7.500000000000001E-02  2.625754300332648E+08
  4.250000000000000E-01  1.750000000000000E-01 -7.500000000000001E-02  2.625754300332648E+08
  4.750000000000000E-01  1.750000000000000E-01 -7.500000000000001E-02  2.625754300332648E+08
  5.249999999999999E-01  1.750000000000000E-01 -7.500000000000001E-02  2.625754300332648E+08
  5.750000000000000E-01  1.750000000000000E-01 -7.500000000000001E-02  2.625754300332648E+08
  6.250000000000000E-01  1.750000000000000E-01 -7.500000000000001E-02  2.625754300332648E+08
  2.500000000000000E-02  2.250000000000000E-01 -7.500000000000001E-02  2.625754300332648E+08
  7.500000000000001E-02  2.250000000000000E-01 -7.500000000000001E-02  2.625754300332648E+08
  1.250000000000000E-01  2.250000000000000E-01 -7.500000000000001E-02  2.625754300332648E+08
  1.750000000000000E-01  2.250000000000000E-01 -7.500000000000001E-02  2.625754300332648E+08
  2.250000000000000E-01  2.250000000000000E-01 -7.500000000000001E-02  2.625754300332648E+08
  2.750000000000000E-01  2.250000000000000E-01 -7.500000000000001E-02  2.625754300332648E+08
  3.250000000000000E-01  2.250000000000000E-01 -7.500000000000001E-02  2.625754300332648E+08
  3.750000000000000E-01  2.250000000000000E-01 -7.500000000000001E-02  2.625754300332648E+08
  4.250000000000000E-01  2.250000000000000E-01 -7.500000000000001E-02  2.625754300332648E+08
  4.750000000000000E-01  2.250000000000000E-01 -7.500000000000001E-02  2.625754300332648E+08
  5.249999999999999E-01  2.250000000000000E-01 -7.500000000000001E-02  2.625754300332648E+08
  5.750000000000000E-01  2.250000000000000E-01 -7.500000000000001E-02  2.625754300332648E+08
  2.500000000000000E-02  2.750000000000000E-01 -7.500000000000001E-02  2.625754300332648E+08
  7.500000000000001E-02  2.750000000000000E-01 -7.500000000000001E-02  2.625754300332648E+08
  1.250000000000000E-01  2.750000000000000E-01 -7.500000000000001E-02  2.625754300332648E+08
  1.750000000000000E-01  2.750000000000000E-01 -7.500000000000001E-02  2.625754300332648E+08
  2.250000000000000E-01  2.750000000000000E-01 -7.500000000000001E-02  2.625754300332648E+08
  2.750000000000000E-01  2.750000000000000E-01 -7.500000000000001E-02  2.625754300332648E+08
  3.250000000000000E-01  2.750000000000000E-01 -7.500000000000001E-02  2.625754300332648E+08
  3.750000000000000E-01  2.750000000000000E-01 -7.500000000000001E-02  2.625754300332648E+08
  4.250000000000000E-01  2.750000000000000E-01 -7.500000000000001E-02  2.625754300332648E+08
  4.750000000000000E-01  2.750000000000000E-01 -7.500000000000001E-02  2.625754300332648E+08
  5.249999999999999E-01  2.750000000000000E-01 -7.500000000000001E-02  2.625754300332648E+08
  5.750000000000000E-01  2.750000000000000E-01 -7.500000000000001E-02  2.625754300332648E+08
  2.500000000000000E-02  3.250000000000000E-01 -7.500000000000001E-02  2.625754300332648E+08
  7.500000000000001E-02  3.250000000000000E-01 -7.500000000000001E-02  2.625754300332648E+08
  1.250000000000000E-01  3.250000000000000E-01 -7.500000000000001E-02  2.625754300332648E+08
  1.750000000000000E-01  3.250000000000000E-01 -7.500000000000001E-02  2.625754300332648E+08
  2.250000000000000E-01  3.250000000000000E-01 -7.500000000000001E-02  2.625754300332648E+08
  2.750000000000000E-01  3.250000000000000E-01 -7.500000000000001E-02  2.625754300332648E+08
  3.250000000000000E-01  3.250000000000000E-01 -7.500000000000001E-02  2.625754300332648E+08
  3.750000000000000E-01  3.250000000000000E-01 -7.500000000000001E-02  2.625754300332648E+08
  4.250000000000000E-01  3.250000000000000E-01 -7.500000000000001E-02  2.625754300332648E+08
  4.750000000000000E-01  3.250000000000000E-01 -7.500000000000001E-02  2.625754300332648E+08
  5.249999999999999E-01  3.250000000000000E-01 -7.500000000000001E-02  2.625754300332648E+08
  2.500000000000000E-02  3.750000000000000E-01 -7.500000000000001E-02  2.625754300332648E+08
  7.500000000000001E-02  3.750000000000000E-01 -7.500000000000001E-02  2.625754300332648E+08
  1.250000000000000E-01  3.750000000000000E-01 -7.500000000000001E-02  2.625754300332648E+08
  1.750000000000000E-01  3.750000000000000E-01 -7.500000000000001E-02  2.625754300332648E+08
  2.250000000000000E-01  3.750000000000000E-01 -7.500000000000001E-02  2.625754300332648E+08
  2.750000000000000E-01  3.750000000000000E-01 -7.500000000000001E-02  2.625754300332648E+08
  3.250000000000000E-01  3.750000000000000E-01 -7.500000000000001E-02  2.625754300332648E+08
  3.750000000000000E-01  3.750000000000000E-01 -7.500000000000001E-02  2.625754300332648E+08
  2.500000000000000E-02  2.500000000000000E-02 -1.250000000000000E-01  2.625754300332648E+08
  7.500000000000001E-02  2.500000000000000E-02 -1.250000000000000E-01  2.625754300332648E+08
  1.250000000000000E-01  2.500000000000000E-02 -1.250000000000000E-01  2.625754300332648E+08
  1.750000000000000E-01  2.500000000000000E-02 -1.250000000000000E-01  2.625754300332648E+08
  2.250000000000000E-01  2.500000000000000E-02 -1.250000000000000E-01  2.625754300332648E+08
  2.750000000000000E-01  2.500000000000000E-02 -1.250000000000000E-01  2.625754300332648E+08
  3.250000000000000E-01  2.500000000000000E-02 -1.250000000000000E-01  2.625754300332648E+08
  3.750000000000000E-01  2.500000000000000E-02 -1.250000000000000E-01  2.625754300332648E+08
  4.250000000000000E-01  2.500000000000000E-02 -1.250000000000000E-01  2.625754300332648E+08
  4.750000000000000E-01  2.500000000000000E-02 -1.250000000000000E-01  2.625754300332648E+08
  5.249999999999999E-01  2.500000000000000E-02 -1.250000000000000E-01  2.625754300332648E+08
  5.750000000000000E-01  2.500000000000000E-02 -1.250000000000000E-01  2.625754300332648E+08
  6.250000000000000E-01  2.500000000000000E-02 -1.250000000000000E-01  2.625754300332648E+08
  6.750000000000000E-01  2.500000000000000E-02 -1.250000000000000E-01  2.625754300332648E+08
  2.500000000000000E-02  7.500000000000001E-02 -1.250000000000000E-01  2.625754300332648E+08
  7.500000000000001E-02  7.500000000000001E-02 -1.250000000000000E-01  2.625754300332648E+08
  1.250000000000000E-01  7.500000000000001E-02 -1.250000000000000E-01  2.625754300332648E+08
  1.750000000000000E-01  7.500000000000001E-02 -1.250000000000000E-01  2.625754300332648E+08
  2.250000000000000E-01  7.500000000000001E-02 -1.250000000000000E-01  2.625754300332648E+08
  2.750000000000000E-01  7.500000000000001E-02 -1.250000000000000E-01  2.625754300332648E+08
  3.250000000000000E-01  7.500000000000001E-02 -1.250000000000000E-01  2.625754300332648E+08
  3.750000000000000E-01  7.500000000000001E-02 -1.250000000000000E-01  2.625754300332648E+08
  4.250000000000000E-01  7.500000000000001E-02 -1.250000000000000E-01  2.625754300332648E+08
  4.750000000000000E-01  7.500000000000001E-02 -1.250000000000000E-01  2.625754300332648E+08
  5.249999999999999E-01  7.500000000000001E-02 -1.250000000000000E-01  2.625754300332648E+08
  5.750000000000000E-01  7.500000000000001E-02 -1.250000000000000E-01  2.625754300332648E+08
  6.250000000000000E-01  7.500000000000001E-02 -1.250000000000000E-01  2.625754300332648E+08
  6.750000000000000E-01  7.500000000000001E-02 -1.250000000000000E-01  2.625754300332648E+08
  2.500000000000000E-02  1.250000000000000E-01 -1.250000000000000E-01  2.625754300332648E+08
  7.500000000000001E-02  1.250000000000000E-01 -1.250000000000000E-01  2.625754300332648E+08
  1.250000000000000E-01  1.250000000000000E-01 -1.250000000000000E-01  2.625754300332648E+08
  1.750000000000000E-01  1.250000000000000E-01 -1.250000000000000E-01  2.625754300332648E+08
  2.250000000000000E-01  1.250000000000000E-01 -1.250000000000000E-01  2.625754300332648E+08
  2.750000000000000E-01  1.250000000000000E-01 -1.250000000000000E-01  2.625754300332648E+08
  3.250000000000000E-01  1.250000000000000E-01 -1.250000000000000E-01  2.625754300332648E+08
  3.750000000000000E-01  1.250000000000000E-01 -1.250000000000000E-01  2.625754300332648E+08
  4.250000000000000E-01  1.250000000000000E-01 -1.250000000000000E-01  2.625754300332648E+08
  4.750000000000000E-01  1.250000000000000E-01 -1.250000000000000E-01  2.625754300332648E+08
  5.249999999999999E-01  1.250000000000000E-01 -1.250000000000000E-01  2.625754300332648E+08
  5.750000000000000E-01  1.250000000000000E-01 -1.250000000000000E-01  2.625754300332648E+08
  6.250000000000000E-01  1.250000000000000E-01 -1.250000000000000E-01  2.625754300332648E+08
  6.750000000000000E-01  1.250000000000000E-01 -1.250000000000000E-01  2.625754300332648E+08
  2.500000000000000E-02  1.750000000000000E-01 -1.250000000000000E-01  2.625754300332648E+08
  7.500000000000001E-02  1.750000000000000E-01 -1.250000000000000E-01  2.625754300332648E+08
  1.250000000000000E-01  1.750000000000000E-01 -1.250000000000000E-01  2.625754300332648E+08
  1.750000000000000E-01  1.750000000000000E-01 -1.250000000000000E-01  2.625754300332648E+08
  2.250000000000000E-01  1.750000000000000E-01 -1.250000000000000E-01  2.625754300332648E+08
  2.750000000000000E-01  1.750000000000000E-01 -1.250000000000000E-01  2.625754300332648E+08
  3.250000000000000E-01  1.750000000000000E-01 -1.250000000000000E-01  2.625754300332648E+08
  3.750000000000000E-01  1.750000000000000E-01 -1.250000000000000E-01  2.625754300332648E+08
  4.250000000000000E-01  1.750000000000000E-01 -1.250000000000000E-01  2.625754300332648E+08
  4.750000000000000E-01  1.750000000000000E-01 -1.250000000000000E-01  2.625754300332648E+08
  5.249999999999999E-01  1.750000000000000E-01 -1.250000000000000E-01  2.625754300332648E+08
  5.750000000000000E-01  1.750000000000000E-01 -1.250000000000000E-01  2.625754300332648E+08
  6.250000000000000E-01  1.750000000000000E-01 -1.250000000000000E-01  2.625754300332648E+08
  2.500000000000000E-02  2.250000000000000E-01 -1.250000000000000E-01  2.625754300332648E+08
  7.500000000000001E-02  2.250000000000000E-01 -1.250000000000000E-01  2.625754300332648E+08
  1.250000000000000E-01  2.250000000000000E-01 -1.250000000000000E-01  2.625754300332648E+08
  1.750000000000000E-01  2.250000000000000E-01 -1.250000000000000E-01  2.625754300332648E+08
  2.250000000000000E-01  2.250000000000000E-01 -1.250000000000000E-01  2.625754300332648E+08
  2.750000000000000E-01  2.250000000000000E-01 -1.250000000000000E-01  2.625754300332648E+08
  3.250000000000000E-01  2.250000000000000E-01 -1.250000000000000E-01  2.625754300332648E+08
  3.750000000000000E-01  2.250000000000000E-01 -1.250000000000000E-01  2.625754300332648E+08
  4.250000000000000E-01  2.250000000000000E-01 -1.250000000000000E-01  2.625754300332648E+08
  4.750000000000000E-01  2.250000000000000E-01 -1.250000000000000E-01  2.625754300332648E+08
  5.249999999999999E-01  2.250000000000000E-01 -1.250000000000000E-01  2.625754300332648E+08
  5.750000000000000E-01  2.250000000000000E-01 -1.250000000000000E-01  2.625754300332648E+08
  2.500000000000000E-02  2.750000000000000E-01 -1.250000000000000E-01  2.625754300332648E+08
  7.500000000000001E-02  2.750000000000000E-01 -1.250000000000000E-01  2.625754300332648E+08
  1.250000000000000E-01  2.750000000000000E-01 -1.250000000000000E-01  2.625754300332648E+08
  1.750000000000000E-01  2.750000000000000E-01 -1.250000000000000E-01  2.625754300332648E+08
  2.250000000000000E-01  2.750000000000000E-01 -1.250000000000000E-01  2.625754300332648E+08
  2.750000000000000E-01  2.750000000000000E-01 -1.250000000000000E-01  2.625754300332648E+08
  3.250000000000000E-01  2.750000000000000E-01 -1.250000000000000E-01  2.625754300332648E+08
  3.750000000000000E-01  2.750000000000000E-01 -1.250000000000000E-01  2.625754300332648E+08
  4.250000000000000E-01  2.750000000000000E-01 -1.250000000000000E-01  2.625754300332648E+08
  4.750000000000000E-01  2.750000000000000E-01 -1.250000000000000E-01  2.625754300332648E+08
  5.249999999999999E-01  2.750000000000000E-01 -1.250000000000000E-01  2.625754300332648E+08
  2.500000000000000E-02  3.250000000000000E-01 -1.250000000000000E-01  2.625754300332648E+08
  7.500000000000001E-02  3.250000000000000E-01 -1.250000000000000E-01  2.625754300332648E+08
  1.250000000000000E-01  3.250000000000000E-01 -1.250000000000000E-01  2.625754300332648E+08
  1.750000000000000E-01  3.250000000000000E-01 -1.250000000000000E-01  2.625754300332648E+08
  2.250000000000000E-01  3.250000000000000E-01 -1.250000000000000E-01  2.625754300332648E+08
  2.750000000000000E-01  3.250000000000000E-01 -1.250000000000000E-01  2.625754300332648E+08
  3.250000000000000E-01  3.250000000000000E-01 -1.250000000000000E-01  2.625754300332648E+08
  3.750000000000000E-01  3.250000000000000E-01 -1.250000000000000E-01  2.625754300332648E+08
  4.250000000000000E-01  3.250000000000000E-01 -1.250000000000000E-01  2.625754300332648E+08
  4.750000000000000E-01  3.250000000000000E-01 -1.250000000000000E-01  2.625754300332648E+08
  2.500000000000000E-02  3.750000000000000E-01 -1.250000000000000E-01  2.625754300332648E+08
  7.500000000000001E-02  3.750000000000000E-01 -1.250000000000000E-01  2.625754300332648E+08
  2.500000000000000E-02  2.500000000000000E-02 -1.750000000000000E-01  2.625754300332648E+08
  7.500000000000001E-02  2.500000000000000E-02 -1.750000000000000E-01  2.625754300332648E+08
  1.250000000000000E-01  2.500000000000000E-02 -1.750000000000000E-01  2.625754300332648E+08
  1.750000000000000E-01  2.500000000000000E-02 -1.750000000000000E-01  2.625754300332648E+08
  2.250000000000000E-01  2.500000000000000E-02 -1.750000000000000E-01  2.625754300332648E+08
  2.750000000000000E-01  2.500000000000000E-02 -1.750000000000000E-01  2.625754300332648E+08
  3.250000000000000E-01  2.500000000000000E-02 -1.750000000000000E-01  2.625754300332648E+08
  3.750000000000000E-01  2.500000000000000E-02 -1.750000000000000E-01  2.625754300332648E+08
  4.250000000000000E-01  2.500000000000000E-02 -1.750000000000000E-01  2.625754300332648E+08
  4.750000000000000E-01  2.500000000000000E-02 -1.750000000000000E-01  2.625754300332648E+08
  5.249999999999999E-01  2.500000000000000E-02 -1.750000000000000E-01  2.625754300332648E+08
  5.750000000000000E-01  2.500000000000000E-02 -1.750000000000000E-01  2.625754300332648E+08
  6.250000000000000E-01  2.500000000000000E-02 -1.750000000000000E-01  2.625754300332648E+08
  6.750000000000000E-01  2.500000000000000E-02 -1.750000000000000E-01  2.625754300332648E+08
  2.500000000000000E-02  7.500000000000001E-02 -1.750000000000000E-01  2.625754300332648E+08
  7.500000000000001E-02  7.500000000000001E-02 -1.750000000000000E-01  2.625754300332648E+08
  1.250000000000000E-01  7.500000000000001E-02 -1.750000000000000E-01  2.625754300332648E+08
  1.750000000000000E-01  7.500000000000001E-02 -1.750000000000000E-01  2.625754300332648E+08
  2.250000000000000E-01  7.500000000000001E-02 -1.750000000000000E-01  2.625754300332648E+08
  2.750000000000000E-01  7.500000000000001E-02 -1.750000000000000E-01  2.625754300332648E+08
  3.250000000000000E-01  7.500000000000001E-02 -1.750000000000000E-01  2.625754300332648E+08
  3.750000000000000E-01  7.500000000000001E-02 -1.750000000000000E-01  2.625754300332648E+08
  4.250000000000000E-01  7.500000000000001E-02 -1.750000000000000E-01  2.625754300332648E+08
  4.750000000000000E-01  7.500000000000001E-02 -1.750000000000000E-01  2.625754300332648E+08
  5.249999999999999E-01  7.500000000000001E-02 -1.750000000000000E-01  2.625754300332648E+08
  5.750000000000000E-01  7.500000000000001E-02 -1.750000000000000E-01  2.625754300332648E+08
  6.250000000000000E-01  7.500000000000001E-02 -1.750000000000000E-01  2.625754300332648E+08
  6.750000000000000E-01  7.500000000000001E-02 -1.750000000000000E-01  2.625754300332648E+08
  2.500000000000000E-02  1.250000000000000E-01 -1.750000000000000E-01  2.625754300332648E+08
  7.500000000000001E-02  1.250000000000000E-01 -1.750000000000000E-01  2.625754300332648E+08
  1.250000000000000E-01  1.250000000000000E-01 -1.750000000000000E-01  2.625754300332648E+08
  1.750000000000000E-01  1.250000000000000E-01 -1.750000000000000E-01  2.625754300332648E+08
  2.250000000000000E-01  1.250000000000000E-01 -1.750000000000000E-01  2.625754300332648E+08
  2.750000000000000E-01  1.250000000000000E-01 -1.750000000000000E-01  2.625754300332648E+08
  3.250000000000000E-01  1.250000000000000E-01 -1.750000000000000E-01  2.625754300332648E+08
  3.750000000000000E-01  1.250000000000000E-01 -1.750000000000000E-01  2.625754300332648E+08
  4.250000000000000E-01  1.250000000000000E-01 -1.750000000000000E-01  2.625754300332648E+08
  4.750000000000000E-01  1.250000000000000E-01 -1.750000000000000E-01  2.625754300332648E+08
  5.249999999999999E-01  1.250000000000000E-01 -1.750000000000000E-01  2.625754300332648E+08
  5.750000000000000E-01  1.250000000000000E-01 -1.750000000000000E-01  2.625754300332648E+08
  6.250000000000000E-01  1.250000000000000E-01 -1.750000000000000E-01  2.625754300332648E+08
  2.500000000000000E-02  1.750000000000000E-01 -1.750000000000000E-01  2.625754300332648E+08
  7.500000000000001E-02  1.750000000000000E-01 -1.750000000000000E-01  2.625754300332648E+08
  1.250000000000000E-01  1.750000000000000E-01 -1.750000000000000E-01  2.625754300332648E+08
  1.750000000000000E-01  1.750000000000000E-01 -1.750000000000000E-01  2.625754300332648E+08
  2.250000000000000E-01  1.750000000000000E-01 -1.750000000000000E-01  2.625754300332648E+08
  2.750000000000000E-01  1.750000000000000E-01 -1.750000000000000E-01  2.625754300332648E+08
  3.250000000000000E-01  1.750000000000000E-01 -1.750000000000000E-01  2.625754300332648E+08
  3.750000000000000E-01  1.750000000000000E-01 -1.750000000000000E-01  2.625754300332648E+08
  4.250000000000000E-01  1.750000000000000E-01 -1.750000000000000E-01  2.625754300332648E+08
  4.750000000000000E-01  1.750000000000000E-01 -1.750000000000000E-01  2.625754300332648E+08
  5.249999999999999E-01  1.750000000000000E-01 -1.750000000000000E-01  2.625754300332648E+08
  5.750000000000000E-01  1.750000000000000E-01 -1.750000000000000E-01  2.625754300332648E+08
  6.250000000000000E-01  1.750000000000000E-01 -1.750000000000000E-01  2.625754300332648E+08
  2.500000000000000E-02  2.250000000000000E-01 -1.750000000000000E-01  2.625754300332648E+08
  7.500000000000001E-02  2.250000000000000E-01 -1.750000000000000E-01  2.625754300332648E+08
  1.250000000000000E-01  2.250000000000000E-01 -1.750000000000000E-01  2.625754300332648E+08
  1.750000000000000E-01  2.250000000000000E-01 -1.750000000000000E-01  2.625754300332648E+08
  2.250000000000000E-01  2.250000000000000E-01 -1.750000000000000E-01  2.625754300332648E+08
  2.750000000000000E-01  2.250000000000000E-01 -1.750000000000000E-01  2.625754300332648E+08
  3.250000000000000E-01  2.250000000000000E-01 -1.750000000000000E-01  2.625754300332648E+08
  3.750000000000000E-01  2.250000000000000E-01 -1.750000000000000E-01  2.625754300332648E+08
  4.250000000000000E-01  2.250000000000000E-01 -1.750000000000000E-01  2.625754300332648E+08
  4.750000000000000E-01  2.250000000000000E-01 -1.750000000000000E-01  2.625754300332648E+08
  5.249999999999999E-01  2.250000000000000E-01 -1.750000000000000E-01  2.625754300332648E+08
  5.750000000000000E-01  2.250000000000000E-01 -1.750000000000000E-01  2.625754300332648E+08
  2.500000000000000E-02  2.750000000000000E-01 -1.750000000000000E-01  2.625754300332648E+08
  7.500000000000001E-02  2.750000000000000E-01 -1.750000000000000E-01  2.625754300332648E+08
  1.250000000000000E-01  2.750000000000000E-01 -1.750000000000000E-01  2.625754300332648E+08
  1.750000000000000E-01  2.750000000000000E-01 -1.750000000000000E-01  2.625754300332648E+08
  2.250000000000000E-01  2.750000000000000E-01 -1.750000000000000E-01  2.625754300332648E+08
  2.750000000000000E-01  2.750000000000000E-01 -1.750000000000000E-01  2.625754300332648E+08
  3.250000000000000E-01  2.750000000000000E-01 -1.750000000000000E-01  2.625754300332648E+08
  3.750000000000000E-01  2.750000000000000E-01 -1.750000000000000E-01  2.625754300332648E+08
  4.250000000000000E-01  2.750000000000000E-01 -1.750000000000000E-01  2.625754300332648E+08
  4.750000000000000E-01  2.750000000000000E-01 -1.750000000000000E-01  2.625754300332648E+08
  5.249999999999999E-01  2.750000000000000E-01 -1.750000000000000E-01  2.625754300332648E+08
  2.500000000000000E-02  3.250000000000000E-01 -1.750000000000000E-01  2.625754300332648E+08
  7.500000000000001E-02  3.250000000000000E-01 -1.750000000000000E-01  2.625754300332648E+08
  1.250000000000000E-01  3.250000000000000E-01 -1.750000000000000E-01  2.625754300332648E+08
  1.750000000000000E-01  3.250000000000000E-01 -1.750000000000000E-01  2.625754300332648E+08
  2.250000000000000E-01  3.250000000000000E-01 -1.750000000000000E-01  2.625754300332648E+08
  2.750000000000000E-01  3.250000000000000E-01 -1.750000000000000E-01  2.625754300332648E+08
  3.250000000000000E-01  3.250000000000000E-01 -1.750000000000000E-01  2.625754300332648E+08
  3.750000000000000E-01  3.250000000000000E-01 -1.750000000000000E-01  2.625754300332648E+08
  4.250000000000000E-01  3.250000000000000E-01 -1.750000000000000E-01  2.625754300332648E+08
  2.500000000000000E-02  2.500000000000000E-02 -2.250000000000000E-01  2.625754300332648E+08
  7.500000000000001E-02  2.500000000000000E-02 -2.250000000000000E-01  2.625754300332648E+08
  1.250000000000000E-01  2.500000000000000E-02 -2.250000000000000E-01  2.625754300332648E+08
  1.750000000000000E-01  2.500000000000000E-02 -2.250000000000000E-01  2.625754300332648E+08
  2.250000000000000E-01  2.500000000000000E-02 -2.250000000000000E-01  2.625754300332648E+08
  2.750000000000000E-01  2.500000000000000E-02 -2.250000000000000E-01  2.625754300332648E+08
  3.250000000000000E-01  2.500000000000000E-02 -2.250000000000000E-01  2.625754300332648E+08
  3.750000000000000E-01  2.500000000000000E-02 -2.250000000000000E-01  2.625754300332648E+08
  4.250000000000000E-01  2.500000000000000E-02 -2.250000000000000E-01  2.625754300332648E+08
  4.750000000000000E-01  2.500000000000000E-02 -2.250000000000000E-01  2.625754300332648E+08
  5.249999999999999E-01  2.500000000000000E-02 -2.250000000000000E-01  2.625754300332648E+08
  5.750000000000000E-01  2.500000000000000E-02 -2.250000000000000E-01  2.625754300332648E+08
  6.250000000000000E-01  2.500000000000000E-02 -2.250000000000000E-01  2.625754300332648E+08
  6.750000000000000E-01  2.500000000000000E-02 -2.250000000000000E-01  2.625754300332648E+08
  2.500000000000000E-02  7.500000000000001E-02 -2.250000000000000E-01  2.625754300332648E+08
  7.500000000000001E-02  7.500000000000001E-02 -2.250000000000000E-01  2.625754300332648E+08
  1.250000000000000E-01  7.500000000000001E-02 -2.250000000000000E-01  2.625754300332648E+08
  1.750000000000000E-01  7.500000000000001E-02 -2.250000000000000E-01  2.625754300332648E+08
  2.250000000000000E-01  7.500000000000001E-02 -2.250000000000000E-01  2.625754300332648E+08
  2.750000000000000E-01  7.500000000000001E-02 -2.250000000000000E-01  2.625754300332648E+08
  3.250000000000000E-01  7.500000000000001E-02 -2.250000000000000E-01  2.625754300332648E+08
  3.750000000000000E-01  7.500000000000001E-02 -2.250000000000000E-01  2.625754300332648E+08
  4.250000000000000E-01  7.500000000000001E-02 -2.250000000000000E-01  2.625754300332648E+08
  4.750000000000000E-01  7.500000000000001E-02 -2.250000000000000E-01  2.625754300332648E+08
  5.249999999999999E-01  7.500000000000001E-02 -2.250000000000000E-01  2.625754300332648E+08
  5.750000000000000E-01  7.500000000000001E-02 -2.250000000000000E-01  2.625754300332648E+08
  6.250000000000000E-01  7.500000000000001E-02 -2.250000000000000E-01  2.625754300332648E+08
  6.750000000000000E-01  7.500000000000001E-02 -2.250000000000000E-01  2.625754300332648E+08
  2.500000000000000E-02  1.250000000000000E-01 -2.250000000000000E-01  2.625754300332648E+08
  7.500000000000001E-02  1.250000000000000E-01 -2.250000000000000E-01  2.625754300332648E+08
  1.250000000000000E-01  1.250000000000000E-01 -2.250000000000000E-01  2.625754300332648E+08
  1.750000000000000E-01  1.250000000000000E-01 -2.250000000000000E-01  2.625754300332648E+08
  2.250000000000000E-01  1.250000000000000E-01 -2.250000000000000E-01  2.625754300332648E+08
  2.750000000000000E-01  1.250000000000000E-01 -2.250000000000000E-01  2.625754300332648E+08
  3.250000000000000E-01  1.250000000000000E-01 -2.250000000000000E-01  2.625754300332648E+08
  3.750000000000000E-01  1.250000000000000E-01 -2.250000000000000E-01  2.625754300332648E+08
  4.250000000000000E-01  1.250000000000000E-01 -2.250000000000000E-01  2.625754300332648E+08
  4.750000000000000E-01  1.250000000000000E-01 -2.250000000000000E-01  2.625754300332648E+08
  5.249999999999999E-01  1.250000000000000E-01 -2.250000000000000E-01  2.625754300332648E+08
  5.750000000000000E-01  1.250000000000000E-01 -2.250000000000000E-01  2.625754300332648E+08
  6.250000000000000E-01  1.250000000000000E-01 -2.250000000000000E-01  2.625754300332648E+08
  2.500000000000000E-02  1.750000000000000E-01 -2.250000000000000E-01  2.625754300332648E+08
  7.500000000000001E-02  1.750000000000000E-01 -2.250000000000000E-01  2.625754300332648E+08
  1.250000000000000E-01  1.750000000000000E-01 -2.250000000000000E-01  2.625754300332648E+08
  1.750000000000000E-01  1.750000000000000E-01 -2.250000000000000E-01  2.625754300332648E+08
  2.250000000000000E-01  1.750000000000000E-01 -2.250000000000000E-01  2.625754300332648E+08
  2.750000000000000E-01  1.750000000000000E-01 -2.250000000000000E-01  2.625754300332648E+08
  3.250000000000000E-01  1.750000000000000E-01 -2.250000000000000E-01  2.625754300332648E+08
  3.750000000000000E-01  1.750000000000000E-01 -2.250000000000000E-01  2.625754300332648E+08
  4.250000000000000E-01  1.750000000000000E-01 -2.250000000000000E-01  2.625754300332648E+08
  4.750000000000000E-01  1.750000000000000E-01 -2.250000000000000E-01  2.625754300332648E+08
  5.249999999999999E-01  1.750000000000000E-01 -2.250000000000000E-01  2.625754300332648E+08
  5.750000000000000E-01  1.750000000000000E-01 -2.250000000000000E-01  2.625754300332648E+08
  2.500000000000000E-02  2.250000000000000E-01 -2.250000000000000E-01  2.625754300332648E+08
  7.500000000000001E-02  2.250000000000000E-01 -2.250000000000000E-01  2.625754300332648E+08
  1.250000000000000E-01  2.250000000000000E-01 -2.250000000000000E-01  2.625754300332648E+08
  1.750000000000000E-01  2.250000000000000E-01 -2.250000000000000E-01  2.625754300332648E+08
  2.250000000000000E-01  2.250000000000000E-01 -2.250000000000000E-01  2.625754300332648E+08
  2.750000000000000E-01  2.250000000000000E-01 -2.250000000000000E-01  2.625754300332648E+08
  3.250000000000000E-01  2.250000000000000E-01 -2.250000000000000E-01  2.625754300332648E+08
  3.750000000000000E-01  2.250000000000000E-01 -2.250000000000000E-01  2.625754300332648E+08
  4.250000000000000E-01  2.250000000000000E-01 -2.250000000000000E-01  2.625754300332648E+08
  4.750000000000000E-01  2.250000000000000E-01 -2.250000000000000E-01  2.625754300332648E+08
  5.249999999999999E-01  2.250000000000000E-01 -2.250000000000000E-01  2.625754300332648E+08
  2.500000000000000E-02  2.750000000000000E-01 -2.250000000000000E-01  2.625754300332648E+08
  7.500000000000001E-02  2.750000000000000E-01 -2.250000000000000E-01  2.625754300332648E+08
  1.250000000000000E-01  2.750000000000000E-01 -2.250000000000000E-01  2.625754300332648E+08
  1.750000000000000E-01  2.750000000000000E-01 -2.250000000000000E-01  2.625754300332648E+08
  2.250000000000000E-01  2.750000000000000E-01 -2.250000000000000E-01  2.625754300332648E+08
  2.750000000000000E-01  2.750000000000000E-01 -2.250000000000000E-01  2.625754300332648E+08
  3.250000000000000E-01  2.750000000000000E-01 -2.250000000000000E-01  2.625754300332648E+08
  3.750000000000000E-01  2.750000000000000E-01 -2.250000000000000E-01  2.625754300332648E+08
  4.250000000000000E-01  2.750000000000000E-01 -2.250000000000000E-01  2.625754300332648E+08
  4.750000000000000E-01  2.750000000000000E-01 -2.250000000000000E-01  2.625754300332648E+08
  2.500000000000000E-02  3.250000000000000E-01 -2.250000000000000E-01  2.625754300332648E+08
  7.500000000000001E-02  3.250000000000000E-01 -2.250000000000000E-01  2.625754300332648E+08
  1.250000000000000E-01  3.250000000000000E-01 -2.250000000000000E-01  2.625754300332648E+08
  1.750000000000000E-01  3.250000000000000E-01 -2.250000000000000E-01  2.625754300332648E+08
  2.250000000000000E-01  3.250000000000000E-01 -2.250000000000000E-01  2.625754300332648E+08
  2.750000000000000E-01  3.250000000000000E-01 -2.250000000000000E-01  2.625754300332648E+08
  3.250000000000000E-01  3.250000000000000E-01 -2.250000000000000E-01  2.625754300332648E+08
  2.500000000000000E-02  2.500000000000000E-02 -2.750000000000000E-01  2.625754300332648E+08
  7.500000000000001E-02  2.500000000000000E-02 -2.750000000000000E-01  2.625754300332648E+08
  1.250000000000000E-01  2.500000000000000E-02 -2.750000000000000E-01  2.625754300332648E+08
  1.750000000000000E-01  2.500000000000000E-02 -2.750000000000000E-01  2.625754300332648E+08
  2.250000000000000E-01  2.500000000000000E-02 -2.750000000000000E-01  2.625754300332648E+08
  2.750000000000000E-01  2.500000000000000E-02 -2.750000000000000E-01  2.625754300332648E+08
  3.250000000000000E-01  2.500000000000000E-02 -2.750000000000000E-01  2.625754300332648E+08
  3.750000000000000E-01  2.500000000000000E-02 -2.750000000000000E-01  2.625754300332648E+08
  4.250000000000000E-01  2.500000000000000E-02 -2.750000000000000E-01  2.625754300332648E+08
  4.750000000000000E-01  2.500000000000000E-02 -2.750000000000000E-01  2.625754300332648E+08
  5.249999999999999E-01  2.500000000000000E-02 -2.750000000000000E-01  2.625754300332648E+08
  5.750000000000000E-01  2.500000000000000E-02 -2.750000000000000E-01  2.625754300332648E+08
  6.250000000000000E-01  2.500000000000000E-02 -2.750000000000000E-01  2.625754300332648E+08
  2.500000000000000E-02  7.500000000000001E-02 -2.750000000000000E-01  2.625754300332648E+08
  7.500000000000001E-02  7.500000000000001E-02 -2.750000000000000E-01  2.625754300332648E+08
  1.250000000000000E-01  7.500000000000001E-02 -2.750000000000000E-01  2.625754300332648E+08
  1.750000000000000E-01  7.500000000000001E-02 -2.750000000000000E-01  2.625754300332648E+08
  2.250000000000000E-01  7.500000000000001E-02 -2.750000000000000E-01  2.625754300332648E+08
  2.750000000000000E-01  7.500000000000001E-02 -2.750000000000000E-01  2.625754300332648E+08
  3.250000000000000E-01  7.500000000000001E-02 -2.750000000000000E-01  2.625754300332648E+08
  3.750000000000000E-01  7.500000000000001E-02 -2.750000000000000E-01  2.625754300332648E+08
  4.250000000000000E-01  7.500000000000001E-02 -2.750000000000000E-01  2.625754300332648E+08
  4.750000000000000E-01  7.500000000000001E-02 -2.750000000000000E-01  2.625754300332648E+08
  5.249999999999999E-01  7.500000000000001E-02 -2.750000000000000E-01  2.625754300332648E+08
  5.750000000000000E-01  7.500000000000001E-02 -2.750000000000000E-01  2.625754300332648E+08
  6.250000000000000E-01  7.500000000000001E-02 -2.750000000000000E-01  2.625754300332648E+08
  2.500000000000000E-02  1.250000000000000E-01 -2.750000000000000E-01  2.625754300332648E+08
  7.500000000000001E-02  1.250000000000000E-01 -2.750000000000000E-01  2.625754300332648E+08
  1.250000000000000E-01  1.250000000000000E-01 -2.750000000000000E-01  2.625754300332648E+08
  1.750000000000000E-01  1.250000000000000E-01 -2.750000000000000E-01  2.625754300332648E+08
  2.250000000000000E-01  1.250000000000000E-01 -2.750000000000000E-01  2.625754300332648E+08
  2.750000000000000E-01  1.250000000000000E-01 -2.750000000000000E-01  2.625754300332648E+08
  3.250000000000000E-01  1.250000000000000E-01 -2.750000000000000E-01  2.625754300332648E+08
  3.750000000000000E-01  1.250000000000000E-01 -2.750000000000000E-01  2.625754300332648E+08
  4.250000000000000E-01  1.250000000000000E-01 -2.750000000000000E-01  2.625754300332648E+08
  4.750000000000000E-01  1.250000000000000E-01 -2.750000000000000E-01  2.625754300332648E+08
  5.249999999999999E-01  1.250000000000000E-01 -2.750000000000000E-01  2.625754300332648E+08
  5.750000000000000E-01  1.250000000000000E-01 -2.750000000000000E-01  2.625754300332648E+08
  6.250000000000000E-01  1.250000000000000E-01 -2.750000000000000E-01  2.625754300332648E+08
  2.500000000000000E-02  1.750000000000000E-01 -2.750000000000000E-01  2.625754300332648E+08
  7.500000000000001E-02  1.750000000000000E-01 -2.750000000000000E-01  2.625754300332648E+08
  1.250000000000000E-01  1.750000000000000E-01 -2.750000000000000E-01  2.625754300332648E+08
  1.750000000000000E-01  1.750000000000000E-01 -2.750000000000000E-01  2.625754300332648E+08
  2.250000000000000E-01  1.750000000000000E-01 -2.750000000000000E-01  2.625754300332648E+08
  2.750000000000000E-01  1.750000000000000E-01 -2.750000000000000E-01  2.625754300332648E+08
  3.250000000000000E-01  1.750000000000000E-01 -2.750000000000000E-01  2.625754300332648E+08
  3.750000000000000E-01  1.750000000000000E-01 -2.750000000000000E-01  2.625754300332648E+08
  4.250000000000000E-01  1.750000000000000E-01 -2.750000000000000E-01  2.625754300332648E+08
  4.750000000000000E-01  1.750000000000000E-01 -2.750000000000000E-01  2.625754300332648E+08
  5.249999999999999E-01  1.750000000000000E-01 -2.750000000000000E-01  2.625754300332648E+08
  5.750000000000000E-01  1.750000000000000E-01 -2.750000000000000E-01  2.625754300332648E+08
  2.500000000000000E-02  2.250000000000000E-01 -2.750000000000000E-01  2.625754300332648E+08
  7.500000000000001E-02  2.250000000000000E-01 -2.750000000000000E-01  2.625754300332648E+08
  1.250000000000000E-01  2.250000000000000E-01 -2.750000000000000E-01  2.625754300332648E+08
  1.750000000000000E-01  2.250000000000000E-01 -2.750000000000000E-01  2.625754300332648E+08
  2.250000000000000E-01  2.250000000000000E-01 -2.750000000000000E-01  2.625754300332648E+08
  2.750000000000000E-01  2.250000000000000E-01 -2.750000000000000E-01  2.625754300332648E+08
  3.250000000000000E-01  2.250000000000000E-01 -2.750000000000000E-01  2.625754300332648E+08
  3.750000000000000E-01  2.250000000000000E-01 -2.750000000000000E-01  2.625754300332648E+08
  4.250000000000000E-01  2.250000000000000E-01 -2.750000000000000E-01  2.625754300332648E+08
  4.750000000000000E-01  2.250000000000000E-01 -2.750000000000000E-01  2.625754300332648E+08
  5.249999999999999E-01  2.250000000000000E-01 -2.750000000000000E-01  2.625754300332648E+08
  2.500000000000000E-02  2.750000000000000E-01 -2.750000000000000E-01  2.625754300332648E+08
  7.500000000000001E-02  2.750000000000000E-01 -2.750000000000000E-01  2.625754300332648E+08
  1.250000000000000E-01  2.750000000000000E-01 -2.750000000000000E-01  2.625754300332648E+08
  1.750000000000000E-01  2.750000000000000E-01 -2.750000000000000E-01  2.625754300332648E+08
  2.250000000000000E-01  2.750000000000000E-01 -2.750000000000000E-01  2.625754300332648E+08
  2.750000000000000E-01  2.750000000000000E-01 -2.750000000000000E-01  2.625754300332648E+08
  3.250000000000000E-01  2.750000000000000E-01 -2.750000000000000E-01  2.625754300332648E+08
  3.750000000000000E-01  2.750000000000000E-01 -2.750000000000000E-01  2.625754300332648E+08
  4.250000000000000E-01  2.750000000000000E-01 -2.750000000000000E-01  2.625754300332648E+08
  7.500000000000001E-02  3.250000000000000E-01 -2.750000000000000E-01  2.625754300332648E+08
  1.250000000000000E-01  3.250000000000000E-01 -2.750000000000000E-01  2.625754300332648E+08
  1.750000000000000E-01  3.250000000000000E-01 -2.750000000000000E-01  2.625754300332648E+08
  2.250000000000000E-01  3.250000000000000E-01 -2.750000000000000E-01  2.625754300332648E+08
  2.500000000000000E-02  2.500000000000000E-02 -3.250000000000000E-01  2.625754300332648E+08
  7.500000000000001E-02  2.500000000000000E-02 -3.250000000000000E-01  2.625754300332648E+08
  1.250000000000000E-01  2.500000000000000E-02 -3.250000000000000E-01  2.625754300332648E+08
  1.750000000000000E-01  2.500000000000000E-02 -3.250000000000000E-01  2.625754300332648E+08
  2.250000000000000E-01  2.500000000000000E-02 -3.250000000000000E-01  2.625754300332648E+08
  2.750000000000000E-01  2.500000000000000E-02 -3.250000000000000E-01  2.625754300332648E+08
  3.250000000000000E-01  2.500000000000000E-02 -3.250000000000000E-01  2.625754300332648E+08
  3.750000000000000E-01  2.500000000000000E-02 -3.250000000000000E-01  2.625754300332648E+08
  4.250000000000000E-01  2.500000000000000E-02 -3.250000000000000E-01  2.625754300332648E+08
  4.750000000000000E-01  2.500000000000000E-02 -3.250000000000000E-01  2.625754300332648E+08
  5.249999999999999E-01  2.500000000000000E-02 -3.250000000000000E-01  2.625754300332648E+08
  5.750000000000000E-01  2.500000000000000E-02 -3.250000000000000E-01  2.625754300332648E+08
  6.250000000000000E-01  2.500000000000000E-02 -3.250000000000000E-01  2.625754300332648E+08
  2.500000000000000E-02  7.500000000000001E-02 -3.250000000000000E-01  2.625754300332648E+08
  7.500000000000001E-02  7.500000000000001E-02 -3.250000000000000E-01  2.625754300332648E+08
  1.250000000000000E-01  7.500000000000001E-02 -3.250000000000000E-01  2.625754300332648E+08
  1.750000000000000E-01  7.500000000000001E-02 -3.250000000000000E-01  2.625754300332648E+08
  2.250000000000000E-01  7.500000000000001E-02 -3.250000000000000E-01  2.625754300332648E+08
  2.750000000000000E-01  7.500000000000001E-02 -3.250000000000000E-01  2.625754300332648E+08
  3.250000000000000E-01  7.500000000000001E-02 -3.250000000000000E-01  2.625754300332648E+08
  3.750000000000000E-01  7.500000000000001E-02 -3.250000000000000E-01  2.625754300332648E+08
  4.250000000000000E-01  7.500000000000001E-02 -3.250000000000000E-01  2.625754300332648E+08
  4.750000000000000E-01  7.500000000000001E-02 -3.250000000000000E-01  2.625754300332648E+08
  5.249999999999999E-01  7.500000000000001E-02 -3.250000000000000E-01  2.625754300332648E+08
  5.750000000000000E-01  7.500000000000001E-02 -3.250000000000000E-01  2.625754300332648E+08
  6.250000000000000E-01  7.500000000000001E-02 -3.250000000000000E-01  2.625754300332648E+08
  2.500000000000000E-02  1.250000000000000E-01 -3.250000000000000E-01  2.625754300332648E+08
  7.500000000000001E-02  1.250000000000000E-01 -3.250000000000000E-01  2.625754300332648E+08
  1.250000000000000E-01  1.250000000000000E-01 -3.250000000000000E-01  2.625754300332648E+08
  1.750000000000000E-01  1.250000000000000E-01 -3.250000000000000E-01  2.625754300332648E+08
  2.250000000000000E-01  1.250000000000000E-01 -3.250000000000000E-01  2.625754300332648E+08
  2.750000000000000E-01  1.250000000000000E-01 -3.250000000000000E-01  2.625754300332648E+08
  3.250000000000000E-01  1.250000000000000E-01 -3.250000000000000E-01  2.625754300332648E+08
  3.750000000000000E-01  1.250000000000000E-01 -3.250000000000000E-01  2.625754300332648E+08
  4.250000000000000E-01  1.250000000000000E-01 -3.250000000000000E-01  2.625754300332648E+08
  4.750000000000000E-01  1.250000000000000E-01 -3.250000000000000E-01  2.625754300332648E+08
  5.249999999999999E-01  1.250000000000000E-01 -3.250000000000000E-01  2.625754300332648E+08
  5.750000000000000E-01  1.250000000000000E-01 -3.250000000000000E-01  2.625754300332648E+08
  2.500000000000000E-02  1.750000000000000E-01 -3.250000000000000E-01  2.625754300332648E+08
  7.500000000000001E-02  1.750000000000000E-01 -3.250000000000000E-01  2.625754300332648E+08
  1.250000000000000E-01  1.750000000000000E-01 -3.250000000000000E-01  2.625754300332648E+08
  1.750000000000000E-01  1.750000000000000E-01 -3.250000000000000E-01  2.625754300332648E+08
  2.250000000000000E-01  1.750000000000000E-01 -3.250000000000000E-01  2.625754300332648E+08
  2.750000000000000E-01  1.750000000000000E-01 -3.250000000000000E-01  2.625754300332648E+08
  3.250000000000000E-01  1.750000000000000E-01 -3.250000000000000E-01  2.625754300332648E+08
  3.750000000000000E-01  1.750000000000000E-01 -3.250000000000000E-01  2.625754300332648E+08
  4.250000000000000E-01  1.750000000000000E-01 -3.250000000000000E-01  2.625754300332648E+08
  4.750000000000000E-01  1.750000000000000E-01 -3.250000000000000E-01  2.625754300332648E+08
  5.249999999999999E-01  1.750000000000000E-01 -3.250000000000000E-01  2.625754300332648E+08
  2.500000000000000E-02  2.250000000000000E-01 -3.250000000000000E-01  2.625754300332648E+08
  7.500000000000001E-02  2.250000000000000E-01 -3.250000000000000E-01  2.625754300332648E+08
  1.250000000000000E-01  2.250000000000000E-01 -3.250000000000000E-01  2.625754300332648E+08
  1.750000000000000E-01  2.250000000000000E-01 -3.250000000000000E-01  2.625754300332648E+08
  2.250000000000000E-01  2.250000000000000E-01 -3.250000000000000E-01  2.625754300332648E+08
  2.750000000000000E-01  2.250000000000000E-01 -3.250000000000000E-01  2.625754300332648E+08
  3.250000000000000E-01  2.250000000000000E-01 -3.250000000000000E-01  2.625754300332648E+08
  3.750000000000000E-01  2.250000000000000E-01 -3.250000000000000E-01  2.625754300332648E+08
  4.250000000000000E-01  2.250000000000000E-01 -3.250000000000000E-01  2.625754300332648E+08
  2.500000000000000E-02  2.750000000000000E-01 -3.250000000000000E-01  2.625754300332648E+08
  7.500000000000001E-02  2.750000000000000E-01 -3.250000000000000E-01  2.625754300332648E+08
  1.250000000000000E-01  2.750000000000000E-01 -3.250000000000000E-01  2.625754300332648E+08
  1.750000000000000E-01  2.750000000000000E-01 -3.250000000000000E-01  2.625754300332648E+08
  2.250000000000000E-01  2.750000000000000E-01 -3.250000000000000E-01  2.625754300332648E+08
  2.750000000000000E-01  2.750000000000000E-01 -3.250000000000000E-01  2.625754300332648E+08
  3.250000000000000E-01  2.750000000000000E-01 -3.250000000000000E-01  2.625754300332648E+08
  2.500000000000000E-02  2.500000000000000E-02 -3.750000000000000E-01  2.625754300332648E+08
  7.500000000000001E-02  2.500000000000000E-02 -3.750000000000000E-01  2.625754300332648E+08
  1.250000000000000E-01  2.500000000000000E-02 -3.750000000000000E-01  2.625754300332648E+08
  1.750000000000000E-01  2.500000000000000E-02 -3.750000000000000E-01  2.625754300332648E+08
  2.250000000000000E-01  2.500000000000000E-02 -3.750000000000000E-01  2.625754300332648E+08
  2.750000000000000E-01  2.500000000000000E-02 -3.750000000000000E-01  2.625754300332648E+08
  3.250000000000000E-01  2.500000000000000E-02 -3.750000000000000E-01  2.625754300332648E+08
  3.750000000000000E-01  2.500000000000000E-02 -3.750000000000000E-01  2.625754300332648E+08
  4.250000000000000E-01  2.500000000000000E-02 -3.750000000000000E-01  2.625754300332648E+08
  4.750000000000000E-01  2.500000000000000E-02 -3.750000000000000E-01  2.625754300332648E+08
  5.249999999999999E-01  2.500000000000000E-02 -3.750000000000000E-01  2.625754300332648E+08
  5.750000000000000E-01  2.500000000000000E-02 -3.750000000000000E-01  2.625754300332648E+08
  2.500000000000000E-02  7.500000000000001E-02 -3.750000000000000E-01  2.625754300332648E+08
  7.500000000000001E-02  7.500000000000001E-02 -3.750000000000000E-01  2.625754300332648E+08
  1.250000000000000E-01  7.500000000000001E-02 -3.750000000000000E-01  2.625754300332648E+08
  1.750000000000000E-01  7.500000000000001E-02 -3.750000000000000E-01  2.625754300332648E+08
  2.250000000000000E-01  7.500000000000001E-02 -3.750000000000000E-01  2.625754300332648E+08
  2.750000000000000E-01  7.500000000000001E-02 -3.750000000000000E-01  2.625754300332648E+08
  3.250000000000000E-01  7.500000000000001E-02 -3.750000000000000E-01  2.625754300332648E+08
  3.750000000000000E-01  7.500000000000001E-02 -3.750000000000000E-01  2.625754300332648E+08
  4.250000000000000E-01  7.500000000000001E-02 -3.750000000000000E-01  2.625754300332648E+08
  4.750000000000000E-01  7.500000000000001E-02 -3.750000000000000E-01  2.625754300332648E+08
  5.249999999999999E-01  7.500000000000001E-02 -3.750000000000000E-01  2.625754300332648E+08
  2.500000000000000E-02  1.250000000000000E-01 -3.750000000000000E-01  2.625754300332648E+08
  7.500000000000001E-02  1.250000000000000E-01 -3.750000000000000E-01  2.625754300332648E+08
  1.250000000000000E-01  1.250000000000000E-01 -3.750000000000000E-01  2.625754300332648E+08
  1.750000000000000E-01  1.250000000000000E-01 -3.750000000000000E-01  2.625754300332648E+08
  2.250000000000000E-01  1.250000000000000E-01 -3.750000000000000E-01  2.625754300332648E+08
  2.750000000000000E-01  1.250000000000000E-01 -3.750000000000000E-01  2.625754300332648E+08
  3.250000000000000E-01  1.250000000000000E-01 -3.750000000000000E-01  2.625754300332648E+08
  3.750000000000000E-01  1.250000000000000E-01 -3.750000000000000E-01  2.625754300332648E+08
  4.250000000000000E-01  1.250000000000000E-01 -3.750000000000000E-01  2.625754300332648E+08
  4.750000000000000E-01  1.250000000000000E-01 -3.750000000000000E-01  2.625754300332648E+08
  5.249999999999999E-01  1.250000000000000E-01 -3.750000000000000E-01  2.625754300332648E+08
  2.500000000000000E-02  1.750000000000000E-01 -3.750000000000000E-01  2.625754300332648E+08
  7.500000000000001E-02  1.750000000000000E-01 -3.750000000000000E-01  2.625754300332648E+08
  1.250000000000000E-01  1.750000000000000E-01 -3.750000000000000E-01  2.625754300332648E+08
  1.750000000000000E-01  1.750000000000000E-01 -3.750000000000000E-01  2.625754300332648E+08
  2.250000000000000E-01  1.750000000000000E-01 -3.750000000000000E-01  2.625754300332648E+08
  2.750000000000000E-01  1.750000000000000E-01 -3.750000000000000E-01  2.625754300332648E+08
  3.250000000000000E-01  1.750000000000000E-01 -3.750000000000000E-01  2.625754300332648E+08
  3.750000000000000E-01  1.750000000000000E-01 -3.750000000000000E-01  2.625754300332648E+08
  4.250000000000000E-01  1.750000000000000E-01 -3.750000000000000E-01  2.625754300332648E+08
  2.500000000000000E-02  2.250000000000000E-01 -3.750000000000000E-01  2.625754300332648E+08
  7.500000000000001E-02  2.250000000000000E-01 -3.750000000000000E-01  2.625754300332648E+08
  1.250000000000000E-01  2.250000000000000E-01 -3.750000000000000E-01  2.625754300332648E+08
  1.750000000000000E-01  2.250000000000000E-01 -3.750000000000000E-01  2.625754300332648E+08
  2.250000000000000E-01  2.250000000000000E-01 -3.750000000000000E-01  2.625754300332648E+08
  2.750000000000000E-01  2.250000000000000E-01 -3.750000000000000E-01  2.625754300332648E+08
  3.250000000000000E-01  2.250000000000000E-01 -3.750000000000000E-01  2.625754300332648E+08
  1.750000000000000E-01  2.750000000000000E-01 -3.750000000000000E-01  2.625754300332648E+08
  2.250000000000000E-01  2.500000000000000E-02 -4.250000000000000E-01  2.625754300332648E+08
  2.750000000000000E-01  2.500000000000000E-02 -4.250000000000000E-01  2.625754300332648E+08
  3.250000000000000E-01  2.500000000000000E-02 -4.250000000000000E-01  2.625754300332648E+08
  3.750000000000000E-01  2.500000000000000E-02 -4.250000000000000E-01  2.625754300332648E+08
  4.250000000000000E-01  2.500000000000000E-02 -4.250000000000000E-01  2.625754300332648E+08
  4.750000000000000E-01  2.500000000000000E-02 -4.250000000000000E-01  2.625754300332648E+08
  1.750000000000000E-01  7.500000000000001E-02 -4.250000000000000E-01  2.625754300332648E+08
  2.250000000000000E-01  7.500000000000001E-02 -4.250000000000000E-01  2.625754300332648E+08
  2.750000000000000E-01  7.500000000000001E-02 -4.250000000000000E-01  2.625754300332648E+08
  3.250000000000000E-01  7.500000000000001E-02 -4.250000000000000E-01  2.625754300332648E+08
  3.750000000000000E-01  7.500000000000001E-02 -4.250000000000000E-01  2.625754300332648E+08
  4.250000000000000E-01  7.500000000000001E-02 -4.250000000000000E-01  2.625754300332648E+08
  1.250000000000000E-01  1.250000000000000E-01 -4.250000000000000E-01  2.625754300332648E+08
  1.750000000000000E-01  1.250000000000000E-01 -4.250000000000000E-01  2.625754300332648E+08
  2.250000000000000E-01  1.250000000000000E-01 -4.250000000000000E-01  2.625754300332648E+08
  2.750000000000000E-01  1.250000000000000E-01 -4.250000000000000E-01  2.625754300332648E+08
  3.250000000000000E-01  1.250000000000000E-01 -4.250000000000000E-01  2.625754300332648E+08
  3.750000000000000E-01  1.250000000000000E-01 -4.250000000000000E-01  2.625754300332648E+08
  1.750000000000000E-01  1.750000000000000E-01 -4.250000000000000E-01  2.625754300332648E+08
  2.250000000000000E-01  1.750000000000000E-01 -4.250000000000000E-01  2.625754300332648E+08
  2.750000000000000E-01  1.750000000000000E-01 -4.250000000000000E-01  2.625754300332648E+08
  3.250000000000000E-01  1.750000000000000E-01 -4.250000000000000E-01  2.625754300332648E+08
 -2.500000000000000E-02  2.500000000000000E-02 -2.500000000000000E-02  2.625754300332648E+08
 -7.500000000000001E-02  2.500000000000000E-02 -2.500000000000000E-02  2.625754300332648E+08
 -1.250000000000000E-01  2.500000000000000E-02 -2.500000000000000E-02  2.625754300332648E+08
 -1.750000000000000E-01  2.500000000000000E-02 -2.500000000000000E-02  2.625754300332648E+08
 -2.250000000000000E-01  2.500000000000000E-02 -2.500000000000000E-02  2.625754300332648E+08
 -2.750000000000000E-01  2.500000000000000E-02 -2.500000000000000E-02  2.625754300332648E+08
 -3.250000000000000E-01  2.500000000000000E-02 -2.500000000000000E-02  2.625754300332648E+08
 -3.750000000000000E-01  2.500000000000000E-02 -2.500000000000000E-02  2.625754300332648E+08
 -4.250000000000000E-01  2.500000000000000E-02 -2.500000000000000E-02  2.625754300332648E+08
 -4.750000000000000E-01  2.500000000000000E-02 -2.500000000000000E-02  2.625754300332648E+08
 -5.249999999999999E-01  2.500000000000000E-02 -2.500000000000000E-02  2.625754300332648E+08
 -5.750000000000000E-01  2.500000000000000E-02 -2.500000000000000E-02  2.625754300332648E+08
 -6.250000000000000E-01  2.500000000000000E-02 -2.500000000000000E-02  2.625754300332648E+08
 -6.750000000000000E-01  2.500000000000000E-02 -2.500000000000000E-02  2.625754300332648E+08
 -7.250000000000001E-01  2.500000000000000E-02 -2.500000000000000E-02  2.625754300332648E+08
 -7.750000000000001E-01  2.500000000000000E-02 -2.500000000000000E-02  2.625754300332648E+08
 -2.500000000000000E-02  7.500000000000001E-02 -2.500000000000000E-02  2.625754300332648E+08
 -7.500000000000001E-02  7.500000000000001E-02 -2.500000000000000E-02  2.625754300332648E+08
 -1.250000000000000E-01  7.500000000000001E-02 -2.500000000000000E-02  2.625754300332648E+08
 -1.750000000000000E-01  7.500000000000001E-02 -2.500000000000000E-02  2.625754300332648E+08
 -2.250000000000000E-01  7.500000000000001E-02 -2.500000000000000E-02  2.625754300332648E+08
 -2.750000000000000E-01  7.500000000000001E-02 -2.500000000000000E-02  2.625754300332648E+08
 -3.250000000000000E-01  7.500000000000001E-02 -2.500000000000000E-02  2.625754300332648E+08
 -3.750000000000000E-01  7.500000000000001E-02 -2.500000000000000E-02  2.625754300332648E+08
 -4.250000000000000E-01  7.500000000000001E-02 -2.500000000000000E-02  2.625754300332648E+08
 -4.750000000000000E-01  7.500000000000001E-02 -2.500000000000000E-02  2.625754300332648E+08
 -5.249999999999999E-01  7.500000000000001E-02 -2.500000000000000E-02  2.625754300332648E+08
 -5.750000000000000E-01  7.500000000000001E-02 -2.500000000000000E-02  2.625754300332648E+08
 -6.250000000000000E-01  7.500000000000001E-02 -2.500000000000000E-02  2.625754300332648E+08
 -6.750000000000000E-01  7.500000000000001E-02 -2.500000000000000E-02  2.625754300332648E+08
 -7.250000000000001E-01  7.500000000000001E-02 -2.500000000000000E-02  2.625754300332648E+08
 -7.750000000000001E-01  7.500000000000001E-02 -2.500000000000000E-02  2.625754300332648E+08
 -8.250000000000002E-01  7.500000000000001E-02 -2.500000000000000E-02  2.625754300332648E+08
 -2.500000000000000E-02  1.250000000000000E-01 -2.500000000000000E-02  2.625754300332648E+08
 -7.500000000000001E-02  1.250000000000000E-01 -2.500000000000000E-02  2.625754300332648E+08
 -1.250000000000000E-01  1.250000000000000E-01 -2.500000000000000E-02  2.625754300332648E+08
 -1.750000000000000E-01  1.250000000000000E-01 -2.500000000000000E-02  2.625754300332648E+08
 -2.250000000000000E-01  1.250000000000000E-01 -2.500000000000000E-02  2.625754300332648E+08
 -2.750000000000000E-01  1.250000000000000E-01 -2.500000000000000E-02  2.625754300332648E+08
 -3.250000000000000E-01  1.250000000000000E-01 -2.500000000000000E-02  2.625754300332648E+08
 -3.750000000000000E-01  1.250000000000000E-01 -2.500000000000000E-02  2.625754300332648E+08
 -4.250000000000000E-01  1.250000000000000E-01 -2.500000000000000E-02  2.625754300332648E+08
 -4.750000000000000E-01  1.250000000000000E-01 -2.500000000000000E-02  2.625754300332648E+08
 -5.249999999999999E-01  1.250000000000000E-01 -2.500000000000000E-02  2.625754300332648E+08
 -5.750000000000000E-01  1.250000000000000E-01 -2.500000000000000E-02  2.625754300332648E+08
 -6.250000000000000E-01  1.250000000000000E-01 -2.500000000000000E-02  2.625754300332648E+08
 -6.750000000000000E-01  1.250000000000000E-01 -2.500000000000000E-02  2.625754300332648E+08
 -7.250000000000001E-01  1.250000000000000E-01 -2.500000000000000E-02  2.625754300332648E+08
 -7.750000000000001E-01  1.250000000000000E-01 -2.500000000000000E-02  2.625754300332648E+08
 -8.250000000000002E-01  1.250000000000000E-01 -2.500000000000000E-02  2.625754300332648E+08
 -2.500000000000000E-02  1.750000000000000E-01 -2.500000000000000E-02  2.625754300332648E+08
 -7.500000000000001E-02  1.750000000000000E-01 -2.500000000000000E-02  2.625754300332648E+08
 -1.250000000000000E-01  1.750000000000000E-01 -2.500000000000000E-02  2.625754300332648E+08
 -1.750000000000000E-01  1.750000000000000E-01 -2.500000000000000E-02  2.625754300332648E+08
 -2.250000000000000E-01  1.750000000000000E-01 -2.500000000000000E-02  2.625754300332648E+08
 -2.750000000000000E-01  1.750000000000000E-01 -2.500000000000000E-02  2.625754300332648E+08
 -3.250000000000000E-01  1.750000000000000E-01 -2.500000000000000E-02  2.625754300332648E+08
 -3.750000000000000E-01  1.750000000000000E-01 -2.500000000000000E-02  2.625754300332648E+08
 -4.250000000000000E-01  1.750000000000000E-01 -2.500000000000000E-02  2.625754300332648E+08
 -4.750000000000000E-01  1.750000000000000E-01 -2.500000000000000E-02  2.625754300332648E+08
 -5.249999999999999E-01  1.750000000000000E-01 -2.500000000000000E-02  2.625754300332648E+08
 -5.750000000000000E-01  1.750000000000000E-01 -2.500000000000000E-02  2.625754300332648E+08
 -6.250000000000000E-01  1.750000000000000E-01 -2.500000000000000E-02  2.625754300332648E+08
 -6.750000000000000E-01  1.750000000000000E-01 -2.500000000000000E-02  2.625754300332648E+08
 -7.250000000000001E-01  1.750000000000000E-01 -2.500000000000000E-02  2.625754300332648E+08
 -7.750000000000001E-01  1.750000000000000E-01 -2.500000000000000E-02  2.625754300332648E+08
 -8.250000000000002E-01  1.750000000000000E-01 -2.500000000000000E-02  2.625754300332648E+08
 -2.500000000000000E-02  2.250000000000000E-01 -2.500000000000000E-02  2.625754300332648E+08
 -7.500000000000001E-02  2.250000000000000E-01 -2.500000000000000E-02  2.625754300332648E+08
 -1.250000000000000E-01  2.250000000000000E-01 -2.500000000000000E-02  2.625754300332648E+08
 -1.750000000000000E-01  2.250000000000000E-01 -2.500000000000000E-02  2.625754300332648E+08
 -2.250000000000000E-01  2.250000000000000E-01 -2.500000000000000E-02  2.625754300332648E+08
 -2.750000000000000E-01  2.250000000000000E-01 -2.500000000000000E-02  2.625754300332648E+08
 -3.250000000000000E-01  2.250000000000000E-01 -2.500000000000000E-02  2.625754300332648E+08
 -3.750000000000000E-01  2.250000000000000E-01 -2.500000000000000E-02  2.625754300332648E+08
 -4.250000000000000E-01  2.250000000000000E-01 -2.500000000000000E-02  2.625754300332648E+08
 -4.750000000000000E-01  2.250000000000000E-01 -2.500000000000000E-02  2.625754300332648E+08
 -5.249999999999999E-01  2.250000000000000E-01 -2.500000000000000E-02  2.625754300332648E+08
 -5.750000000000000E-01  2.250000000000000E-01 -2.500000000000000E-02  2.625754300332648E+08
 -6.250000000000000E-01  2.250000000000000E-01 -2.500000000000000E-02  2.625754300332648E+08
 -6.750000000000000E-01  2.250000000000000E-01 -2.500000000000000E-02  2.625754300332648E+08
 -7.250000000000001E-01  2.250000000000000E-01 -2.500000000000000E-02  2.625754300332648E+08
 -7.750000000000001E-01  2.250000000000000E-01 -2.500000000000000E-02  2.625754300332648E+08
 -8.250000000000002E-01  2.250000000000000E-01 -2.500000000000000E-02  2.625754300332648E+08
 -2.500000000000000E-02  2.750000000000000E-01 -2.500000000000000E-02  2.625754300332648E+08
 -7.500000000000001E-02  2.750000000000000E-01 -2.500000000000000E-02  2.625754300332648E+08
 -1.250000000000000E-01  2.750000000000000E-01 -2.500000000000000E-02  2.625754300332648E+08
 -1.750000000000000E-01  2.750000000000000E-01 -2.500000000000000E-02  2.625754300332648E+08
 -2.250000000000000E-01  2.750000000000000E-01 -2.500000000000000E-02  2.625754300332648E+08
 -2.750000000000000E-01  2.750000000000000E-01 -2.500000000000000E-02  2.625754300332648E+08
 -3.250000000000000E-01  2.750000000000000E-01 -2.500000000000000E-02  2.625754300332648E+08
 -3.750000000000000E-01  2.750000000000000E-01 -2.500000000000000E-02  2.625754300332648E+08
 -4.250000000000000E-01  2.750000000000000E-01 -2.500000000000000E-02  2.625754300332648E+08
 -4.750000000000000E-01  2.750000000000000E-01 -2.500000000000000E-02  2.625754300332648E+08
 -5.249999999999999E-01  2.750000000000000E-01 -2.500000000000000E-02  2.625754300332648E+08
 -5.750000000000000E-01  2.750000000000000E-01 -2.500000000000000E-02  2.625754300332648E+08
 -6.250000000000000E-01  2.750000000000000E-01 -2.500000000000000E-02  2.625754300332648E+08
 -6.750000000000000E-01  2.750000000000000E-01 -2.500000000000000E-02  2.625754300332648E+08
 -7.250000000000001E-01  2.750000000000000E-01 -2.500000000000000E-02  2.625754300332648E+08
 -7.750000000000001E-01  2.750000000000000E-01 -2.500000000000000E-02  2.625754300332648E+08
 -2.500000000000000E-02  3.250000000000000E-01 -2.500000000000000E-02  2.625754300332648E+08
 -7.500000000000001E-02  3.250000000000000E-01 -2.500000000000000E-02  2.625754300332648E+08
 -1.250000000000000E-01  3.250000000000000E-01 -2.500000000000000E-02  2.625754300332648E+08
 -1.750000000000000E-01  3.250000000000000E-01 -2.500000000000000E-02  2.625754300332648E+08
 -2.250000000000000E-01  3.250000000000000E-01 -2.500000000000000E-02  2.625754300332648E+08
 -2.750000000000000E-01  3.250000000000000E-01 -2.500000000000000E-02  2.625754300332648E+08
 -3.250000000000000E-01  3.250000000000000E-01 -2.500000000000000E-02  2.625754300332648E+08
 -3.750000000000000E-01  3.250000000000000E-01 -2.500000000000000E-02  2.625754300332648E+08
 -4.250000000000000E-01  3.250000000000000E-01 -2.500000000000000E-02  2.625754300332648E+08
 -4.750000000000000E-01  3.250000000000000E-01 -2.500000000000000E-02  2.625754300332648E+08
 -5.249999999999999E-01  3.250000000000000E-01 -2.500000000000000E-02  2.625754300332648E+08
 -5.750000000000000E-01  3.250000000000000E-01 -2.500000000000000E-02  2.625754300332648E+08
 -6.250000000000000E-01  3.250000000000000E-01 -2.500000000000000E-02  2.625754300332648E+08
 -6.750000000000000E-01  3.250000000000000E-01 -2.500000000000000E-02  2.625754300332648E+08
 -7.250000000000001E-01  3.250000000000000E-01 -2.500000000000000E-02  2.625754300332648E+08
 -2.500000000000000E-02  3.750000000000000E-01 -2.500000000000000E-02  2.625754300332648E+08
 -7.500000000000001E-02  3.750000000000000E-01 -2.500000000000000E-02  2.625754300332648E+08
 -1.250000000000000E-01  3.750000000000000E-01 -2.500000000000000E-02  2.625754300332648E+08
 -1.750000000000000E-01  3.750000000000000E-01 -2.500000000000000E-02  2.625754300332648E+08
 -2.250000000000000E-01  3.750000000000000E-01 -2.500000000000000E-02  2.625754300332648E+08
 -2.750000000000000E-01  3.750000000000000E-01 -2.500000000000000E-02  2.625754300332648E+08
 -3.250000000000000E-01  3.750000000000000E-01 -2.500000000000000E-02  2.625754300332648E+08
 -3.750000000000000E-01  3.750000000000000E-01 -2.500000000000000E-02  2.625754300332648E+08
 -4.250000000000000E-01  3.750000000000000E-01 -2.500000000000000E-02  2.625754300332648E+08
 -4.750000000000000E-01  3.750000000000000E-01 -2.500000000000000E-02  2.625754300332648E+08
 -5.249999999999999E-01  3.750000000000000E-01 -2.500000000000000E-02  2.625754300332648E+08
 -5.750000000000000E-01  3.750000000000000E-01 -2.500000000000000E-02  2.625754300332648E+08
 -6.250000000000000E-01  3.750000000000000E-01 -2.500000000000000E-02  2.625754300332648E+08
 -2.500000000000000E-02  2.500000000000000E-02 -7.500000000000001E-02  2.625754300332648E+08
 -7.500000000000001E-02  2.500000000000000E-02 -7.500000000000001E-02  2.625754300332648E+08
 -1.250000000000000E-01  2.500000000000000E-02 -7.500000000000001E-02  2.625754300332648E+08
 -1.750000000000000E-01  2.500000000000000E-02 -7.500000000000001E-02  2.625754300332648E+08
 -2.250000000000000E-01  2.500000000000000E-02 -7.500000000000001E-02  2.625754300332648E+08
 -2.750000000000000E-01  2.500000000000000E-02 -7.500000000000001E-02  2.625754300332648E+08
 -3.250000000000000E-01  2.500000000000000E-02 -7.500000000000001E-02  2.625754300332648E+08
 -3.750000000000000E-01  2.500000000000000E-02 -7.500000000000001E-02  2.625754300332648E+08
 -4.250000000000000E-01  2.500000000000000E-02 -7.500000000000001E-02  2.625754300332648E+08
 -4.750000000000000E-01  2.500000000000000E-02 -7.500000000000001E-02  2.625754300332648E+08
 -5.249999999999999E-01  2.500000000000000E-02 -7.500000000000001E-02  2.625754300332648E+08
 -5.750000000000000E-01  2.500000000000000E-02 -7.500000000000001E-02  2.625754300332648E+08
 -6.250000000000000E-01  2.500000000000000E-02 -7.500000000000001E-02  2.625754300332648E+08
 -6.750000000000000E-01  2.500000000000000E-02 -7.500000000000001E-02  2.625754300332648E+08
 -7.250000000000001E-01  2.500000000000000E-02 -7.500000000000001E-02  2.625754300332648E+08
 -7.750000000000001E-01  2.500000000000000E-02 -7.500000000000001E-02  2.625754300332648E+08
 -2.500000000000000E-02  7.500000000000001E-02 -7.500000000000001E-02  2.625754300332648E+08
 -7.500000000000001E-02  7.500000000000001E-02 -7.500000000000001E-02  2.625754300332648E+08
 -1.250000000000000E-01  7.500000000000001E-02 -7.500000000000001E-02  2.625754300332648E+08
 -1.750000000000000E-01  7.500000000000001E-02 -7.500000000000001E-02  2.625754300332648E+08
 -2.250000000000000E-01  7.500000000000001E-02 -7.500000000000001E-02  2.625754300332648E+08
 -2.750000000000000E-01  7.500000000000001E-02 -7.500000000000001E-02  2.625754300332648E+08
 -3.250000000000000E-01  7.500000000000001E-02 -7.500000000000001E-02  2.625754300332648E+08
 -3.750000000000000E-01  7.500000000000001E-02 -7.500000000000001E-02  2.625754300332648E+08
 -4.250000000000000E-01  7.500000000000001E-02 -7.500000000000001E-02  2.625754300332648E+08
 -4.750000000000000E-01  7.500000000000001E-02 -7.500000000000001E-02  2.625754300332648E+08
 -5.249999999999999E-01  7.500000000000001E-02 -7.500000000000001E-02  2.625754300332648E+08
 -5.750000000000000E-01  7.500000000000001E-02 -7.500000000000001E-02  2.625754300332648E+08
 -6.250000000000000E-01  7.500000000000001E-02 -7.500000000000001E-02  2.625754300332648E+08
 -6.750000000000000E-01  7.500000000000001E-02 -7.500000000000001E-02  2.625754300332648E+08
 -7.250000000000001E-01  7.500000000000001E-02 -7.500000000000001E-02  2.625754300332648E+08
 -7.750000000000001E-01  7.500000000000001E-02 -7.500000000000001E-02  2.625754300332648E+08
 -2.500000000000000E-02  1.250000000000000E-01 -7.500000000000001E-02  2.625754300332648E+08
 -7.500000000000001E-02  1.250000000000000E-01 -7.500000000000001E-02  2.625754300332648E+08
 -1.250000000000000E-01  1.250000000000000E-01 -7.500000000000001E-02  2.625754300332648E+08
 -1.750000000000000E-01  1.250000000000000E-01 -7.500000000000001E-02  2.625754300332648E+08
 -2.250000000000000E-01  1.250000000000000E-01 -7.500000000000001E-02  2.625754300332648E+08
 -2.750000000000000E-01  1.250000000000000E-01 -7.500000000000001E-02  2.625754300332648E+08
 -3.250000000000000E-01  1.250000000000000E-01 -7.500000000000001E-02  2.625754300332648E+08
 -3.750000000000000E-01  1.250000000000000E-01 -7.500000000000001E-02  2.625754300332648E+08
 -4.250000000000000E-01  1.250000000000000E-01 -7.500000000000001E-02  2.625754300332648E+08
 -4.750000000000000E-01  1.250000000000000E-01 -7.500000000000001E-02  2.625754300332648E+08
 -5.249999999999999E-01  1.250000000000000E-01 -7.500000000000001E-02  2.625754300332648E+08
 -5.750000000000000E-01  1.250000000000000E-01 -7.500000000000001E-02  2.625754300332648E+08
 -6.250000000000000E-01  1.250000000000000E-01 -7.500000000000001E-02  2.625754300332648E+08
 -6.750000000000000E-01  1.250000000000000E-01 -7.500000000000001E-02  2.625754300332648E+08
 -7.250000000000001E-01  1.250000000000000E-01 -7.500000000000001E-02  2.625754300332648E+08
 -7.750000000000001E-01  1.250000000000000E-01 -7.500000000000001E-02  2.625754300332648E+08
 -2.500000000000000E-02  1.750000000000000E-01 -7.500000000000001E-02  2.625754300332648E+08
 -7.500000000000001E-02  1.750000000000000E-01 -7.500000000000001E-02  2.625754300332648E+08
 -1.250000000000000E-01  1.750000000000000E-01 -7.500000000000001E-02  2.625754300332648E+08
 -1.750000000000000E-01  1.750000000000000E-01 -7.500000000000001E-02  2.625754300332648E+08
 -2.250000000000000E-01  1.750000000000000E-01 -7.500000000000001E-02  2.625754300332648E+08
 -2.750000000000000E-01  1.750000000000000E-01 -7.500000000000001E-02  2.625754300332648E+08
 -3.250000000000000E-01  1.750000000000000E-01 -7.500000000000001E-02  2.625754300332648E+08
 -3.750000000000000E-01  1.750000000000000E-01 -7.500000000000001E-02  2.625754300332648E+08
 -4.250000000000000E-01  1.750000000000000E-01 -7.500000000000001E-02  2.625754300332648E+08
 -4.750000000000000E-01  1.750000000000000E-01 -7.500000000000001E-02  2.625754300332648E+08
 -5.249999999999999E-01  1.750000000000000E-01 -7.500000000000001E-02  2.625754300332648E+08
 -5.750000000000000E-01  1.750000000000000E-01 -7.500000000000001E-02  2.625754300332648E+08
 -6.250000000000000E-01  1.750000000000000E-01 -7.500000000000001E-02  2.625754300332648E+08
 -6.750000000000000E-01  1.750000000000000E-01 -7.500000000000001E-02  2.625754300332648E+08
 -7.250000000000001E-01  1.750000000000000E-01 -7.500000000000001E-02  2.625754300332648E+08
 -7.750000000000001E-01  1.750000000000000E-01 -7.500000000000001E-02  2.625754300332648E+08
 -2.500000000000000E-02  2.250000000000000E-01 -7.500000000000001E-02  2.625754300332648E+08
 -7.500000000000001E-02  2.250000000000000E-01 -7.500000000000001E-02  2.625754300332648E+08
 -1.250000000000000E-01  2.250000000000000E-01 -7.500000000000001E-02  2.625754300332648E+08
 -1.750000000000000E-01  2.250000000000000E-01 -7.500000000000001E-02  2.625754300332648E+08
 -2.250000000000000E-01  2.250000000000000E-01 -7.500000000000001E-02  2.625754300332648E+08
 -2.750000000000000E-01  2.250000000000000E-01 -7.500000000000001E-02  2.625754300332648E+08
 -3.250000000000000E-01  2.250000000000000E-01 -7.500000000000001E-02  2.625754300332648E+08
 -3.750000000000000E-01  2.250000000000000E-01 -7.500000000000001E-02  2.625754300332648E+08
 -4.250000000000000E-01  2.250000000000000E-01 -7.500000000000001E-02  2.625754300332648E+08
 -4.750000000000000E-01  2.250000000000000E-01 -7.500000000000001E-02  2.625754300332648E+08
 -5.249999999999999E-01  2.250000000000000E-01 -7.500000000000001E-02  2.625754300332648E+08
 -5.750000000000000E-01  2.250000000000000E-01 -7.500000000000001E-02  2.625754300332648E+08
 -6.250000000000000E-01  2.250000000000000E-01 -7.500000000000001E-02  2.625754300332648E+08
 -6.750000000000000E-01  2.250000000000000E-01 -7.500000000000001E-02  2.625754300332648E+08
 -7.250000000000001E-01  2.250000000000000E-01 -7.500000000000001E-02  2.625754300332648E+08
 -7.750000000000001E-01  2.250000000000000E-01 -7.500000000000001E-02  2.625754300332648E+08
 -2.500000000000000E-02  2.750000000000000E-01 -7.500000000000001E-02  2.625754300332648E+08
 -7.500000000000001E-02  2.750000000000000E-01 -7.500000000000001E-02  2.625754300332648E+08
 -1.250000000000000E-01  2.750000000000000E-01 -7.500000000000001E-02  2.625754300332648E+08
 -1.750000000000000E-01  2.750000000000000E-01 -7.500000000000001E-02  2.625754300332648E+08
 -2.250000000000000E-01  2.750000000000000E-01 -7.500000000000001E-02  2.625754300332648E+08
 -2.750000000000000E-01  2.750000000000000E-01 -7.500000000000001E-02  2.625754300332648E+08
 -3.250000000000000E-01  2.750000000000000E-01 -7.500000000000001E-02  2.625754300332648E+08
 -3.750000000000000E-01  2.750000000000000E-01 -7.500000000000001E-02  2.625754300332648E+08
 -4.250000000000000E-01  2.750000000000000E-01 -7.500000000000001E-02  2.625754300332648E+08
 -4.750000000000000E-01  2.750000000000000E-01 -7.500000000000001E-02  2.625754300332648E+08
 -5.249999999999999E-01  2.750000000000000E-01 -7.500000000000001E-02  2.625754300332648E+08
 -5.750000000000000E-01  2.750000000000000E-01 -7.500000000000001E-02  2.625754300332648E+08
 -6.250000000000000E-01  2.750000000000000E-01 -7.500000000000001E-02  2.625754300332648E+08
 -6.750000000000000E-01  2.750000000000000E-01 -7.500000000000001E-02  2.625754300332648E+08
 -7.250000000000001E-01  2.750000000000000E-01 -7.500000000000001E-02  2.625754300332648E+08
 -7.750000000000001E-01  2.750000000000000E-01 -7.500000000000001E-02  2.625754300332648E+08
 -2.500000000000000E-02  3.250000000000000E-01 -7.500000000000001E-02  2.625754300332648E+08
 -7.500000000000001E-02  3.250000000000000E-01 -7.500000000000001E-02  2.625754300332648E+08
 -1.250000000000000E-01  3.250000000000000E-01 -7.500000000000001E-02  2.625754300332648E+08
 -1.750000000000000E-01  3.250000000000000E-01 -7.500000000000001E-02  2.625754300332648E+08
 -2.250000000000000E-01  3.250000000000000E-01 -7.500000000000001E-02  2.625754300332648E+08
 -2.750000000000000E-01  3.250000000000000E-01 -7.500000000000001E-02  2.625754300332648E+08
 -3.250000000000000E-01  3.250000000000000E-01 -7.500000000000001E-02  2.625754300332648E+08
 -3.750000000000000E-01  3.250000000000000E-01 -7.500000000000001E-02  2.625754300332648E+08
 -4.250000000000000E-01  3.250000000000000E-01 -7.500000000000001E-02  2.625754300332648E+08
 -4.750000000000000E-01  3.250000000000000E-01 -7.500000000000001E-02  2.625754300332648E+08
 -5.249999999999999E-01  3.250000000000000E-01 -7.500000000000001E-02  2.625754300332648E+08
 -5.750000000000000E-01  3.250000000000000E-01 -7.500000000000001E-02  2.625754300332648E+08
 -6.250000000000000E-01  3.250000000000000E-01 -7.500000000000001E-02  2.625754300332648E+08
 -6.750000000000000E-01  3.250000000000000E-01 -7.500000000000001E-02  2.625754300332648E+08
 -7.250000000000001E-01  3.250000000000000E-01 -7.500000000000001E-02  2.625754300332648E+08
 -2.500000000000000E-02  3.750000000000000E-01 -7.500000000000001E-02  2.625754300332648E+08
 -7.500000000000001E-02  3.750000000000000E-01 -7.500000000000001E-02  2.625754300332648E+08
 -1.250000000000000E-01  3.750000000000000E-01 -7.500000000000001E-02  2.625754300332648E+08
 -1.750000000000000E-01  3.750000000000000E-01 -7.500000000000001E-02  2.625754300332648E+08
 -2.250000000000000E-01  3.750000000000000E-01 -7.500000000000001E-02  2.625754300332648E+08
 -2.750000000000000E-01  3.750000000000000E-01 -7.500000000000001E-02  2.625754300332648E+08
 -3.250000000000000E-01  3.750000000000000E-01 -7.500000000000001E-02  2.625754300332648E+08
 -3.750000000000000E-01  3.750000000000000E-01 -7.500000000000001E-02  2.625754300332648E+08
 -4.250000000000000E-01  3.750000000000000E-01 -7.500000000000001E-02  2.625754300332648E+08
 -4.750000000000000E-01  3.750000000000000E-01 -7.500000000000001E-02  2.625754300332648E+08
 -5.249999999999999E-01  3.750000000000000E-01 -7.500000000000001E-02  2.625754300332648E+08
 -5.750000000000000E-01  3.750000000000000E-01 -7.500000000000001E-02  2.625754300332648E+08
 -2.500000000000000E-02  2.500000000000000E-02 -1.250000000000000E-01  2.625754300332648E+08
 -7.500000000000001E-02  2.500000000000000E-02 -1.250000000000000E-01  2.625754300332648E+08
 -1.250000000000000E-01  2.500000000000000E-02 -1.250000000000000E-01  2.625754300332648E+08
 -1.750000000000000E-01  2.500000000000000E-02 -1.250000000000000E-01  2.625754300332648E+08
 -2.250000000000000E-01  2.500000000000000E-02 -1.250000000000000E-01  2.625754300332648E+08
 -2.750000000000000E-01  2.500000000000000E-02 -1.250000000000000E-01  2.625754300332648E+08
 -3.250000000000000E-01  2.500000000000000E-02 -1.250000000000000E-01  2.625754300332648E+08
 -3.750000000000000E-01  2.500000000000000E-02 -1.250000000000000E-01  2.625754300332648E+08
 -4.250000000000000E-01  2.500000000000000E-02 -1.250000000000000E-01  2.625754300332648E+08
 -4.750000000000000E-01  2.500000000000000E-02 -1.250000000000000E-01  2.625754300332648E+08
 -5.249999999999999E-01  2.500000000000000E-02 -1.250000000000000E-01  2.625754300332648E+08
 -5.750000000000000E-01  2.500000000000000E-02 -1.250000000000000E-01  2.625754300332648E+08
 -6.250000000000000E-01  2.500000000000000E-02 -1.250000000000000E-01  2.625754300332648E+08
 -6.750000000000000E-01  2.500000000000000E-02 -1.250000000000000E-01  2.625754300332648E+08
 -7.250000000000001E-01  2.500000000000000E-02 -1.250000000000000E-01  2.625754300332648E+08
 -2.500000000000000E-02  7.500000000000001E-02 -1.250000000000000E-01  2.625754300332648E+08
 -7.500000000000001E-02  7.500000000000001E-02 -1.250000000000000E-01  2.625754300332648E+08
 -1.250000000000000E-01  7.500000000000001E-02 -1.250000000000000E-01  2.625754300332648E+08
 -1.750000000000000E-01  7.500000000000001E-02 -1.250000000000000E-01  2.625754300332648E+08
 -2.250000000000000E-01  7.500000000000001E-02 -1.250000000000000E-01  2.625754300332648E+08
 -2.750000000000000E-01  7.500000000000001E-02 -1.250000000000000E-01  2.625754300332648E+08
 -3.250000000000000E-01  7.500000000000001E-02 -1.250000000000000E-01  2.625754300332648E+08
 -3.750000000000000E-01  7.500000000000001E-02 -1.250000000000000E-01  2.625754300332648E+08
 -4.250000000000000E-01  7.500000000000001E-02 -1.250000000000000E-01  2.625754300332648E+08
 -4.750000000000000E-01  7.500000000000001E-02 -1.250000000000000E-01  2.625754300332648E+08
 -5.249999999999999E-01  7.500000000000001E-02 -1.250000000000000E-01  2.625754300332648E+08
 -5.750000000000000E-01  7.500000000000001E-02 -1.250000000000000E-01  2.625754300332648E+08
 -6.250000000000000E-01  7.500000000000001E-02 -1.250000000000000E-01  2.625754300332648E+08
 -6.750000000000000E-01  7.500000000000001E-02 -1.250000000000000E-01  2.625754300332648E+08
 -7.250000000000001E-01  7.500000000000001E-02 -1.250000000000000E-01  2.625754300332648E+08
 -7.750000000000001E-01  7.500000000000001E-02 -1.250000000000000E-01  2.625754300332648E+08
 -2.500000000000000E-02  1.250000000000000E-01 -1.250000000000000E-01  2.625754300332648E+08
 -7.500000000000001E-02  1.250000000000000E-01 -1.250000000000000E-01  2.625754300332648E+08
 -1.250000000000000E-01  1.250000000000000E-01 -1.250000000000000E-01  2.625754300332648E+08
 -1.750000000000000E-01  1.250000000000000E-01 -1.250000000000000E-01  2.625754300332648E+08
 -2.250000000000000E-01  1.250000000000000E-01 -1.250000000000000E-01  2.625754300332648E+08
 -2.750000000000000E-01  1.250000000000000E-01 -1.250000000000000E-01  2.625754300332648E+08
 -3.250000000000000E-01  1.250000000000000E-01 -1.250000000000000E-01  2.625754300332648E+08
 -3.750000000000000E-01  1.250000000000000E-01 -1.250000000000000E-01  2.625754300332648E+08
 -4.250000000000000E-01  1.250000000000000E-01 -1.250000000000000E-01  2.625754300332648E+08
 -4.750000000000000E-01  1.250000000000000E-01 -1.250000000000000E-01  2.625754300332648E+08
 -5.249999999999999E-01  1.250000000000000E-01 -1.250000000000000E-01  2.625754300332648E+08
 -5.750000000000000E-01  1.250000000000000E-01 -1.250000000000000E-01  2.625754300332648E+08
 -6.250000000000000E-01  1.250000000000000E-01 -1.250000000000000E-01  2.625754300332648E+08
 -6.750000000000000E-01  1.250000000000000E-01 -1.250000000000000E-01  2.625754300332648E+08
 -7.250000000000001E-01  1.250000000000000E-01 -1.250000000000000E-01  2.625754300332648E+08
 -7.750000000000001E-01  1.250000000000000E-01 -1.250000000000000E-01  2.625754300332648E+08
 -2.500000000000000E-02  1.750000000000000E-01 -1.250000000000000E-01  2.625754300332648E+08
 -7.500000000000001E-02  1.750000000000000E-01 -1.250000000000000E-01  2.625754300332648E+08
 -1.250000000000000E-01  1.750000000000000E-01 -1.250000000000000E-01  2.625754300332648E+08
 -1.750000000000000E-01  1.750000000000000E-01 -1.250000000000000E-01  2.625754300332648E+08
 -2.250000000000000E-01  1.750000000000000E-01 -1.250000000000000E-01  2.625754300332648E+08
 -2.750000000000000E-01  1.750000000000000E-01 -1.250000000000000E-01  2.625754300332648E+08
 -3.250000000000000E-01  1.750000000000000E-01 -1.250000000000000E-01  2.625754300332648E+08
 -3.750000000000000E-01  1.750000000000000E-01 -1.250000000000000E-01  2.625754300332648E+08
 -4.250000000000000E-01  1.750000000000000E-01 -1.250000000000000E-01  2.625754300332648E+08
 -4.750000000000000E-01  1.750000000000000E-01 -1.250000000000000E-01  2.625754300332648E+08
 -5.249999999999999E-01  1.750000000000000E-01 -1.250000000000000E-01  2.625754300332648E+08
 -5.750000000000000E-01  1.750000000000000E-01 -1.250000000000000E-01  2.625754300332648E+08
 -6.250000000000000E-01  1.750000000000000E-01 -1.250000000000000E-01  2.625754300332648E+08
 -6.750000000000000E-01  1.750000000000000E-01 -1.250000000000000E-01  2.625754300332648E+08
 -7.250000000000001E-01  1.750000000000000E-01 -1.250000000000000E-01  2.625754300332648E+08
 -7.750000000000001E-01  1.750000000000000E-01 -1.250000000000000E-01  2.625754300332648E+08
 -2.500000000000000E-02  2.250000000000000E-01 -1.250000000000000E-01  2.625754300332648E+08
 -7.500000000000001E-02  2.250000000000000E-01 -1.250000000000000E-01  2.625754300332648E+08
 -1.250000000000000E-01  2.250000000000000E-01 -1.250000000000000E-01  2.625754300332648E+08
 -1.750000000000000E-01  2.250000000000000E-01 -1.250000000000000E-01  2.625754300332648E+08
 -2.250000000000000E-01  2.250000000000000E-01 -1.250000000000000E-01  2.625754300332648E+08
 -2.750000000000000E-01  2.250000000000000E-01 -1.250000000000000E-01  2.625754300332648E+08
 -3.250000000000000E-01  2.250000000000000E-01 -1.250000000000000E-01  2.625754300332648E+08
 -3.750000000000000E-01  2.250000000000000E-01 -1.250000000000000E-01  2.625754300332648E+08
 -4.250000000000000E-01  2.250000000000000E-01 -1.250000000000000E-01  2.625754300332648E+08
 -4.750000000000000E-01  2.250000000000000E-01 -1.250000000000000E-01  2.625754300332648E+08
 -5.249999999999999E-01  2.250000000000000E-01 -1.250000000000000E-01  2.625754300332648E+08
 -5.750000000000000E-01  2.250000000000000E-01 -1.250000000000000E-01  2.625754300332648E+08
 -6.250000000000000E-01  2.250000000000000E-01 -1.250000000000000E-01  2.625754300332648E+08
 -6.750000000000000E-01  2.250000000000000E-01 -1.250000000000000E-01  2.625754300332648E+08
 -7.250000000000001E-01  2.250000000000000E-01 -1.250000000000000E-01  2.625754300332648E+08
 -7.750000000000001E-01  2.250000000000000E-01 -1.250000000000000E-01  2.625754300332648E+08
 -2.500000000000000E-02  2.750000000000000E-01 -1.250000000000000E-01  2.625754300332648E+08
 -7.500000000000001E-02  2.750000000000000E-01 -1.250000000000000E-01  2.625754300332648E+08
 -1.250000000000000E-01  2.750000000000000E-01 -1.250000000000000E-01  2.625754300332648E+08
 -1.750000000000000E-01  2.750000000000000E-01 -1.250000000000000E-01  2.625754300332648E+08
 -2.250000000000000E-01  2.750000000000000E-01 -1.250000000000000E-01  2.625754300332648E+08
 -2.750000000000000E-01  2.750000000000000E-01 -1.250000000000000E-01  2.625754300332648E+08
 -3.250000000000000E-01  2.750000000000000E-01 -1.250000000000000E-01  2.625754300332648E+08
 -3.750000000000000E-01  2.750000000000000E-01 -1.250000000000000E-01  2.625754300332648E+08
 -4.250000000000000E-01  2.750000000000000E-01 -1.250000000000000E-01  2.625754300332648E+08
 -4.750000000000000E-01  2.750000000000000E-01 -1.250000000000000E-01  2.625754300332648E+08
 -5.249999999999999E-01  2.750000000000000E-01 -1.250000000000000E-01  2.625754300332648E+08
 -5.750000000000000E-01  2.750000000000000E-01 -1.250000000000000E-01  2.625754300332648E+08
 -6.250000000000000E-01  2.750000000000000E-01 -1.250000000000000E-01  2.625754300332648E+08
 -6.750000000000000E-01  2.750000000000000E-01 -1.250000000000000E-01  2.625754300332648E+08
 -7.250000000000001E-01  2.750000000000000E-01 -1.250000000000000E-01  2.625754300332648E+08
 -2.500000000000000E-02  3.250000000000000E-01 -1.250000000000000E-01  2.625754300332648E+08
 -7.500000000000001E-02  3.250000000000000E-01 -1.250000000000000E-01  2.625754300332648E+08
 -1.250000000000000E-01  3.250000000000000E-01 -1.250000000000000E-01  2.625754300332648E+08
 -1.750000000000000E-01  3.250000000000000E-01 -1.250000000000000E-01  2.625754300332648E+08
 -2.250000000000000E-01  3.250000000000000E-01 -1.250000000000000E-01  2.625754300332648E+08
 -2.750000000000000E-01  3.250000000000000E-01 -1.250000000000000E-01  2.625754300332648E+08
 -3.250000000000000E-01  3.250000000000000E-01 -1.250000000000000E-01  2.625754300332648E+08
 -3.750000000000000E-01  3.250000000000000E-01 -1.250000000000000E-01  2.625754300332648E+08
 -4.250000000000000E-01  3.250000000000000E-01 -1.250000000000000E-01  2.625754300332648E+08
 -4.750000000000000E-01  3.250000000000000E-01 -1.250000000000000E-01  2.625754300332648E+08
 -5.249999999999999E-01  3.250000000000000E-01 -1.250000000000000E-01  2.625754300332648E+08
 -5.750000000000000E-01  3.250000000000000E-01 -1.250000000000000E-01  2.625754300332648E+08
 -6.250000000000000E-01  3.250000000000000E-01 -1.250000000000000E-01  2.625754300332648E+08
 -6.750000000000000E-01  3.250000000000000E-01 -1.250000000000000E-01  2.625754300332648E+08
 -2.500000000000000E-02  3.750000000000000E-01 -1.250000000000000E-01  2.625754300332648E+08
 -7.500000000000001E-02  3.750000000000000E-01 -1.250000000000000E-01  2.625754300332648E+08
 -1.250000000000000E-01  3.750000000000000E-01 -1.250000000000000E-01  2.625754300332648E+08
 -1.750000000000000E-01  3.750000000000000E-01 -1.250000000000000E-01  2.625754300332648E+08
 -2.250000000000000E-01  3.750000000000000E-01 -1.250000000000000E-01  2.625754300332648E+08
 -2.750000000000000E-01  3.750000000000000E-01 -1.250000000000000E-01  2.625754300332648E+08
 -3.250000000000000E-01  3.750000000000000E-01 -1.250000000000000E-01  2.625754300332648E+08
 -3.750000000000000E-01  3.750000000000000E-01 -1.250000000000000E-01  2.625754300332648E+08
 -4.250000000000000E-01  3.750000000000000E-01 -1.250000000000000E-01  2.625754300332648E+08
 -4.750000000000000E-01  3.750000000000000E-01 -1.250000000000000E-01  2.625754300332648E+08
 -2.500000000000000E-02  2.500000000000000E-02 -1.750000000000000E-01  2.625754300332648E+08
 -7.500000000000001E-02  2.500000000000000E-02 -1.750000000000000E-01  2.625754300332648E+08
 -1.250000000000000E-01  2.500000000000000E-02 -1.750000000000000E-01  2.625754300332648E+08
 -1.750000000000000E-01  2.500000000000000E-02 -1.750000000000000E-01  2.625754300332648E+08
 -2.250000000000000E-01  2.500000000000000E-02 -1.750000000000000E-01  2.625754300332648E+08
 -2.750000000000000E-01  2.500000000000000E-02 -1.750000000000000E-01  2.625754300332648E+08
 -3.250000000000000E-01  2.500000000000000E-02 -1.750000000000000E-01  2.625754300332648E+08
 -3.750000000000000E-01  2.500000000000000E-02 -1.750000000000000E-01  2.625754300332648E+08
 -4.250000000000000E-01  2.500000000000000E-02 -1.750000000000000E-01  2.625754300332648E+08
 -4.750000000000000E-01  2.500000000000000E-02 -1.750000000000000E-01  2.625754300332648E+08
 -5.249999999999999E-01  2.500000000000000E-02 -1.750000000000000E-01  2.625754300332648E+08
 -5.750000000000000E-01  2.500000000000000E-02 -1.750000000000000E-01  2.625754300332648E+08
 -6.250000000000000E-01  2.500000000000000E-02 -1.750000000000000E-01  2.625754300332648E+08
 -6.750000000000000E-01  2.500000000000000E-02 -1.750000000000000E-01  2.625754300332648E+08
 -7.250000000000001E-01  2.500000000000000E-02 -1.750000000000000E-01  2.625754300332648E+08
 -2.500000000000000E-02  7.500000000000001E-02 -1.750000000000000E-01  2.625754300332648E+08
 -7.500000000000001E-02  7.500000000000001E-02 -1.750000000000000E-01  2.625754300332648E+08
 -1.250000000000000E-01  7.500000000000001E-02 -1.750000000000000E-01  2.625754300332648E+08
 -1.750000000000000E-01  7.500000000000001E-02 -1.750000000000000E-01  2.625754300332648E+08
 -2.250000000000000E-01  7.500000000000001E-02 -1.750000000000000E-01  2.625754300332648E+08
 -2.750000000000000E-01  7.500000000000001E-02 -1.750000000000000E-01  2.625754300332648E+08
 -3.250000000000000E-01  7.500000000000001E-02 -1.750000000000000E-01  2.625754300332648E+08
 -3.750000000000000E-01  7.500000000000001E-02 -1.750000000000000E-01  2.625754300332648E+08
 -4.250000000000000E-01  7.500000000000001E-02 -1.750000000000000E-01  2.625754300332648E+08
 -4.750000000000000E-01  7.500000000000001E-02 -1.750000000000000E-01  2.625754300332648E+08
 -5.249999999999999E-01  7.500000000000001E-02 -1.750000000000000E-01  2.625754300332648E+08
 -5.750000000000000E-01  7.500000000000001E-02 -1.750000000000000E-01  2.625754300332648E+08
 -6.250000000000000E-01  7.500000000000001E-02 -1.750000000000000E-01  2.625754300332648E+08
 -6.750000000000000E-01  7.500000000000001E-02 -1.750000000000000E-01  2.625754300332648E+08
 -7.250000000000001E-01  7.500000000000001E-02 -1.750000000000000E-01  2.625754300332648E+08
 -2.500000000000000E-02  1.250000000000000E-01 -1.750000000000000E-01  2.625754300332648E+08
 -7.500000000000001E-02  1.250000000000000E-01 -1.750000000000000E-01  2.625754300332648E+08
 -1.250000000000000E-01  1.250000000000000E-01 -1.750000000000000E-01  2.625754300332648E+08
 -1.750000000000000E-01  1.250000000000000E-01 -1.750000000000000E-01  2.625754300332648E+08
 -2.250000000000000E-01  1.250000000000000E-01 -1.750000000000000E-01  2.625754300332648E+08
 -2.750000000000000E-01  1.250000000000000E-01 -1.750000000000000E-01  2.625754300332648E+08
 -3.250000000000000E-01  1.250000000000000E-01 -1.750000000000000E-01  2.625754300332648E+08
 -3.750000000000000E-01  1.250000000000000E-01 -1.750000000000000E-01  2.625754300332648E+08
 -4.250000000000000E-01  1.250000000000000E-01 -1.750000000000000E-01  2.625754300332648E+08
 -4.750000000000000E-01  1.250000000000000E-01 -1.750000000000000E-01  2.625754300332648E+08
 -5.249999999999999E-01  1.250000000000000E-01 -1.750000000000000E-01  2.625754300332648E+08
 -5.750000000000000E-01  1.250000000000000E-01 -1.750000000000000E-01  2.625754300332648E+08
 -6.250000000000000E-01  1.250000000000000E-01 -1.750000000000000E-01  2.625754300332648E+08
 -6.750000000000000E-01  1.250000000000000E-01 -1.750000000000000E-01  2.625754300332648E+08
 -7.250000000000001E-01  1.250000000000000E-01 -1.750000000000000E-01  2.625754300332648E+08
 -2.500000000000000E-02  1.750000000000000E-01 -1.750000000000000E-01  2.625754300332648E+08
 -7.500000000000001E-02  1.750000000000000E-01 -1.750000000000000E-01  2.625754300332648E+08
 -1.250000000000000E-01  1.750000000000000E-01 -1.750000000000000E-01  2.625754300332648E+08
 -1.750000000000000E-01  1.750000000000000E-01 -1.750000000000000E-01  2.625754300332648E+08
 -2.250000000000000E-01  1.750000000000000E-01 -1.750000000000000E-01  2.625754300332648E+08
 -2.750000000000000E-01  1.750000000000000E-01 -1.750000000000000E-01  2.625754300332648E+08
 -3.250000000000000E-01  1.750000000000000E-01 -1.750000000000000E-01  2.625754300332648E+08
 -3.750000000000000E-01  1.750000000000000E-01 -1.750000000000000E-01  2.625754300332648E+08
 -4.250000000000000E-01  1.750000000000000E-01 -1.750000000000000E-01  2.625754300332648E+08
 -4.750000000000000E-01  1.750000000000000E-01 -1.750000000000000E-01  2.625754300332648E+08
 -5.249999999999999E-01  1.750000000000000E-01 -1.750000000000000E-01  2.625754300332648E+08
 -5.750000000000000E-01  1.750000000000000E-01 -1.750000000000000E-01  2.625754300332648E+08
 -6.250000000000000E-01  1.750000000000000E-01 -1.750000000000000E-01  2.625754300332648E+08
 -6.750000000000000E-01  1.750000000000000E-01 -1.750000000000000E-01  2.625754300332648E+08
 -7.250000000000001E-01  1.750000000000000E-01 -1.750000000000000E-01  2.625754300332648E+08
 -2.500000000000000E-02  2.250000000000000E-01 -1.750000000000000E-01  2.625754300332648E+08
 -7.500000000000001E-02  2.250000000000000E-01 -1.750000000000000E-01  2.625754300332648E+08
 -1.250000000000000E-01  2.250000000000000E-01 -1.750000000000000E-01  2.625754300332648E+08
 -1.750000000000000E-01  2.250000000000000E-01 -1.750000000000000E-01  2.625754300332648E+08
 -2.250000000000000E-01  2.250000000000000E-01 -1.750000000000000E-01  2.625754300332648E+08
 -2.750000000000000E-01  2.250000000000000E-01 -1.750000000000000E-01  2.625754300332648E+08
 -3.250000000000000E-01  2.250000000000000E-01 -1.750000000000000E-01  2.625754300332648E+08
 -3.750000000000000E-01  2.250000000000000E-01 -1.750000000000000E-01  2.625754300332648E+08
 -4.250000000000000E-01  2.250000000000000E-01 -1.750000000000000E-01  2.625754300332648E+08
 -4.750000000000000E-01  2.250000000000000E-01 -1.750000000000000E-01  2.625754300332648E+08
 -5.249999999999999E-01  2.250000000000000E-01 -1.750000000000000E-01  2.625754300332648E+08
 -5.750000000000000E-01  2.250000000000000E-01 -1.750000000000000E-01  2.625754300332648E+08
 -6.250000000000000E-01  2.250000000000000E-01 -1.750000000000000E-01  2.625754300332648E+08
 -6.750000000000000E-01  2.250000000000000E-01 -1.750000000000000E-01  2.625754300332648E+08
 -2.500000000000000E-02  2.750000000000000E-01 -1.750000000000000E-01  2.625754300332648E+08
 -7.500000000000001E-02  2.750000000000000E-01 -1.750000000000000E-01  2.625754300332648E+08
 -1.250000000000000E-01  2.750000000000000E-01 -1.750000000000000E-01  2.625754300332648E+08
 -1.750000000000000E-01  2.750000000000000E-01 -1.750000000000000E-01  2.625754300332648E+08
 -2.250000000000000E-01  2.750000000000000E-01 -1.750000000000000E-01  2.625754300332648E+08
 -2.750000000000000E-01  2.750000000000000E-01 -1.750000000000000E-01  2.625754300332648E+08
 -3.250000000000000E-01  2.750000000000000E-01 -1.750000000000000E-01  2.625754300332648E+08
 -3.750000000000000E-01  2.750000000000000E-01 -1.750000000000000E-01  2.625754300332648E+08
 -4.250000000000000E-01  2.750000000000000E-01 -1.750000000000000E-01  2.625754300332648E+08
 -4.750000000000000E-01  2.750000000000000E-01 -1.750000000000000E-01  2.625754300332648E+08
 -5.249999999999999E-01  2.750000000000000E-01 -1.750000000000000E-01  2.625754300332648E+08
 -5.750000000000000E-01  2.750000000000000E-01 -1.750000000000000E-01  2.625754300332648E+08
 -6.250000000000000E-01  2.750000000000000E-01 -1.750000000000000E-01  2.625754300332648E+08
 -6.750000000000000E-01  2.750000000000000E-01 -1.750000000000000E-01  2.625754300332648E+08
 -2.500000000000000E-02  3.250000000000000E-01 -1.750000000000000E-01  2.625754300332648E+08
 -7.500000000000001E-02  3.250000000000000E-01 -1.750000000000000E-01  2.625754300332648E+08
 -1.250000000000000E-01  3.250000000000000E-01 -1.750000000000000E-01  2.625754300332648E+08
 -1.750000000000000E-01  3.250000000000000E-01 -1.750000000000000E-01  2.625754300332648E+08
 -2.250000000000000E-01  3.250000000000000E-01 -1.750000000000000E-01  2.625754300332648E+08
 -2.750000000000000E-01  3.250000000000000E-01 -1.750000000000000E-01  2.625754300332648E+08
 -3.250000000000000E-01  3.250000000000000E-01 -1.750000000000000E-01  2.625754300332648E+08
 -3.750000000000000E-01  3.250000000000000E-01 -1.750000000000000E-01  2.625754300332648E+08
 -4.250000000000000E-01  3.250000000000000E-01 -1.750000000000000E-01  2.625754300332648E+08
 -4.750000000000000E-01  3.250000000000000E-01 -1.750000000000000E-01  2.625754300332648E+08
 -5.249999999999999E-01  3.250000000000000E-01 -1.750000000000000E-01  2.625754300332648E+08
 -5.750000000000000E-01  3.250000000000000E-01 -1.750000000000000E-01  2.625754300332648E+08
 -2.500000000000000E-02  2.500000000000000E-02 -2.250000000000000E-01  2.625754300332648E+08
 -7.500000000000001E-02  2.500000000000000E-02 -2.250000000000000E-01  2.625754300332648E+08
 -1.250000000000000E-01  2.500000000000000E-02 -2.250000000000000E-01  2.625754300332648E+08
 -1.750000000000000E-01  2.500000000000000E-02 -2.250000000000000E-01  2.625754300332648E+08
 -2.250000000000000E-01  2.500000000000000E-02 -2.250000000000000E-01  2.625754300332648E+08
 -2.750000000000000E-01  2.500000000000000E-02 -2.250000000000000E-01  2.625754300332648E+08
 -3.250000000000000E-01  2.500000000000000E-02 -2.250000000000000E-01  2.625754300332648E+08
 -3.750000000000000E-01  2.500000000000000E-02 -2.250000000000000E-01  2.625754300332648E+08
 -4.250000000000000E-01  2.500000000000000E-02 -2.250000000000000E-01  2.625754300332648E+08
 -4.750000000000000E-01  2.500000000000000E-02 -2.250000000000000E-01  2.625754300332648E+08
 -5.249999999999999E-01  2.500000000000000E-02 -2.250000000000000E-01  2.625754300332648E+08
 -5.750000000000000E-01  2.500000000000000E-02 -2.250000000000000E-01  2.625754300332648E+08
 -6.250000000000000E-01  2.500000000000000E-02 -2.250000000000000E-01  2.625754300332648E+08
 -2.500000000000000E-02  7.500000000000001E-02 -2.250000000000000E-01  2.625754300332648E+08
 -7.500000000000001E-02  7.500000000000001E-02 -2.250000000000000E-01  2.625754300332648E+08
 -1.250000000000000E-01  7.500000000000001E-02 -2.250000000000000E-01  2.625754300332648E+08
 -1.750000000000000E-01  7.500000000000001E-02 -2.250000000000000E-01  2.625754300332648E+08
 -2.250000000000000E-01  7.500000000000001E-02 -2.250000000000000E-01  2.625754300332648E+08
 -2.750000000000000E-01  7.500000000000001E-02 -2.250000000000000E-01  2.625754300332648E+08
 -3.250000000000000E-01  7.500000000000001E-02 -2.250000000000000E-01  2.625754300332648E+08
 -3.750000000000000E-01  7.500000000000001E-02 -2.250000000000000E-01  2.625754300332648E+08
 -4.250000000000000E-01  7.500000000000001E-02 -2.250000000000000E-01  2.625754300332648E+08
 -4.750000000000000E-01  7.500000000000001E-02 -2.250000000000000E-01  2.625754300332648E+08
 -5.249999999999999E-01  7.500000000000001E-02 -2.250000000000000E-01  2.625754300332648E+08
 -5.750000000000000E-01  7.500000000000001E-02 -2.250000000000000E-01  2.625754300332648E+08
 -6.250000000000000E-01  7.500000000000001E-02 -2.250000000000000E-01  2.625754300332648E+08
 -6.750000000000000E-01  7.500000000000001E-02 -2.250000000000000E-01  2.625754300332648E+08
 -2.500000000000000E-02  1.250000000000000E-01 -2.250000000000000E-01  2.625754300332648E+08
 -7.500000000000001E-02  1.250000000000000E-01 -2.250000000000000E-01  2.625754300332648E+08
 -1.250000000000000E-01  1.250000000000000E-01 -2.250000000000000E-01  2.625754300332648E+08
 -1.750000000000000E-01  1.250000000000000E-01 -2.250000000000000E-01  2.625754300332648E+08
 -2.250000000000000E-01  1.250000000000000E-01 -2.250000000000000E-01  2.625754300332648E+08
 -2.750000000000000E-01  1.250000000000000E-01 -2.250000000000000E-01  2.625754300332648E+08
 -3.250000000000000E-01  1.250000000000000E-01 -2.250000000000000E-01  2.625754300332648E+08
 -3.750000000000000E-01  1.250000000000000E-01 -2.250000000000000E-01  2.625754300332648E+08
 -4.250000000000000E-01  1.250000000000000E-01 -2.250000000000000E-01  2.625754300332648E+08
 -4.750000000000000E-01  1.250000000000000E-01 -2.250000000000000E-01  2.625754300332648E+08
 -5.249999999999999E-01  1.250000000000000E-01 -2.250000000000000E-01  2.625754300332648E+08
 -5.750000000000000E-01  1.250000000000000E-01 -2.250000000000000E-01  2.625754300332648E+08
 -6.250000000000000E-01  1.250000000000000E-01 -2.250000000000000E-01  2.625754300332648E+08
 -6.750000000000000E-01  1.250000000000000E-01 -2.250000000000000E-01  2.625754300332648E+08
 -2.500000000000000E-02  1.750000000000000E-01 -2.250000000000000E-01  2.625754300332648E+08
 -7.500000000000001E-02  1.750000000000000E-01 -2.250000000000000E-01  2.625754300332648E+08
 -1.250000000000000E-01  1.750000000000000E-01 -2.250000000000000E-01  2.625754300332648E+08
 -1.750000000000000E-01  1.750000000000000E-01 -2.250000000000000E-01  2.625754300332648E+08
 -2.250000000000000E-01  1.750000000000000E-01 -2.250000000000000E-01  2.625754300332648E+08
 -2.750000000000000E-01  1.750000000000000E-01 -2.250000000000000E-01  2.625754300332648E+08
 -3.250000000000000E-01  1.750000000000000E-01 -2.250000000000000E-01  2.625754300332648E+08
 -3.750000000000000E-01  1.750000000000000E-01 -2.250000000000000E-01  2.625754300332648E+08
 -4.250000000000000E-01  1.750000000000000E-01 -2.250000000000000E-01  2.625754300332648E+08
 -4.750000000000000E-01  1.750000000000000E-01 -2.250000000000000E-01  2.625754300332648E+08
 -5.249999999999999E-01  1.750000000000000E-01 -2.250000000000000E-01  2.625754300332648E+08
 -5.750000000000000E-01  1.750000000000000E-01 -2.250000000000000E-01  2.625754300332648E+08
 -6.250000000000000E-01  1.750000000000000E-01 -2.250000000000000E-01  2.625754300332648E+08
 -2.500000000000000E-02  2.250000000000000E-01 -2.250000000000000E-01  2.625754300332648E+08
 -7.500000000000001E-02  2.250000000000000E-01 -2.250000000000000E-01  2.625754300332648E+08
 -1.250000000000000E-01  2.250000000000000E-01 -2.250000000000000E-01  2.625754300332648E+08
 -1.750000000000000E-01  2.250000000000000E-01 -2.250000000000000E-01  2.625754300332648E+08
 -2.250000000000000E-01  2.250000000000000E-01 -2.250000000000000E-01  2.625754300332648E+08
 -2.750000000000000E-01  2.250000000000000E-01 -2.250000000000000E-01  2.625754300332648E+08
 -3.250000000000000E-01  2.250000000000000E-01 -2.250000000000000E-01  2.625754300332648E+08
 -3.750000000000000E-01  2.250000000000000E-01 -2.250000000000000E-01  2.625754300332648E+08
 -4.250000000000000E-01  2.250000000000000E-01 -2.250000000000000E-01  2.625754300332648E+08
 -4.750000000000000E-01  2.250000000000000E-01 -2.250000000000000E-01  2.625754300332648E+08
 -5.249999999999999E-01  2.250000000000000E-01 -2.250000000000000E-01  2.625754300332648E+08
 -5.750000000000000E-01  2.250000000000000E-01 -2.250000000000000E-01  2.625754300332648E+08
 -6.250000000000000E-01  2.250000000000000E-01 -2.250000000000000E-01  2.625754300332648E+08
 -2.500000000000000E-02  2.750000000000000E-01 -2.250000000000000E-01  2.625754300332648E+08
 -7.500000000000001E-02  2.750000000000000E-01 -2.250000000000000E-01  2.625754300332648E+08
 -1.250000000000000E-01  2.750000000000000E-01 -2.250000000000000E-01  2.625754300332648E+08
 -1.750000000000000E-01  2.750000000000000E-01 -2.250000000000000E-01  2.625754300332648E+08
 -2.250000000000000E-01  2.750000000000000E-01 -2.250000000000000E-01  2.625754300332648E+08
 -2.750000000000000E-01  2.750000000000000E-01 -2.250000000000000E-01  2.625754300332648E+08
 -3.250000000000000E-01  2.750000000000000E-01 -2.250000000000000E-01  2.625754300332648E+08
 -3.750000000000000E-01  2.750000000000000E-01 -2.250000000000000E-01  2.625754300332648E+08
 -4.250000000000000E-01  2.750000000000000E-01 -2.250000000000000E-01  2.625754300332648E+08
 -4.750000000000000E-01  2.750000000000000E-01 -2.250000000000000E-01  2.625754300332648E+08
 -5.249999999999999E-01  2.750000000000000E-01 -2.250000000000000E-01  2.625754300332648E+08
 -2.500000000000000E-02  3.250000000000000E-01 -2.250000000000000E-01  2.625754300332648E+08
 -7.500000000000001E-02  3.250000000000000E-01 -2.250000000000000E-01  2.625754300332648E+08
 -1.250000000000000E-01  3.250000000000000E-01 -2.250000000000000E-01  2.625754300332648E+08
 -2.500000000000000E-02  2.500000000000000E-02 -2.750000000000000E-01  2.625754300332648E+08
 -7.500000000000001E-02  2.500000000000000E-02 -2.750000000000000E-01  2.625754300332648E+08
 -1.250000000000000E-01  2.500000000000000E-02 -2.750000000000000E-01  2.625754300332648E+08
 -1.750000000000000E-01  2.500000000000000E-02 -2.750000000000000E-01  2.625754300332648E+08
 -2.250000000000000E-01  2.500000000000000E-02 -2.750000000000000E-01  2.625754300332648E+08
 -2.750000000000000E-01  2.500000000000000E-02 -2.750000000000000E-01  2.625754300332648E+08
 -3.250000000000000E-01  2.500000000000000E-02 -2.750000000000000E-01  2.625754300332648E+08
 -3.750000000000000E-01  2.500000000000000E-02 -2.750000000000000E-01  2.625754300332648E+08
 -4.250000000000000E-01  2.500000000000000E-02 -2.750000000000000E-01  2.625754300332648E+08
 -4.750000000000000E-01  2.500000000000000E-02 -2.750000000000000E-01  2.625754300332648E+08
 -5.249999999999999E-01  2.500000000000000E-02 -2.750000000000000E-01  2.625754300332648E+08
 -2.500000000000000E-02  7.500000000000001E-02 -2.750000000000000E-01  2.625754300332648E+08
 -7.500000000000001E-02  7.500000000000001E-02 -2.750000000000000E-01  2.625754300332648E+08
 -1.250000000000000E-01  7.500000000000001E-02 -2.750000000000000E-01  2.625754300332648E+08
 -1.750000000000000E-01  7.500000000000001E-02 -2.750000000000000E-01  2.625754300332648E+08
 -2.250000000000000E-01  7.500000000000001E-02 -2.750000000000000E-01  2.625754300332648E+08
 -2.750000000000000E-01  7.500000000000001E-02 -2.750000000000000E-01  2.625754300332648E+08
 -3.250000000000000E-01  7.500000000000001E-02 -2.750000000000000E-01  2.625754300332648E+08
 -3.750000000000000E-01  7.500000000000001E-02 -2.750000000000000E-01  2.625754300332648E+08
 -4.250000000000000E-01  7.500000000000001E-02 -2.750000000000000E-01  2.625754300332648E+08
 -4.750000000000000E-01  7.500000000000001E-02 -2.750000000000000E-01  2.625754300332648E+08
 -5.249999999999999E-01  7.500000000000001E-02 -2.750000000000000E-01  2.625754300332648E+08
 -2.500000000000000E-02  1.250000000000000E-01 -2.750000000000000E-01  2.625754300332648E+08
 -7.500000000000001E-02  1.250000000000000E-01 -2.750000000000000E-01  2.625754300332648E+08
 -1.250000000000000E-01  1.250000000000000E-01 -2.750000000000000E-01  2.625754300332648E+08
 -1.750000000000000E-01  1.250000000000000E-01 -2.750000000000000E-01  2.625754300332648E+08
 -2.250000000000000E-01  1.250000000000000E-01 -2.750000000000000E-01  2.625754300332648E+08
 -2.750000000000000E-01  1.250000000000000E-01 -2.750000000000000E-01  2.625754300332648E+08
 -3.250000000000000E-01  1.250000000000000E-01 -2.750000000000000E-01  2.625754300332648E+08
 -3.750000000000000E-01  1.250000000000000E-01 -2.750000000000000E-01  2.625754300332648E+08
 -4.250000000000000E-01  1.250000000000000E-01 -2.750000000000000E-01  2.625754300332648E+08
 -4.750000000000000E-01  1.250000000000000E-01 -2.750000000000000E-01  2.625754300332648E+08
 -5.249999999999999E-01  1.250000000000000E-01 -2.750000000000000E-01  2.625754300332648E+08
 -2.500000000000000E-02  1.750000000000000E-01 -2.750000000000000E-01  2.625754300332648E+08
 -7.500000000000001E-02  1.750000000000000E-01 -2.750000000000000E-01  2.625754300332648E+08
 -1.250000000000000E-01  1.750000000000000E-01 -2.750000000000000E-01  2.625754300332648E+08
 -1.750000000000000E-01  1.750000000000000E-01 -2.750000000000000E-01  2.625754300332648E+08
 -2.250000000000000E-01  1.750000000000000E-01 -2.750000000000000E-01  2.625754300332648E+08
 -2.750000000000000E-01  1.750000000000000E-01 -2.750000000000000E-01  2.625754300332648E+08
 -3.250000000000000E-01  1.750000000000000E-01 -2.750000000000000E-01  2.625754300332648E+08
 -3.750000000000000E-01  1.750000000000000E-01 -2.750000000000000E-01  2.625754300332648E+08
 -4.250000000000000E-01  1.750000000000000E-01 -2.750000000000000E-01  2.625754300332648E+08
 -4.750000000000000E-01  1.750000000000000E-01 -2.750000000000000E-01  2.625754300332648E+08
 -2.500000000000000E-02  2.250000000000000E-01 -2.750000000000000E-01  2.625754300332648E+08
 -7.500000000000001E-02  2.250000000000000E-01 -2.750000000000000E-01  2.625754300332648E+08
 -1.250000000000000E-01  2.250000000000000E-01 -2.750000000000000E-01  2.625754300332648E+08
 -1.750000000000000E-01  2.250000000000000E-01 -2.750000000000000E-01  2.625754300332648E+08
 -2.250000000000000E-01  2.250000000000000E-01 -2.750000000000000E-01  2.625754300332648E+08
 -2.750000000000000E-01  2.250000000000000E-01 -2.750000000000000E-01  2.625754300332648E+08
 -2.500000000000000E-02  2.750000000000000E-01 -2.750000000000000E-01  2.625754300332648E+08
 -7.500000000000001E-02  2.750000000000000E-01 -2.750000000000000E-01  2.625754300332648E+08
 -1.250000000000000E-01  2.750000000000000E-01 -2.750000000000000E-01  2.625754300332648E+08
 -2.500000000000000E-02  2.500000000000000E-02 -3.250000000000000E-01  2.625754300332648E+08
 -7.500000000000001E-02  2.500000000000000E-02 -3.250000000000000E-01  2.625754300332648E+08
 -1.250000000000000E-01  2.500000000000000E-02 -3.250000000000000E-01  2.625754300332648E+08
 -1.750000000000000E-01  2.500000000000000E-02 -3.250000000000000E-01  2.625754300332648E+08
 -2.250000000000000E-01  2.500000000000000E-02 -3.250000000000000E-01  2.625754300332648E+08
 -2.750000000000000E-01  2.500000000000000E-02 -3.250000000000000E-01  2.625754300332648E+08
 -3.250000000000000E-01  2.500000000000000E-02 -3.250000000000000E-01  2.625754300332648E+08
 -3.750000000000000E-01  2.500000000000000E-02 -3.250000000000000E-01  2.625754300332648E+08
 -2.500000000000000E-02  7.500000000000001E-02 -3.250000000000000E-01  2.625754300332648E+08
 -7.500000000000001E-02  7.500000000000001E-02 -3.250000000000000E-01  2.625754300332648E+08
 -1.250000000000000E-01  7.500000000000001E-02 -3.250000000000000E-01  2.625754300332648E+08
 -1.750000000000000E-01  7.500000000000001E-02 -3.250000000000000E-01  2.625754300332648E+08
 -2.250000000000000E-01  7.500000000000001E-02 -3.250000000000000E-01  2.625754300332648E+08
 -2.750000000000000E-01  7.500000000000001E-02 -3.250000000000000E-01  2.625754300332648E+08
 -3.250000000000000E-01  7.500000000000001E-02 -3.250000000000000E-01  2.625754300332648E+08
 -2.500000000000000E-02  1.250000000000000E-01 -3.250000000000000E-01  2.625754300332648E+08
 -7.500000000000001E-02  1.250000000000000E-01 -3.250000000000000E-01  2.625754300332648E+08
 -1.250000000000000E-01  1.250000000000000E-01 -3.250000000000000E-01  2.625754300332648E+08
 -1.750000000000000E-01  1.250000000000000E-01 -3.250000000000000E-01  2.625754300332648E+08
 -2.250000000000000E-01  1.250000000000000E-01 -3.250000000000000E-01  2.625754300332648E+08
 -2.500000000000000E-02  1.750000000000000E-01 -3.250000000000000E-01  2.625754300332648E+08
 -7.500000000000001E-02  1.750000000000000E-01 -3.250000000000000E-01  2.625754300332648E+08
 -1.250000000000000E-01  1.750000000000000E-01 -3.250000000000000E-01  2.625754300332648E+08
 -1.750000000000000E-01  1.750000000000000E-01 -3.250000000000000E-01  2.625754300332648E+08
 -2.500000000000000E-02  2.250000000000000E-01 -3.250000000000000E-01  2.625754300332648E+08
 -7.500000000000001E-02  2.250000000000000E-01 -3.250000000000000E-01  2.625754300332648E+08
 -2.500000000000000E-02  2.500000000000000E-02 -3.750000000000000E-01  2.625754300332648E+08
 -2.500000000000000E-02  7.500000000000001E-02 -3.750000000000000E-01  2.625754300332648E+08
 -7.500000000000001E-02  7.500000000000001E-02 -3.750000000000000E-01  2.625754300332648E+08
 -2.500000000000000E-02  1.250000000000000E-01 -3.750000000000000E-01  2.625754300332648E+08
 -7.500000000000001E-02  1.250000000000000E-01 -3.750000000000000E-01  2.625754300332648E+08
 -2.500000000000000E-02  1.750000000000000E-01 -3.750000000000000E-01  2.625754300332648E+08
 -2.500000000000000E-02 -2.500000000000000E-02 -2.500000000000000E-02  2.625754300332648E+08
 -7.500000000000001E-02 -2.500000000000000E-02 -2.500000000000000E-02  2.625754300332648E+08
 -1.250000000000000E-01 -2.500000000000000E-02 -2.500000000000000E-02  2.625754300332648E+08
 -1.750000000000000E-01 -2.500000000000000E-02 -2.500000000000000E-02  2.625754300332648E+08
 -2.250000000000000E-01 -2.500000000000000E-02 -2.500000000000000E-02  2.625754300332648E+08
 -2.750000000000000E-01 -2.500000000000000E-02 -2.500000000000000E-02  2.625754300332648E+08
 -3.250000000000000E-01 -2.500000000000000E-02 -2.500000000000000E-02  2.625754300332648E+08
 -3.750000000000000E-01 -2.500000000000000E-02 -2.500000000000000E-02  2.625754300332648E+08
 -4.250000000000000E-01 -2.500000000000000E-02 -2.500000000000000E-02  2.625754300332648E+08
 -4.750000000000000E-01 -2.500000000000000E-02 -2.500000000000000E-02  2.625754300332648E+08
 -5.249999999999999E-01 -2.500000000000000E-02 -2.500000000000000E-02  2.625754300332648E+08
 -5.750000000000000E-01 -2.500000000000000E-02 -2.500000000000000E-02  2.625754300332648E+08
 -6.250000000000000E-01 -2.500000000000000E-02 -2.500000000000000E-02  2.625754300332648E+08
 -6.750000000000000E-01 -2.500000000000000E-02 -2.500000000000000E-02  2.625754300332648E+08
 -7.250000000000001E-01 -2.500000000000000E-02 -2.500000000000000E-02  2.625754300332648E+08
 -7.750000000000001E-01 -2.500000000000000E-02 -2.500000000000000E-02  2.625754300332648E+08
 -2.500000000000000E-02 -7.500000000000001E-02 -2.500000000000000E-02  2.625754300332648E+08
 -7.500000000000001E-02 -7.500000000000001E-02 -2.500000000000000E-02  2.625754300332648E+08
 -1.250000000000000E-01 -7.500000000000001E-02 -2.500000000000000E-02  2.625754300332648E+08
 -1.750000000000000E-01 -7.500000000000001E-02 -2.500000000000000E-02  2.625754300332648E+08
 -2.250000000000000E-01 -7.500000000000001E-02 -2.500000000000000E-02  2.625754300332648E+08
 -2.750000000000000E-01 -7.500000000000001E-02 -2.500000000000000E-02  2.625754300332648E+08
 -3.250000000000000E-01 -7.500000000000001E-02 -2.500000000000000E-02  2.625754300332648E+08
 -3.750000000000000E-01 -7.500000000000001E-02 -2.500000000000000E-02  2.625754300332648E+08
 -4.250000000000000E-01 -7.500000000000001E-02 -2.500000000000000E-02  2.625754300332648E+08
 -4.750000000000000E-01 -7.500000000000001E-02 -2.500000000000000E-02  2.625754300332648E+08
 -5.249999999999999E-01 -7.500000000000001E-02 -2.500000000000000E-02  2.625754300332648E+08
 -5.750000000000000E-01 -7.500000000000001E-02 -2.500000000000000E-02  2.625754300332648E+08
 -6.250000000000000E-01 -7.500000000000001E-02 -2.500000000000000E-02  2.625754300332648E+08
 -6.750000000000000E-01 -7.500000000000001E-02 -2.500000000000000E-02  2.625754300332648E+08
 -7.250000000000001E-01 -7.500000000000001E-02 -2.500000000000000E-02  2.625754300332648E+08
 -7.750000000000001E-01 -7.500000000000001E-02 -2.500000000000000E-02  2.625754300332648E+08
 -2.500000000000000E-02 -1.250000000000000E-01 -2.500000000000000E-02  2.625754300332648E+08
 -7.500000000000001E-02 -1.250000000000000E-01 -2.500000000000000E-02  2.625754300332648E+08
 -1.250000000000000E-01 -1.250000000000000E-01 -2.500000000000000E-02  2.625754300332648E+08
 -1.750000000000000E-01 -1.250000000000000E-01 -2.500000000000000E-02  2.625754300332648E+08
 -2.250000000000000E-01 -1.250000000000000E-01 -2.500000000000000E-02  2.625754300332648E+08
 -2.750000000000000E-01 -1.250000000000000E-01 -2.500000000000000E-02  2.625754300332648E+08
 -3.250000000000000E-01 -1.250000000000000E-01 -2.500000000000000E-02  2.625754300332648E+08
 -3.750000000000000E-01 -1.250000000000000E-01 -2.500000000000000E-02  2.625754300332648E+08
 -4.250000000000000E-01 -1.250000000000000E-01 -2.500000000000000E-02  2.625754300332648E+08
 -4.750000000000000E-01 -1.250000000000000E-01 -2.500000000000000E-02  2.625754300332648E+08
 -5.249999999999999E-01 -1.250000000000000E-01 -2.500000000000000E-02  2.625754300332648E+08
 -5.750000000000000E-01 -1.250000000000000E-01 -2.500000000000000E-02  2.625754300332648E+08
 -6.250000000000000E-01 -1.250000000000000E-01 -2.500000000000000E-02  2.625754300332648E+08
 -6.750000000000000E-01 -1.250000000000000E-01 -2.500000000000000E-02  2.625754300332648E+08
 -7.250000000000001E-01 -1.250000000000000E-01 -2.500000000000000E-02  2.625754300332648E+08
 -2.500000000000000E-02 -1.750000000000000E-01 -2.500000000000000E-02  2.625754300332648E+08
 -7.500000000000001E-02 -1.750000000000000E-01 -2.500000000000000E-02  2.625754300332648E+08
 -1.250000000000000E-01 -1.750000000000000E-01 -2.500000000000000E-02  2.625754300332648E+08
 -1.750000000000000E-01 -1.750000000000000E-01 -2.500000000000000E-02  2.625754300332648E+08
 -2.250000000000000E-01 -1.750000000000000E-01 -2.500000000000000E-02  2.625754300332648E+08
 -2.750000000000000E-01 -1.750000000000000E-01 -2.500000000000000E-02  2.625754300332648E+08
 -3.250000000000000E-01 -1.750000000000000E-01 -2.500000000000000E-02  2.625754300332648E+08
 -3.750000000000000E-01 -1.750000000000000E-01 -2.500000000000000E-02  2.625754300332648E+08
 -4.250000000000000E-01 -1.750000000000000E-01 -2.500000000000000E-02  2.625754300332648E+08
 -4.750000000000000E-01 -1.750000000000000E-01 -2.500000000000000E-02  2.625754300332648E+08
 -5.249999999999999E-01 -1.750000000000000E-01 -2.500000000000000E-02  2.625754300332648E+08
 -5.750000000000000E-01 -1.750000000000000E-01 -2.500000000000000E-02  2.625754300332648E+08
 -6.250000000000000E-01 -1.750000000000000E-01 -2.500000000000000E-02  2.625754300332648E+08
 -6.750000000000000E-01 -1.750000000000000E-01 -2.500000000000000E-02  2.625754300332648E+08
 -7.250000000000001E-01 -1.750000000000000E-01 -2.500000000000000E-02  2.625754300332648E+08
 -2.500000000000000E-02 -2.250000000000000E-01 -2.500000000000000E-02  2.625754300332648E+08
 -7.500000000000001E-02 -2.250000000000000E-01 -2.500000000000000E-02  2.625754300332648E+08
 -1.250000000000000E-01 -2.250000000000000E-01 -2.500000000000000E-02  2.625754300332648E+08
 -1.750000000000000E-01 -2.250000000000000E-01 -2.500000000000000E-02  2.625754300332648E+08
 -2.250000000000000E-01 -2.250000000000000E-01 -2.500000000000000E-02  2.625754300332648E+08
 -2.750000000000000E-01 -2.250000000000000E-01 -2.500000000000000E-02  2.625754300332648E+08
 -3.250000000000000E-01 -2.250000000000000E-01 -2.500000000000000E-02  2.625754300332648E+08
 -3.750000000000000E-01 -2.250000000000000E-01 -2.500000000000000E-02  2.625754300332648E+08
 -4.250000000000000E-01 -2.250000000000000E-01 -2.500000000000000E-02  2.625754300332648E+08
 -4.750000000000000E-01 -2.250000000000000E-01 -2.500000000000000E-02  2.625754300332648E+08
 -5.249999999999999E-01 -2.250000000000000E-01 -2.500000000000000E-02  2.625754300332648E+08
 -5.750000000000000E-01 -2.250000000000000E-01 -2.500000000000000E-02  2.625754300332648E+08
 -6.250000000000000E-01 -2.250000000000000E-01 -2.500000000000000E-02  2.625754300332648E+08
 -6.750000000000000E-01 -2.250000000000000E-01 -2.500000000000000E-02  2.625754300332648E+08
 -2.500000000000000E-02 -2.750000000000000E-01 -2.500000000000000E-02  2.625754300332648E+08
 -7.500000000000001E-02 -2.750000000000000E-01 -2.500000000000000E-02  2.625754300332648E+08
 -1.250000000000000E-01 -2.750000000000000E-01 -2.500000000000000E-02  2.625754300332648E+08
 -1.750000000000000E-01 -2.750000000000000E-01 -2.500000000000000E-02  2.625754300332648E+08
 -2.250000000000000E-01 -2.750000000000000E-01 -2.500000000000000E-02  2.625754300332648E+08
 -2.750000000000000E-01 -2.750000000000000E-01 -2.500000000000000E-02  2.625754300332648E+08
 -3.250000000000000E-01 -2.750000000000000E-01 -2.500000000000000E-02  2.625754300332648E+08
 -3.750000000000000E-01 -2.750000000000000E-01 -2.500000000000000E-02  2.625754300332648E+08
 -4.250000000000000E-01 -2.750000000000000E-01 -2.500000000000000E-02  2.625754300332648E+08
 -4.750000000000000E-01 -2.750000000000000E-01 -2.500000000000000E-02  2.625754300332648E+08
 -5.249999999999999E-01 -2.750000000000000E-01 -2.500000000000000E-02  2.625754300332648E+08
 -5.750000000000000E-01 -2.750000000000000E-01 -2.500000000000000E-02  2.625754300332648E+08
 -6.250000000000000E-01 -2.750000000000000E-01 -2.500000000000000E-02  2.625754300332648E+08
 -6.750000000000000E-01 -2.750000000000000E-01 -2.500000000000000E-02  2.625754300332648E+08
 -2.500000000000000E-02 -3.250000000000000E-01 -2.500000000000000E-02  2.625754300332648E+08
 -7.500000000000001E-02 -3.250000000000000E-01 -2.500000000000000E-02  2.625754300332648E+08
 -1.250000000000000E-01 -3.250000000000000E-01 -2.500000000000000E-02  2.625754300332648E+08
 -1.750000000000000E-01 -3.250000000000000E-01 -2.500000000000000E-02  2.625754300332648E+08
 -2.250000000000000E-01 -3.250000000000000E-01 -2.500000000000000E-02  2.625754300332648E+08
 -2.750000000000000E-01 -3.250000000000000E-01 -2.500000000000000E-02  2.625754300332648E+08
 -3.250000000000000E-01 -3.250000000000000E-01 -2.500000000000000E-02  2.625754300332648E+08
 -3.750000000000000E-01 -3.250000000000000E-01 -2.500000000000000E-02  2.625754300332648E+08
 -4.250000000000000E-01 -3.250000000000000E-01 -2.500000000000000E-02  2.625754300332648E+08
 -4.750000000000000E-01 -3.250000000000000E-01 -2.500000000000000E-02  2.625754300332648E+08
 -5.249999999999999E-01 -3.250000000000000E-01 -2.500000000000000E-02  2.625754300332648E+08
 -5.750000000000000E-01 -3.250000000000000E-01 -2.500000000000000E-02  2.625754300332648E+08
 -6.250000000000000E-01 -3.250000000000000E-01 -2.500000000000000E-02  2.625754300332648E+08
 -2.500000000000000E-02 -3.750000000000000E-01 -2.500000000000000E-02  2.625754300332648E+08
 -7.500000000000001E-02 -3.750000000000000E-01 -2.500000000000000E-02  2.625754300332648E+08
 -1.750000000000000E-01 -3.750000000000000E-01 -2.500000000000000E-02  2.625754300332648E+08
 -2.250000000000000E-01 -3.750000000000000E-01 -2.500000000000000E-02  2.625754300332648E+08
 -2.750000000000000E-01 -3.750000000000000E-01 -2.500000000000000E-02  2.625754300332648E+08
 -3.250000000000000E-01 -3.750000000000000E-01 -2.500000000000000E-02  2.625754300332648E+08
 -3.750000000000000E-01 -3.750000000000000E-01 -2.500000000000000E-02  2.625754300332648E+08
 -4.250000000000000E-01 -3.750000000000000E-01 -2.500000000000000E-02  2.625754300332648E+08
 -4.750000000000000E-01 -3.750000000000000E-01 -2.500000000000000E-02  2.625754300332648E+08
 -5.249999999999999E-01 -3.750000000000000E-01 -2.500000000000000E-02  2.625754300332648E+08
 -5.750000000000000E-01 -3.750000000000000E-01 -2.500000000000000E-02  2.625754300332648E+08
 -2.750000000000000E-01 -4.250000000000000E-01 -2.500000000000000E-02  2.625754300332648E+08
 -3.250000000000000E-01 -4.250000000000000E-01 -2.500000000000000E-02  2.625754300332648E+08
 -3.750000000000000E-01 -4.250000000000000E-01 -2.500000000000000E-02  2.625754300332648E+08
 -4.250000000000000E-01 -4.250000000000000E-01 -2.500000000000000E-02  2.625754300332648E+08
 -4.750000000000000E-01 -4.250000000000000E-01 -2.500000000000000E-02  2.625754300332648E+08
 -5.249999999999999E-01 -4.250000000000000E-01 -2.500000000000000E-02  2.625754300332648E+08
 -2.500000000000000E-02 -2.500000000000000E-02 -7.500000000000001E-02  2.625754300332648E+08
 -7.500000000000001E-02 -2.500000000000000E-02 -7.500000000000001E-02  2.625754300332648E+08
 -1.250000000000000E-01 -2.500000000000000E-02 -7.500000000000001E-02  2.625754300332648E+08
 -1.750000000000000E-01 -2.500000000000000E-02 -7.500000000000001E-02  2.625754300332648E+08
 -2.250000000000000E-01 -2.500000000000000E-02 -7.500000000000001E-02  2.625754300332648E+08
 -2.750000000000000E-01 -2.500000000000000E-02 -7.500000000000001E-02  2.625754300332648E+08
 -3.250000000000000E-01 -2.500000000000000E-02 -7.500000000000001E-02  2.625754300332648E+08
 -3.750000000000000E-01 -2.500000000000000E-02 -7.500000000000001E-02  2.625754300332648E+08
 -4.250000000000000E-01 -2.500000000000000E-02 -7.500000000000001E-02  2.625754300332648E+08
 -4.750000000000000E-01 -2.500000000000000E-02 -7.500000000000001E-02  2.625754300332648E+08
 -5.249999999999999E-01 -2.500000000000000E-02 -7.500000000000001E-02  2.625754300332648E+08
 -5.750000000000000E-01 -2.500000000000000E-02 -7.500000000000001E-02  2.625754300332648E+08
 -6.250000000000000E-01 -2.500000000000000E-02 -7.500000000000001E-02  2.625754300332648E+08
 -6.750000000000000E-01 -2.500000000000000E-02 -7.500000000000001E-02  2.625754300332648E+08
 -7.250000000000001E-01 -2.500000000000000E-02 -7.500000000000001E-02  2.625754300332648E+08
 -7.750000000000001E-01 -2.500000000000000E-02 -7.500000000000001E-02  2.625754300332648E+08
 -2.500000000000000E-02 -7.500000000000001E-02 -7.500000000000001E-02  2.625754300332648E+08
 -7.500000000000001E-02 -7.500000000000001E-02 -7.500000000000001E-02  2.625754300332648E+08
 -1.250000000000000E-01 -7.500000000000001E-02 -7.500000000000001E-02  2.625754300332648E+08
 -1.750000000000000E-01 -7.500000000000001E-02 -7.500000000000001E-02  2.625754300332648E+08
 -2.250000000000000E-01 -7.500000000000001E-02 -7.500000000000001E-02  2.625754300332648E+08
 -2.750000000000000E-01 -7.500000000000001E-02 -7.500000000000001E-02  2.625754300332648E+08
 -3.250000000000000E-01 -7.500000000000001E-02 -7.500000000000001E-02  2.625754300332648E+08
 -3.750000000000000E-01 -7.500000000000001E-02 -7.500000000000001E-02  2.625754300332648E+08
 -4.250000000000000E-01 -7.500000000000001E-02 -7.500000000000001E-02  2.625754300332648E+08
 -4.750000000000000E-01 -7.500000000000001E-02 -7.500000000000001E-02  2.625754300332648E+08
 -5.249999999999999E-01 -7.500000000000001E-02 -7.500000000000001E-02  2.625754300332648E+08
 -5.750000000000000E-01 -7.500000000000001E-02 -7.500000000000001E-02  2.625754300332648E+08
 -6.250000000000000E-01 -7.500000000000001E-02 -7.500000000000001E-02  2.625754300332648E+08
 -6.750000000000000E-01 -7.500000000000001E-02 -7.500000000000001E-02  2.625754300332648E+08
 -7.250000000000001E-01 -7.500000000000001E-02 -7.500000000000001E-02  2.625754300332648E+08
 -2.500000000000000E-02 -1.250000000000000E-01 -7.500000000000001E-02  2.625754300332648E+08
 -7.500000000000001E-02 -1.250000000000000E-01 -7.500000000000001E-02  2.625754300332648E+08
 -1.250000000000000E-01 -1.250000000000000E-01 -7.500000000000001E-02  2.625754300332648E+08
 -1.750000000000000E-01 -1.250000000000000E-01 -7.500000000000001E-02  2.625754300332648E+08
 -2.250000000000000E-01 -1.250000000000000E-01 -7.500000000000001E-02  2.625754300332648E+08
 -2.750000000000000E-01 -1.250000000000000E-01 -7.500000000000001E-02  2.625754300332648E+08
 -3.250000000000000E-01 -1.250000000000000E-01 -7.500000000000001E-02  2.625754300332648E+08
 -3.750000000000000E-01 -1.250000000000000E-01 -7.500000000000001E-02  2.625754300332648E+08
 -4.250000000000000E-01 -1.250000000000000E-01 -7.500000000000001E-02  2.625754300332648E+08
 -4.750000000000000E-01 -1.250000000000000E-01 -7.500000000000001E-02  2.625754300332648E+08
 -5.249999999999999E-01 -1.250000000000000E-01 -7.500000000000001E-02  2.625754300332648E+08
 -5.750000000000000E-01 -1.250000000000000E-01 -7.500000000000001E-02  2.625754300332648E+08
 -6.250000000000000E-01 -1.250000000000000E-01 -7.500000000000001E-02  2.625754300332648E+08
 -6.750000000000000E-01 -1.250000000000000E-01 -7.500000000000001E-02  2.625754300332648E+08
 -7.250000000000001E-01 -1.250000000000000E-01 -7.500000000000001E-02  2.625754300332648E+08
 -2.500000000000000E-02 -1.750000000000000E-01 -7.500000000000001E-02  2.625754300332648E+08
 -7.500000000000001E-02 -1.750000000000000E-01 -7.500000000000001E-02  2.625754300332648E+08
 -1.250000000000000E-01 -1.750000000000000E-01 -7.500000000000001E-02  2.625754300332648E+08
 -1.750000000000000E-01 -1.750000000000000E-01 -7.500000000000001E-02  2.625754300332648E+08
 -2.250000000000000E-01 -1.750000000000000E-01 -7.500000000000001E-02  2.625754300332648E+08
 -2.750000000000000E-01 -1.750000000000000E-01 -7.500000000000001E-02  2.625754300332648E+08
 -3.250000000000000E-01 -1.750000000000000E-01 -7.500000000000001E-02  2.625754300332648E+08
 -3.750000000000000E-01 -1.750000000000000E-01 -7.500000000000001E-02  2.625754300332648E+08
 -4.250000000000000E-01 -1.750000000000000E-01 -7.500000000000001E-02  2.625754300332648E+08
 -4.750000000000000E-01 -1.750000000000000E-01 -7.500000000000001E-02  2.625754300332648E+08
 -5.249999999999999E-01 -1.750000000000000E-01 -7.500000000000001E-02  2.625754300332648E+08
 -5.750000000000000E-01 -1.750000000000000E-01 -7.500000000000001E-02  2.625754300332648E+08
 -6.250000000000000E-01 -1.750000000000000E-01 -7.500000000000001E-02  2.625754300332648E+08
 -6.750000000000000E-01 -1.750000000000000E-01 -7.500000000000001E-02  2.625754300332648E+08
 -2.500000000000000E-02 -2.250000000000000E-01 -7.500000000000001E-02  2.625754300332648E+08
 -7.500000000000001E-02 -2.250000000000000E-01 -7.500000000000001E-02  2.625754300332648E+08
 -1.250000000000000E-01 -2.250000000000000E-01 -7.500000000000001E-02  2.625754300332648E+08
 -1.750000000000000E-01 -2.250000000000000E-01 -7.500000000000001E-02  2.625754300332648E+08
 -2.250000000000000E-01 -2.250000000000000E-01 -7.500000000000001E-02  2.625754300332648E+08
 -2.750000000000000E-01 -2.250000000000000E-01 -7.500000000000001E-02  2.625754300332648E+08
 -3.250000000000000E-01 -2.250000000000000E-01 -7.500000000000001E-02  2.625754300332648E+08
 -3.750000000000000E-01 -2.250000000000000E-01 -7.500000000000001E-02  2.625754300332648E+08
 -4.250000000000000E-01 -2.250000000000000E-01 -7.500000000000001E-02  2.625754300332648E+08
 -4.750000000000000E-01 -2.250000000000000E-01 -7.500000000000001E-02  2.625754300332648E+08
 -5.249999999999999E-01 -2.250000000000000E-01 -7.500000000000001E-02  2.625754300332648E+08
 -5.750000000000000E-01 -2.250000000000000E-01 -7.500000000000001E-02  2.625754300332648E+08
 -6.250000000000000E-01 -2.250000000000000E-01 -7.500000000000001E-02  2.625754300332648E+08
 -6.750000000000000E-01 -2.250000000000000E-01 -7.500000000000001E-02  2.625754300332648E+08
 -2.500000000000000E-02 -2.750000000000000E-01 -7.500000000000001E-02  2.625754300332648E+08
 -7.500000000000001E-02 -2.750000000000000E-01 -7.500000000000001E-02  2.625754300332648E+08
 -1.250000000000000E-01 -2.750000000000000E-01 -7.500000000000001E-02  2.625754300332648E+08
 -1.750000000000000E-01 -2.750000000000000E-01 -7.500000000000001E-02  2.625754300332648E+08
 -2.250000000000000E-01 -2.750000000000000E-01 -7.500000000000001E-02  2.625754300332648E+08
 -2.750000000000000E-01 -2.750000000000000E-01 -7.500000000000001E-02  2.625754300332648E+08
 -3.250000000000000E-01 -2.750000000000000E-01 -7.500000000000001E-02  2.625754300332648E+08
 -3.750000000000000E-01 -2.750000000000000E-01 -7.500000000000001E-02  2.625754300332648E+08
 -4.250000000000000E-01 -2.750000000000000E-01 -7.500000000000001E-02  2.625754300332648E+08
 -4.750000000000000E-01 -2.750000000000000E-01 -7.500000000000001E-02  2.625754300332648E+08
 -5.249999999999999E-01 -2.750000000000000E-01 -7.500000000000001E-02  2.625754300332648E+08
 -5.750000000000000E-01 -2.750000000000000E-01 -7.500000000000001E-02  2.625754300332648E+08
 -6.250000000000000E-01 -2.750000000000000E-01 -7.500000000000001E-02  2.625754300332648E+08
 -2.500000000000000E-02 -3.250000000000000E-01 -7.500000000000001E-02  2.625754300332648E+08
 -7.500000000000001E-02 -3.250000000000000E-01 -7.500000000000001E-02  2.625754300332648E+08
 -1.250000000000000E-01 -3.250000000000000E-01 -7.500000000000001E-02  2.625754300332648E+08
 -1.750000000000000E-01 -3.250000000000000E-01 -7.500000000000001E-02  2.625754300332648E+08
 -2.250000000000000E-01 -3.250000000000000E-01 -7.500000000000001E-02  2.625754300332648E+08
 -2.750000000000000E-01 -3.250000000000000E-01 -7.500000000000001E-02  2.625754300332648E+08
 -3.250000000000000E-01 -3.250000000000000E-01 -7.500000000000001E-02  2.625754300332648E+08
 -3.750000000000000E-01 -3.250000000000000E-01 -7.500000000000001E-02  2.625754300332648E+08
 -4.250000000000000E-01 -3.250000000000000E-01 -7.500000000000001E-02  2.625754300332648E+08
 -4.750000000000000E-01 -3.250000000000000E-01 -7.500000000000001E-02  2.625754300332648E+08
 -5.249999999999999E-01 -3.250000000000000E-01 -7.500000000000001E-02  2.625754300332648E+08
 -5.750000000000000E-01 -3.250000000000000E-01 -7.500000000000001E-02  2.625754300332648E+08
 -6.250000000000000E-01 -3.250000000000000E-01 -7.500000000000001E-02  2.625754300332648E+08
 -2.500000000000000E-02 -3.750000000000000E-01 -7.500000000000001E-02  2.625754300332648E+08
 -2.250000000000000E-01 -3.750000000000000E-01 -7.500000000000001E-02  2.625754300332648E+08
 -2.750000000000000E-01 -3.750000000000000E-01 -7.500000000000001E-02  2.625754300332648E+08
 -3.250000000000000E-01 -3.750000000000000E-01 -7.500000000000001E-02  2.625754300332648E+08
 -3.750000000000000E-01 -3.750000000000000E-01 -7.500000000000001E-02  2.625754300332648E+08
 -4.250000000000000E-01 -3.750000000000000E-01 -7.500000000000001E-02  2.625754300332648E+08
 -4.750000000000000E-01 -3.750000000000000E-01 -7.500000000000001E-02  2.625754300332648E+08
 -5.249999999999999E-01 -3.750000000000000E-01 -7.500000000000001E-02  2.625754300332648E+08
 -5.750000000000000E-01 -3.750000000000000E-01 -7.500000000000001E-02  2.625754300332648E+08
 -2.750000000000000E-01 -4.250000000000000E-01 -7.500000000000001E-02  2.625754300332648E+08
 -3.250000000000000E-01 -4.250000000000000E-01 -7.500000000000001E-02  2.625754300332648E+08
 -3.750000000000000E-01 -4.250000000000000E-01 -7.500000000000001E-02  2.625754300332648E+08
 -4.250000000000000E-01 -4.250000000000000E-01 -7.500000000000001E-02  2.625754300332648E+08
 -4.750000000000000E-01 -4.250000000000000E-01 -7.500000000000001E-02  2.625754300332648E+08
 -5.249999999999999E-01 -4.250000000000000E-01 -7.500000000000001E-02  2.625754300332648E+08
 -2.500000000000000E-02 -2.500000000000000E-02 -1.250000000000000E-01  2.625754300332648E+08
 -7.500000000000001E-02 -2.500000000000000E-02 -1.250000000000000E-01  2.625754300332648E+08
 -1.250000000000000E-01 -2.500000000000000E-02 -1.250000000000000E-01  2.625754300332648E+08
 -1.750000000000000E-01 -2.500000000000000E-02 -1.250000000000000E-01  2.625754300332648E+08
 -2.250000000000000E-01 -2.500000000000000E-02 -1.250000000000000E-01  2.625754300332648E+08
 -2.750000000000000E-01 -2.500000000000000E-02 -1.250000000000000E-01  2.625754300332648E+08
 -3.250000000000000E-01 -2.500000000000000E-02 -1.250000000000000E-01  2.625754300332648E+08
 -3.750000000000000E-01 -2.500000000000000E-02 -1.250000000000000E-01  2.625754300332648E+08
 -4.250000000000000E-01 -2.500000000000000E-02 -1.250000000000000E-01  2.625754300332648E+08
 -4.750000000000000E-01 -2.500000000000000E-02 -1.250000000000000E-01  2.625754300332648E+08
 -5.249999999999999E-01 -2.500000000000000E-02 -1.250000000000000E-01  2.625754300332648E+08
 -5.750000000000000E-01 -2.500000000000000E-02 -1.250000000000000E-01  2.625754300332648E+08
 -6.250000000000000E-01 -2.500000000000000E-02 -1.250000000000000E-01  2.625754300332648E+08
 -6.750000000000000E-01 -2.500000000000000E-02 -1.250000000000000E-01  2.625754300332648E+08
 -7.250000000000001E-01 -2.500000000000000E-02 -1.250000000000000E-01  2.625754300332648E+08
 -2.500000000000000E-02 -7.500000000000001E-02 -1.250000000000000E-01  2.625754300332648E+08
 -7.500000000000001E-02 -7.500000000000001E-02 -1.250000000000000E-01  2.625754300332648E+08
 -1.250000000000000E-01 -7.500000000000001E-02 -1.250000000000000E-01  2.625754300332648E+08
 -1.750000000000000E-01 -7.500000000000001E-02 -1.250000000000000E-01  2.625754300332648E+08
 -2.250000000000000E-01 -7.500000000000001E-02 -1.250000000000000E-01  2.625754300332648E+08
 -2.750000000000000E-01 -7.500000000000001E-02 -1.250000000000000E-01  2.625754300332648E+08
 -3.250000000000000E-01 -7.500000000000001E-02 -1.250000000000000E-01  2.625754300332648E+08
 -3.750000000000000E-01 -7.500000000000001E-02 -1.250000000000000E-01  2.625754300332648E+08
 -4.250000000000000E-01 -7.500000000000001E-02 -1.250000000000000E-01  2.625754300332648E+08
 -4.750000000000000E-01 -7.500000000000001E-02 -1.250000000000000E-01  2.625754300332648E+08
 -5.249999999999999E-01 -7.500000000000001E-02 -1.250000000000000E-01  2.625754300332648E+08
 -5.750000000000000E-01 -7.500000000000001E-02 -1.250000000000000E-01  2.625754300332648E+08
 -6.250000000000000E-01 -7.500000000000001E-02 -1.250000000000000E-01  2.625754300332648E+08
 -6.750000000000000E-01 -7.500000000000001E-02 -1.250000000000000E-01  2.625754300332648E+08
 -7.250000000000001E-01 -7.500000000000001E-02 -1.250000000000000E-01  2.625754300332648E+08
 -2.500000000000000E-02 -1.250000000000000E-01 -1.250000000000000E-01  2.625754300332648E+08
 -7.500000000000001E-02 -1.250000000000000E-01 -1.250000000000000E-01  2.625754300332648E+08
 -1.250000000000000E-01 -1.250000000000000E-01 -1.250000000000000E-01  2.625754300332648E+08
 -1.750000000000000E-01 -1.250000000000000E-01 -1.250000000000000E-01  2.625754300332648E+08
 -2.250000000000000E-01 -1.250000000000000E-01 -1.250000000000000E-01  2.625754300332648E+08
 -2.750000000000000E-01 -1.250000000000000E-01 -1.250000000000000E-01  2.625754300332648E+08
 -3.250000000000000E-01 -1.250000000000000E-01 -1.250000000000000E-01  2.625754300332648E+08
 -3.750000000000000E-01 -1.250000000000000E-01 -1.250000000000000E-01  2.625754300332648E+08
 -4.250000000000000E-01 -1.250000000000000E-01 -1.250000000000000E-01  2.625754300332648E+08
 -4.750000000000000E-01 -1.250000000000000E-01 -1.250000000000000E-01  2.625754300332648E+08
 -5.249999999999999E-01 -1.250000000000000E-01 -1.250000000000000E-01  2.625754300332648E+08
 -5.750000000000000E-01 -1.250000000000000E-01 -1.250000000000000E-01  2.625754300332648E+08
 -6.250000000000000E-01 -1.250000000000000E-01 -1.250000000000000E-01  2.625754300332648E+08
 -6.750000000000000E-01 -1.250000000000000E-01 -1.250000000000000E-01  2.625754300332648E+08
 -2.500000000000000E-02 -1.750000000000000E-01 -1.250000000000000E-01  2.625754300332648E+08
 -7.500000000000001E-02 -1.750000000000000E-01 -1.250000000000000E-01  2.625754300332648E+08
 -1.250000000000000E-01 -1.750000000000000E-01 -1.250000000000000E-01  2.625754300332648E+08
 -1.750000000000000E-01 -1.750000000000000E-01 -1.250000000000000E-01  2.625754300332648E+08
 -2.250000000000000E-01 -1.750000000000000E-01 -1.250000000000000E-01  2.625754300332648E+08
 -2.750000000000000E-01 -1.750000000000000E-01 -1.250000000000000E-01  2.625754300332648E+08
 -3.250000000000000E-01 -1.750000000000000E-01 -1.250000000000000E-01  2.625754300332648E+08
 -3.750000000000000E-01 -1.750000000000000E-01 -1.250000000000000E-01  2.625754300332648E+08
 -4.250000000000000E-01 -1.750000000000000E-01 -1.250000000000000E-01  2.625754300332648E+08
 -4.750000000000000E-01 -1.750000000000000E-01 -1.250000000000000E-01  2.625754300332648E+08
 -5.249999999999999E-01 -1.750000000000000E-01 -1.250000000000000E-01  2.625754300332648E+08
 -5.750000000000000E-01 -1.750000000000000E-01 -1.250000000000000E-01  2.625754300332648E+08
 -6.250000000000000E-01 -1.750000000000000E-01 -1.250000000000000E-01  2.625754300332648E+08
 -6.750000000000000E-01 -1.750000000000000E-01 -1.250000000000000E-01  2.625754300332648E+08
 -2.500000000000000E-02 -2.250000000000000E-01 -1.250000000000000E-01  2.625754300332648E+08
 -7.500000000000001E-02 -2.250000000000000E-01 -1.250000000000000E-01  2.625754300332648E+08
 -1.250000000000000E-01 -2.250000000000000E-01 -1.250000000000000E-01  2.625754300332648E+08
 -1.750000000000000E-01 -2.250000000000000E-01 -1.250000000000000E-01  2.625754300332648E+08
 -2.250000000000000E-01 -2.250000000000000E-01 -1.250000000000000E-01  2.625754300332648E+08
 -2.750000000000000E-01 -2.250000000000000E-01 -1.250000000000000E-01  2.625754300332648E+08
 -3.250000000000000E-01 -2.250000000000000E-01 -1.250000000000000E-01  2.625754300332648E+08
 -3.750000000000000E-01 -2.250000000000000E-01 -1.250000000000000E-01  2.625754300332648E+08
 -4.250000000000000E-01 -2.250000000000000E-01 -1.250000000000000E-01  2.625754300332648E+08
 -4.750000000000000E-01 -2.250000000000000E-01 -1.250000000000000E-01  2.625754300332648E+08
 -5.249999999999999E-01 -2.250000000000000E-01 -1.250000000000000E-01  2.625754300332648E+08
 -5.750000000000000E-01 -2.250000000000000E-01 -1.250000000000000E-01  2.625754300332648E+08
 -6.250000000000000E-01 -2.250000000000000E-01 -1.250000000000000E-01  2.625754300332648E+08
 -2.500000000000000E-02 -2.750000000000000E-01 -1.250000000000000E-01  2.625754300332648E+08
 -7.500000000000001E-02 -2.750000000000000E-01 -1.250000000000000E-01  2.625754300332648E+08
 -1.250000000000000E-01 -2.750000000000000E-01 -1.250000000000000E-01  2.625754300332648E+08
 -1.750000000000000E-01 -2.750000000000000E-01 -1.250000000000000E-01  2.625754300332648E+08
 -2.250000000000000E-01 -2.750000000000000E-01 -1.250000000000000E-01  2.625754300332648E+08
 -2.750000000000000E-01 -2.750000000000000E-01 -1.250000000000000E-01  2.625754300332648E+08
 -3.250000000000000E-01 -2.750000000000000E-01 -1.250000000000000E-01  2.625754300332648E+08
 -3.750000000000000E-01 -2.750000000000000E-01 -1.250000000000000E-01  2.625754300332648E+08
 -4.250000000000000E-01 -2.750000000000000E-01 -1.250000000000000E-01  2.625754300332648E+08
 -4.750000000000000E-01 -2.750000000000000E-01 -1.250000000000000E-01  2.625754300332648E+08
 -5.249999999999999E-01 -2.750000000000000E-01 -1.250000000000000E-01  2.625754300332648E+08
 -5.750000000000000E-01 -2.750000000000000E-01 -1.250000000000000E-01  2.625754300332648E+08
 -6.250000000000000E-01 -2.750000000000000E-01 -1.250000000000000E-01  2.625754300332648E+08
 -2.500000000000000E-02 -3.250000000000000E-01 -1.250000000000000E-01  2.625754300332648E+08
 -1.750000000000000E-01 -3.250000000000000E-01 -1.250000000000000E-01  2.625754300332648E+08
 -2.250000000000000E-01 -3.250000000000000E-01 -1.250000000000000E-01  2.625754300332648E+08
 -2.750000000000000E-01 -3.250000000000000E-01 -1.250000000000000E-01  2.625754300332648E+08
 -3.250000000000000E-01 -3.250000000000000E-01 -1.250000000000000E-01  2.625754300332648E+08
 -3.750000000000000E-01 -3.250000000000000E-01 -1.250000000000000E-01  2.625754300332648E+08
 -4.250000000000000E-01 -3.250000000000000E-01 -1.250000000000000E-01  2.625754300332648E+08
 -4.750000000000000E-01 -3.250000000000000E-01 -1.250000000000000E-01  2.625754300332648E+08
 -5.249999999999999E-01 -3.250000000000000E-01 -1.250000000000000E-01  2.625754300332648E+08
 -5.750000000000000E-01 -3.250000000000000E-01 -1.250000000000000E-01  2.625754300332648E+08
 -2.250000000000000E-01 -3.750000000000000E-01 -1.250000000000000E-01  2.625754300332648E+08
 -2.750000000000000E-01 -3.750000000000000E-01 -1.250000000000000E-01  2.625754300332648E+08
 -3.250000000000000E-01 -3.750000000000000E-01 -1.250000000000000E-01  2.625754300332648E+08
 -3.750000000000000E-01 -3.750000000000000E-01 -1.250000000000000E-01  2.625754300332648E+08
 -4.250000000000000E-01 -3.750000000000000E-01 -1.250000000000000E-01  2.625754300332648E+08
 -4.750000000000000E-01 -3.750000000000000E-01 -1.250000000000000E-01  2.625754300332648E+08
 -5.249999999999999E-01 -3.750000000000000E-01 -1.250000000000000E-01  2.625754300332648E+08
 -3.250000000000000E-01 -4.250000000000000E-01 -1.250000000000000E-01  2.625754300332648E+08
 -3.750000000000000E-01 -4.250000000000000E-01 -1.250000000000000E-01  2.625754300332648E+08
 -4.250000000000000E-01 -4.250000000000000E-01 -1.250000000000000E-01  2.625754300332648E+08
 -4.750000000000000E-01 -4.250000000000000E-01 -1.250000000000000E-01  2.625754300332648E+08
 -2.500000000000000E-02 -2.500000000000000E-02 -1.750000000000000E-01  2.625754300332648E+08
 -7.500000000000001E-02 -2.500000000000000E-02 -1.750000000000000E-01  2.625754300332648E+08
 -1.250000000000000E-01 -2.500000000000000E-02 -1.750000000000000E-01  2.625754300332648E+08
 -1.750000000000000E-01 -2.500000000000000E-02 -1.750000000000000E-01  2.625754300332648E+08
 -2.250000000000000E-01 -2.500000000000000E-02 -1.750000000000000E-01  2.625754300332648E+08
 -2.750000000000000E-01 -2.500000000000000E-02 -1.750000000000000E-01  2.625754300332648E+08
 -3.250000000000000E-01 -2.500000000000000E-02 -1.750000000000000E-01  2.625754300332648E+08
 -3.750000000000000E-01 -2.500000000000000E-02 -1.750000000000000E-01  2.625754300332648E+08
 -4.250000000000000E-01 -2.500000000000000E-02 -1.750000000000000E-01  2.625754300332648E+08
 -4.750000000000000E-01 -2.500000000000000E-02 -1.750000000000000E-01  2.625754300332648E+08
 -5.249999999999999E-01 -2.500000000000000E-02 -1.750000000000000E-01  2.625754300332648E+08
 -5.750000000000000E-01 -2.500000000000000E-02 -1.750000000000000E-01  2.625754300332648E+08
 -6.250000000000000E-01 -2.500000000000000E-02 -1.750000000000000E-01  2.625754300332648E+08
 -6.750000000000000E-01 -2.500000000000000E-02 -1.750000000000000E-01  2.625754300332648E+08
 -2.500000000000000E-02 -7.500000000000001E-02 -1.750000000000000E-01  2.625754300332648E+08
 -7.500000000000001E-02 -7.500000000000001E-02 -1.750000000000000E-01  2.625754300332648E+08
 -1.250000000000000E-01 -7.500000000000001E-02 -1.750000000000000E-01  2.625754300332648E+08
 -1.750000000000000E-01 -7.500000000000001E-02 -1.750000000000000E-01  2.625754300332648E+08
 -2.250000000000000E-01 -7.500000000000001E-02 -1.750000000000000E-01  2.625754300332648E+08
 -2.750000000000000E-01 -7.500000000000001E-02 -1.750000000000000E-01  2.625754300332648E+08
 -3.250000000000000E-01 -7.500000000000001E-02 -1.750000000000000E-01  2.625754300332648E+08
 -3.750000000000000E-01 -7.500000000000001E-02 -1.750000000000000E-01  2.625754300332648E+08
 -4.250000000000000E-01 -7.500000000000001E-02 -1.750000000000000E-01  2.625754300332648E+08
 -4.750000000000000E-01 -7.500000000000001E-02 -1.750000000000000E-01  2.625754300332648E+08
 -5.249999999999999E-01 -7.500000000000001E-02 -1.750000000000000E-01  2.625754300332648E+08
 -5.750000000000000E-01 -7.500000000000001E-02 -1.750000000000000E-01  2.625754300332648E+08
 -6.250000000000000E-01 -7.500000000000001E-02 -1.750000000000000E-01  2.625754300332648E+08
 -6.750000000000000E-01 -7.500000000000001E-02 -1.750000000000000E-01  2.625754300332648E+08
 -2.500000000000000E-02 -1.250000000000000E-01 -1.750000000000000E-01  2.625754300332648E+08
 -7.500000000000001E-02 -1.250000000000000E-01 -1.750000000000000E-01  2.625754300332648E+08
 -1.250000000000000E-01 -1.250000000000000E-01 -1.750000000000000E-01  2.625754300332648E+08
 -1.750000000000000E-01 -1.250000000000000E-01 -1.750000000000000E-01  2.625754300332648E+08
 -2.250000000000000E-01 -1.250000000000000E-01 -1.750000000000000E-01  2.625754300332648E+08
 -2.750000000000000E-01 -1.250000000000000E-01 -1.750000000000000E-01  2.625754300332648E+08
 -3.250000000000000E-01 -1.250000000000000E-01 -1.750000000000000E-01  2.625754300332648E+08
 -3.750000000000000E-01 -1.250000000000000E-01 -1.750000000000000E-01  2.625754300332648E+08
 -4.250000000000000E-01 -1.250000000000000E-01 -1.750000000000000E-01  2.625754300332648E+08
 -4.750000000000000E-01 -1.250000000000000E-01 -1.750000000000000E-01  2.625754300332648E+08
 -5.249999999999999E-01 -1.250000000000000E-01 -1.750000000000000E-01  2.625754300332648E+08
 -5.750000000000000E-01 -1.250000000000000E-01 -1.750000000000000E-01  2.625754300332648E+08
 -6.250000000000000E-01 -1.250000000000000E-01 -1.750000000000000E-01  2.625754300332648E+08
 -6.750000000000000E-01 -1.250000000000000E-01 -1.750000000000000E-01  2.625754300332648E+08
 -2.500000000000000E-02 -1.750000000000000E-01 -1.750000000000000E-01  2.625754300332648E+08
 -7.500000000000001E-02 -1.750000000000000E-01 -1.750000000000000E-01  2.625754300332648E+08
 -1.250000000000000E-01 -1.750000000000000E-01 -1.750000000000000E-01  2.625754300332648E+08
 -1.750000000000000E-01 -1.750000000000000E-01 -1.750000000000000E-01  2.625754300332648E+08
 -2.250000000000000E-01 -1.750000000000000E-01 -1.750000000000000E-01  2.625754300332648E+08
 -2.750000000000000E-01 -1.750000000000000E-01 -1.750000000000000E-01  2.625754300332648E+08
 -3.250000000000000E-01 -1.750000000000000E-01 -1.750000000000000E-01  2.625754300332648E+08
 -3.750000000000000E-01 -1.750000000000000E-01 -1.750000000000000E-01  2.625754300332648E+08
 -4.250000000000000E-01 -1.750000000000000E-01 -1.750000000000000E-01  2.625754300332648E+08
 -4.750000000000000E-01 -1.750000000000000E-01 -1.750000000000000E-01  2.625754300332648E+08
 -5.249999999999999E-01 -1.750000000000000E-01 -1.750000000000000E-01  2.625754300332648E+08
 -5.750000000000000E-01 -1.750000000000000E-01 -1.750000000000000E-01  2.625754300332648E+08
 -6.250000000000000E-01 -1.750000000000000E-01 -1.750000000000000E-01  2.625754300332648E+08
 -2.500000000000000E-02 -2.250000000000000E-01 -1.750000000000000E-01  2.625754300332648E+08
 -7.500000000000001E-02 -2.250000000000000E-01 -1.750000000000000E-01  2.625754300332648E+08
 -1.250000000000000E-01 -2.250000000000000E-01 -1.750000000000000E-01  2.625754300332648E+08
 -1.750000000000000E-01 -2.250000000000000E-01 -1.750000000000000E-01  2.625754300332648E+08
 -2.250000000000000E-01 -2.250000000000000E-01 -1.750000000000000E-01  2.625754300332648E+08
 -2.750000000000000E-01 -2.250000000000000E-01 -1.750000000000000E-01  2.625754300332648E+08
 -3.250000000000000E-01 -2.250000000000000E-01 -1.750000000000000E-01  2.625754300332648E+08
 -3.750000000000000E-01 -2.250000000000000E-01 -1.750000000000000E-01  2.625754300332648E+08
 -4.250000000000000E-01 -2.250000000000000E-01 -1.750000000000000E-01  2.625754300332648E+08
 -4.750000000000000E-01 -2.250000000000000E-01 -1.750000000000000E-01  2.625754300332648E+08
 -5.249999999999999E-01 -2.250000000000000E-01 -1.750000000000000E-01  2.625754300332648E+08
 -5.750000000000000E-01 -2.250000000000000E-01 -1.750000000000000E-01  2.625754300332648E+08
 -2.500000000000000E-02 -2.750000000000000E-01 -1.750000000000000E-01  2.625754300332648E+08
 -7.500000000000001E-02 -2.750000000000000E-01 -1.750000000000000E-01  2.625754300332648E+08
 -1.250000000000000E-01 -2.750000000000000E-01 -1.750000000000000E-01  2.625754300332648E+08
 -1.750000000000000E-01 -2.750000000000000E-01 -1.750000000000000E-01  2.625754300332648E+08
 -2.250000000000000E-01 -2.750000000000000E-01 -1.750000000000000E-01  2.625754300332648E+08
 -2.750000000000000E-01 -2.750000000000000E-01 -1.750000000000000E-01  2.625754300332648E+08
 -3.250000000000000E-01 -2.750000000000000E-01 -1.750000000000000E-01  2.625754300332648E+08
 -3.750000000000000E-01 -2.750000000000000E-01 -1.750000000000000E-01  2.625754300332648E+08
 -4.250000000000000E-01 -2.750000000000000E-01 -1.750000000000000E-01  2.625754300332648E+08
 -4.750000000000000E-01 -2.750000000000000E-01 -1.750000000000000E-01  2.625754300332648E+08
 -5.249999999999999E-01 -2.750000000000000E-01 -1.750000000000000E-01  2.625754300332648E+08
 -5.750000000000000E-01 -2.750000000000000E-01 -1.750000000000000E-01  2.625754300332648E+08
 -1.750000000000000E-01 -3.250000000000000E-01 -1.750000000000000E-01  2.625754300332648E+08
 -2.250000000000000E-01 -3.250000000000000E-01 -1.750000000000000E-01  2.625754300332648E+08
 -2.750000000000000E-01 -3.250000000000000E-01 -1.750000000000000E-01  2.625754300332648E+08
 -3.250000000000000E-01 -3.250000000000000E-01 -1.750000000000000E-01  2.625754300332648E+08
 -3.750000000000000E-01 -3.250000000000000E-01 -1.750000000000000E-01  2.625754300332648E+08
 -4.250000000000000E-01 -3.250000000000000E-01 -1.750000000000000E-01  2.625754300332648E+08
 -4.750000000000000E-01 -3.250000000000000E-01 -1.750000000000000E-01  2.625754300332648E+08
 -5.249999999999999E-01 -3.250000000000000E-01 -1.750000000000000E-01  2.625754300332648E+08
 -2.750000000000000E-01 -3.750000000000000E-01 -1.750000000000000E-01  2.625754300332648E+08
 -3.250000000000000E-01 -3.750000000000000E-01 -1.750000000000000E-01  2.625754300332648E+08
 -3.750000000000000E-01 -3.750000000000000E-01 -1.750000000000000E-01  2.625754300332648E+08
 -4.250000000000000E-01 -3.750000000000000E-01 -1.750000000000000E-01  2.625754300332648E+08
 -4.750000000000000E-01 -3.750000000000000E-01 -1.750000000000000E-01  2.625754300332648E+08
 -2.500000000000000E-02 -2.500000000000000E-02 -2.250000000000000E-01  2.625754300332648E+08
 -7.500000000000001E-02 -2.500000000000000E-02 -2.250000000000000E-01  2.625754300332648E+08
 -1.250000000000000E-01 -2.500000000000000E-02 -2.250000000000000E-01  2.625754300332648E+08
 -1.750000000000000E-01 -2.500000000000000E-02 -2.250000000000000E-01  2.625754300332648E+08
 -2.250000000000000E-01 -2.500000000000000E-02 -2.250000000000000E-01  2.625754300332648E+08
 -2.750000000000000E-01 -2.500000000000000E-02 -2.250000000000000E-01  2.625754300332648E+08
 -3.250000000000000E-01 -2.500000000000000E-02 -2.250000000000000E-01  2.625754300332648E+08
 -3.750000000000000E-01 -2.500000000000000E-02 -2.250000000000000E-01  2.625754300332648E+08
 -4.250000000000000E-01 -2.500000000000000E-02 -2.250000000000000E-01  2.625754300332648E+08
 -4.750000000000000E-01 -2.500000000000000E-02 -2.250000000000000E-01  2.625754300332648E+08
 -5.249999999999999E-01 -2.500000000000000E-02 -2.250000000000000E-01  2.625754300332648E+08
 -5.750000000000000E-01 -2.500000000000000E-02 -2.250000000000000E-01  2.625754300332648E+08
 -6.250000000000000E-01 -2.500000000000000E-02 -2.250000000000000E-01  2.625754300332648E+08
 -2.500000000000000E-02 -7.500000000000001E-02 -2.250000000000000E-01  2.625754300332648E+08
 -7.500000000000001E-02 -7.500000000000001E-02 -2.250000000000000E-01  2.625754300332648E+08
 -1.250000000000000E-01 -7.500000000000001E-02 -2.250000000000000E-01  2.625754300332648E+08
 -1.750000000000000E-01 -7.500000000000001E-02 -2.250000000000000E-01  2.625754300332648E+08
 -2.250000000000000E-01 -7.500000000000001E-02 -2.250000000000000E-01  2.625754300332648E+08
 -2.750000000000000E-01 -7.500000000000001E-02 -2.250000000000000E-01  2.625754300332648E+08
 -3.250000000000000E-01 -7.500000000000001E-02 -2.250000000000000E-01  2.625754300332648E+08
 -3.750000000000000E-01 -7.500000000000001E-02 -2.250000000000000E-01  2.625754300332648E+08
 -4.250000000000000E-01 -7.500000000000001E-02 -2.250000000000000E-01  2.625754300332648E+08
 -4.750000000000000E-01 -7.500000000000001E-02 -2.250000000000000E-01  2.625754300332648E+08
 -5.249999999999999E-01 -7.500000000000001E-02 -2.250000000000000E-01  2.625754300332648E+08
 -5.750000000000000E-01 -7.500000000000001E-02 -2.250000000000000E-01  2.625754300332648E+08
 -6.250000000000000E-01 -7.500000000000001E-02 -2.250000000000000E-01  2.625754300332648E+08
 -2.500000000000000E-02 -1.250000000000000E-01 -2.250000000000000E-01  2.625754300332648E+08
 -7.500000000000001E-02 -1.250000000000000E-01 -2.250000000000000E-01  2.625754300332648E+08
 -1.250000000000000E-01 -1.250000000000000E-01 -2.250000000000000E-01  2.625754300332648E+08
 -1.750000000000000E-01 -1.250000000000000E-01 -2.250000000000000E-01  2.625754300332648E+08
 -2.250000000000000E-01 -1.250000000000000E-01 -2.250000000000000E-01  2.625754300332648E+08
 -2.750000000000000E-01 -1.250000000000000E-01 -2.250000000000000E-01  2.625754300332648E+08
 -3.250000000000000E-01 -1.250000000000000E-01 -2.250000000000000E-01  2.625754300332648E+08
 -3.750000000000000E-01 -1.250000000000000E-01 -2.250000000000000E-01  2.625754300332648E+08
 -4.250000000000000E-01 -1.250000000000000E-01 -2.250000000000000E-01  2.625754300332648E+08
 -4.750000000000000E-01 -1.250000000000000E-01 -2.250000000000000E-01  2.625754300332648E+08
 -5.249999999999999E-01 -1.250000000000000E-01 -2.250000000000000E-01  2.625754300332648E+08
 -5.750000000000000E-01 -1.250000000000000E-01 -2.250000000000000E-01  2.625754300332648E+08
 -2.500000000000000E-02 -1.750000000000000E-01 -2.250000000000000E-01  2.625754300332648E+08
 -7.500000000000001E-02 -1.750000000000000E-01 -2.250000000000000E-01  2.625754300332648E+08
 -1.250000000000000E-01 -1.750000000000000E-01 -2.250000000000000E-01  2.625754300332648E+08
 -1.750000000000000E-01 -1.750000000000000E-01 -2.250000000000000E-01  2.625754300332648E+08
 -2.250000000000000E-01 -1.750000000000000E-01 -2.250000000000000E-01  2.625754300332648E+08
 -2.750000000000000E-01 -1.750000000000000E-01 -2.250000000000000E-01  2.625754300332648E+08
 -3.250000000000000E-01 -1.750000000000000E-01 -2.250000000000000E-01  2.625754300332648E+08
 -3.750000000000000E-01 -1.750000000000000E-01 -2.250000000000000E-01  2.625754300332648E+08
 -4.250000000000000E-01 -1.750000000000000E-01 -2.250000000000000E-01  2.625754300332648E+08
 -4.750000000000000E-01 -1.750000000000000E-01 -2.250000000000000E-01  2.625754300332648E+08
 -5.249999999999999E-01 -1.750000000000000E-01 -2.250000000000000E-01  2.625754300332648E+08
 -5.750000000000000E-01 -1.750000000000000E-01 -2.250000000000000E-01  2.625754300332648E+08
 -2.500000000000000E-02 -2.250000000000000E-01 -2.250000000000000E-01  2.625754300332648E+08
 -7.500000000000001E-02 -2.250000000000000E-01 -2.250000000000000E-01  2.625754300332648E+08
 -1.250000000000000E-01 -2.250000000000000E-01 -2.250000000000000E-01  2.625754300332648E+08
 -1.750000000000000E-01 -2.250000000000000E-01 -2.250000000000000E-01  2.625754300332648E+08
 -2.250000000000000E-01 -2.250000000000000E-01 -2.250000000000000E-01  2.625754300332648E+08
 -2.750000000000000E-01 -2.250000000000000E-01 -2.250000000000000E-01  2.625754300332648E+08
 -3.250000000000000E-01 -2.250000000000000E-01 -2.250000000000000E-01  2.625754300332648E+08
 -3.750000000000000E-01 -2.250000000000000E-01 -2.250000000000000E-01  2.625754300332648E+08
 -4.250000000000000E-01 -2.250000000000000E-01 -2.250000000000000E-01  2.625754300332648E+08
 -4.750000000000000E-01 -2.250000000000000E-01 -2.250000000000000E-01  2.625754300332648E+08
 -5.249999999999999E-01 -2.250000000000000E-01 -2.250000000000000E-01  2.625754300332648E+08
 -2.500000000000000E-02 -2.750000000000000E-01 -2.250000000000000E-01  2.625754300332648E+08
 -1.750000000000000E-01 -2.750000000000000E-01 -2.250000000000000E-01  2.625754300332648E+08
 -2.250000000000000E-01 -2.750000000000000E-01 -2.250000000000000E-01  2.625754300332648E+08
 -2.750000000000000E-01 -2.750000000000000E-01 -2.250000000000000E-01  2.625754300332648E+08
 -3.250000000000000E-01 -2.750000000000000E-01 -2.250000000000000E-01  2.625754300332648E+08
 -3.750000000000000E-01 -2.750000000000000E-01 -2.250000000000000E-01  2.625754300332648E+08
 -4.250000000000000E-01 -2.750000000000000E-01 -2.250000000000000E-01  2.625754300332648E+08
 -4.750000000000000E-01 -2.750000000000000E-01 -2.250000000000000E-01  2.625754300332648E+08
 -5.249999999999999E-01 -2.750000000000000E-01 -2.250000000000000E-01  2.625754300332648E+08
 -2.250000000000000E-01 -3.250000000000000E-01 -2.250000000000000E-01  2.625754300332648E+08
 -2.750000000000000E-01 -3.250000000000000E-01 -2.250000000000000E-01  2.625754300332648E+08
 -3.250000000000000E-01 -3.250000000000000E-01 -2.250000000000000E-01  2.625754300332648E+08
 -3.750000000000000E-01 -3.250000000000000E-01 -2.250000000000000E-01  2.625754300332648E+08
 -4.250000000000000E-01 -3.250000000000000E-01 -2.250000000000000E-01  2.625754300332648E+08
 -4.750000000000000E-01 -3.250000000000000E-01 -2.250000000000000E-01  2.625754300332648E+08
 -3.750000000000000E-01 -3.750000000000000E-01 -2.250000000000000E-01  2.625754300332648E+08
 -2.500000000000000E-02 -2.500000000000000E-02 -2.750000000000000E-01  2.625754300332648E+08
 -7.500000000000001E-02 -2.500000000000000E-02 -2.750000000000000E-01  2.625754300332648E+08
 -1.250000000000000E-01 -2.500000000000000E-02 -2.750000000000000E-01  2.625754300332648E+08
 -1.750000000000000E-01 -2.500000000000000E-02 -2.750000000000000E-01  2.625754300332648E+08
 -2.250000000000000E-01 -2.500000000000000E-02 -2.750000000000000E-01  2.625754300332648E+08
 -2.750000000000000E-01 -2.500000000000000E-02 -2.750000000000000E-01  2.625754300332648E+08
 -3.250000000000000E-01 -2.500000000000000E-02 -2.750000000000000E-01  2.625754300332648E+08
 -3.750000000000000E-01 -2.500000000000000E-02 -2.750000000000000E-01  2.625754300332648E+08
 -4.250000000000000E-01 -2.500000000000000E-02 -2.750000000000000E-01  2.625754300332648E+08
 -4.750000000000000E-01 -2.500000000000000E-02 -2.750000000000000E-01  2.625754300332648E+08
 -5.249999999999999E-01 -2.500000000000000E-02 -2.750000000000000E-01  2.625754300332648E+08
 -2.500000000000000E-02 -7.500000000000001E-02 -2.750000000000000E-01  2.625754300332648E+08
 -7.500000000000001E-02 -7.500000000000001E-02 -2.750000000000000E-01  2.625754300332648E+08
 -1.250000000000000E-01 -7.500000000000001E-02 -2.750000000000000E-01  2.625754300332648E+08
 -1.750000000000000E-01 -7.500000000000001E-02 -2.750000000000000E-01  2.625754300332648E+08
 -2.250000000000000E-01 -7.500000000000001E-02 -2.750000000000000E-01  2.625754300332648E+08
 -2.750000000000000E-01 -7.500000000000001E-02 -2.750000000000000E-01  2.625754300332648E+08
 -3.250000000000000E-01 -7.500000000000001E-02 -2.750000000000000E-01  2.625754300332648E+08
 -3.750000000000000E-01 -7.500000000000001E-02 -2.750000000000000E-01  2.625754300332648E+08
 -4.250000000000000E-01 -7.500000000000001E-02 -2.750000000000000E-01  2.625754300332648E+08
 -4.750000000000000E-01 -7.500000000000001E-02 -2.750000000000000E-01  2.625754300332648E+08
 -5.249999999999999E-01 -7.500000000000001E-02 -2.750000000000000E-01  2.625754300332648E+08
 -2.500000000000000E-02 -1.250000000000000E-01 -2.750000000000000E-01  2.625754300332648E+08
 -7.500000000000001E-02 -1.250000000000000E-01 -2.750000000000000E-01  2.625754300332648E+08
 -1.250000000000000E-01 -1.250000000000000E-01 -2.750000000000000E-01  2.625754300332648E+08
 -1.750000000000000E-01 -1.250000000000000E-01 -2.750000000000000E-01  2.625754300332648E+08
 -2.250000000000000E-01 -1.250000000000000E-01 -2.750000000000000E-01  2.625754300332648E+08
 -2.750000000000000E-01 -1.250000000000000E-01 -2.750000000000000E-01  2.625754300332648E+08
 -3.250000000000000E-01 -1.250000000000000E-01 -2.750000000000000E-01  2.625754300332648E+08
 -3.750000000000000E-01 -1.250000000000000E-01 -2.750000000000000E-01  2.625754300332648E+08
 -4.250000000000000E-01 -1.250000000000000E-01 -2.750000000000000E-01  2.625754300332648E+08
 -4.750000000000000E-01 -1.250000000000000E-01 -2.750000000000000E-01  2.625754300332648E+08
 -2.500000000000000E-02 -1.750000000000000E-01 -2.750000000000000E-01  2.625754300332648E+08
 -7.500000000000001E-02 -1.750000000000000E-01 -2.750000000000000E-01  2.625754300332648E+08
 -1.250000000000000E-01 -1.750000000000000E-01 -2.750000000000000E-01  2.625754300332648E+08
 -1.750000000000000E-01 -1.750000000000000E-01 -2.750000000000000E-01  2.625754300332648E+08
 -2.250000000000000E-01 -1.750000000000000E-01 -2.750000000000000E-01  2.625754300332648E+08
 -2.750000000000000E-01 -1.750000000000000E-01 -2.750000000000000E-01  2.625754300332648E+08
 -3.250000000000000E-01 -1.750000000000000E-01 -2.750000000000000E-01  2.625754300332648E+08
 -3.750000000000000E-01 -1.750000000000000E-01 -2.750000000000000E-01  2.625754300332648E+08
 -4.250000000000000E-01 -1.750000000000000E-01 -2.750000000000000E-01  2.625754300332648E+08
 -4.750000000000000E-01 -1.750000000000000E-01 -2.750000000000000E-01  2.625754300332648E+08
 -2.500000000000000E-02 -2.250000000000000E-01 -2.750000000000000E-01  2.625754300332648E+08
 -7.500000000000001E-02 -2.250000000000000E-01 -2.750000000000000E-01  2.625754300332648E+08
 -1.250000000000000E-01 -2.250000000000000E-01 -2.750000000000000E-01  2.625754300332648E+08
 -1.750000000000000E-01 -2.250000000000000E-01 -2.750000000000000E-01  2.625754300332648E+08
 -2.250000000000000E-01 -2.250000000000000E-01 -2.750000000000000E-01  2.625754300332648E+08
 -2.750000000000000E-01 -2.250000000000000E-01 -2.750000000000000E-01  2.625754300332648E+08
 -3.250000000000000E-01 -2.250000000000000E-01 -2.750000000000000E-01  2.625754300332648E+08
 -3.750000000000000E-01 -2.250000000000000E-01 -2.750000000000000E-01  2.625754300332648E+08
 -4.250000000000000E-01 -2.250000000000000E-01 -2.750000000000000E-01  2.625754300332648E+08
 -2.750000000000000E-01 -2.750000000000000E-01 -2.750000000000000E-01  2.625754300332648E+08
 -3.250000000000000E-01 -2.750000000000000E-01 -2.750000000000000E-01  2.625754300332648E+08
 -3.750000000000000E-01 -2.750000000000000E-01 -2.750000000000000E-01  2.625754300332648E+08
 -2.500000000000000E-02 -2.500000000000000E-02 -3.250000000000000E-01  2.625754300332648E+08
 -7.500000000000001E-02 -2.500000000000000E-02 -3.250000000000000E-01  2.625754300332648E+08
 -1.250000000000000E-01 -2.500000000000000E-02 -3.250000000000000E-01  2.625754300332648E+08
 -1.750000000000000E-01 -2.500000000000000E-02 -3.250000000000000E-01  2.625754300332648E+08
 -2.250000000000000E-01 -2.500000000000000E-02 -3.250000000000000E-01  2.625754300332648E+08
 -2.750000000000000E-01 -2.500000000000000E-02 -3.250000000000000E-01  2.625754300332648E+08
 -3.250000000000000E-01 -2.500000000000000E-02 -3.250000000000000E-01  2.625754300332648E+08
 -3.750000000000000E-01 -2.500000000000000E-02 -3.250000000000000E-01  2.625754300332648E+08
 -2.500000000000000E-02 -7.500000000000001E-02 -3.250000000000000E-01  2.625754300332648E+08
 -7.500000000000001E-02 -7.500000000000001E-02 -3.250000000000000E-01  2.625754300332648E+08
 -1.250000000000000E-01 -7.500000000000001E-02 -3.250000000000000E-01  2.625754300332648E+08
 -1.750000000000000E-01 -7.500000000000001E-02 -3.250000000000000E-01  2.625754300332648E+08
 -2.250000000000000E-01 -7.500000000000001E-02 -3.250000000000000E-01  2.625754300332648E+08
 -2.750000000000000E-01 -7.500000000000001E-02 -3.250000000000000E-01  2.625754300332648E+08
 -3.250000000000000E-01 -7.500000000000001E-02 -3.250000000000000E-01  2.625754300332648E+08
 -2.500000000000000E-02 -1.250000000000000E-01 -3.250000000000000E-01  2.625754300332648E+08
 -7.500000000000001E-02 -1.250000000000000E-01 -3.250000000000000E-01  2.625754300332648E+08
 -1.250000000000000E-01 -1.250000000000000E-01 -3.250000000000000E-01  2.625754300332648E+08
 -1.750000000000000E-01 -1.250000000000000E-01 -3.250000000000000E-01  2.625754300332648E+08
 -2.250000000000000E-01 -1.250000000000000E-01 -3.250000000000000E-01  2.625754300332648E+08
 -2.750000000000000E-01 -1.250000000000000E-01 -3.250000000000000E-01  2.625754300332648E+08
 -2.500000000000000E-02 -1.750000000000000E-01 -3.250000000000000E-01  2.625754300332648E+08
 -7.500000000000001E-02 -1.750000000000000E-01 -3.250000000000000E-01  2.625754300332648E+08
  2.500000000000000E-02 -2.500000000000000E-02 -2.500000000000000E-02  2.625754300332648E+08
  7.500000000000001E-02 -2.500000000000000E-02 -2.500000000000000E-02  2.625754300332648E+08
  1.250000000000000E-01 -2.500000000000000E-02 -2.500000000000000E-02  2.625754300332648E+08
  1.750000000000000E-01 -2.500000000000000E-02 -2.500000000000000E-02  2.625754300332648E+08
  2.250000000000000E-01 -2.500000000000000E-02 -2.500000000000000E-02  2.625754300332648E+08
  2.750000000000000E-01 -2.500000000000000E-02 -2.500000000000000E-02  2.625754300332648E+08
  3.250000000000000E-01 -2.500000000000000E-02 -2.500000000000000E-02  2.625754300332648E+08
  3.750000000000000E-01 -2.500000000000000E-02 -2.500000000000000E-02  2.625754300332648E+08
  4.250000000000000E-01 -2.500000000000000E-02 -2.500000000000000E-02  2.625754300332648E+08
  4.750000000000000E-01 -2.500000000000000E-02 -2.500000000000000E-02  2.625754300332648E+08
  5.249999999999999E-01 -2.500000000000000E-02 -2.500000000000000E-02  2.625754300332648E+08
  5.750000000000000E-01 -2.500000000000000E-02 -2.500000000000000E-02  2.625754300332648E+08
  6.250000000000000E-01 -2.500000000000000E-02 -2.500000000000000E-02  2.625754300332648E+08
  6.750000000000000E-01 -2.500000000000000E-02 -2.500000000000000E-02  2.625754300332648E+08
  7.250000000000001E-01 -2.500000000000000E-02 -2.500000000000000E-02  2.625754300332648E+08
  2.500000000000000E-02 -7.500000000000001E-02 -2.500000000000000E-02  2.625754300332648E+08
  7.500000000000001E-02 -7.500000000000001E-02 -2.500000000000000E-02  2.625754300332648E+08
  1.250000000000000E-01 -7.500000000000001E-02 -2.500000000000000E-02  2.625754300332648E+08
  1.750000000000000E-01 -7.500000000000001E-02 -2.500000000000000E-02  2.625754300332648E+08
  2.250000000000000E-01 -7.500000000000001E-02 -2.500000000000000E-02  2.625754300332648E+08
  2.750000000000000E-01 -7.500000000000001E-02 -2.500000000000000E-02  2.625754300332648E+08
  3.250000000000000E-01 -7.500000000000001E-02 -2.500000000000000E-02  2.625754300332648E+08
  3.750000000000000E-01 -7.500000000000001E-02 -2.500000000000000E-02  2.625754300332648E+08
  4.250000000000000E-01 -7.500000000000001E-02 -2.500000000000000E-02  2.625754300332648E+08
  4.750000000000000E-01 -7.500000000000001E-02 -2.500000000000000E-02  2.625754300332648E+08
  5.249999999999999E-01 -7.500000000000001E-02 -2.500000000000000E-02  2.625754300332648E+08
  5.750000000000000E-01 -7.500000000000001E-02 -2.500000000000000E-02  2.625754300332648E+08
  6.250000000000000E-01 -7.500000000000001E-02 -2.500000000000000E-02  2.625754300332648E+08
  6.750000000000000E-01 -7.500000000000001E-02 -2.500000000000000E-02  2.625754300332648E+08
  2.500000000000000E-02 -1.250000000000000E-01 -2.500000000000000E-02  2.625754300332648E+08
  7.500000000000001E-02 -1.250000000000000E-01 -2.500000000000000E-02  2.625754300332648E+08
  1.250000000000000E-01 -1.250000000000000E-01 -2.500000000000000E-02  2.625754300332648E+08
  1.750000000000000E-01 -1.250000000000000E-01 -2.500000000000000E-02  2.625754300332648E+08
  2.250000000000000E-01 -1.250000000000000E-01 -2.500000000000000E-02  2.625754300332648E+08
  2.750000000000000E-01 -1.250000000000000E-01 -2.500000000000000E-02  2.625754300332648E+08
  3.250000000000000E-01 -1.250000000000000E-01 -2.500000000000000E-02  2.625754300332648E+08
  3.750000000000000E-01 -1.250000000000000E-01 -2.500000000000000E-02  2.625754300332648E+08
  4.250000000000000E-01 -1.250000000000000E-01 -2.500000000000000E-02  2.625754300332648E+08
  4.750000000000000E-01 -1.250000000000000E-01 -2.500000000000000E-02  2.625754300332648E+08
  5.249999999999999E-01 -1.250000000000000E-01 -2.500000000000000E-02  2.625754300332648E+08
  5.750000000000000E-01 -1.250000000000000E-01 -2.500000000000000E-02  2.625754300332648E+08
  6.250000000000000E-01 -1.250000000000000E-01 -2.500000000000000E-02  2.625754300332648E+08
  6.750000000000000E-01 -1.250000000000000E-01 -2.500000000000000E-02  2.625754300332648E+08
  2.500000000000000E-02 -1.750000000000000E-01 -2.500000000000000E-02  2.625754300332648E+08
  7.500000000000001E-02 -1.750000000000000E-01 -2.500000000000000E-02  2.625754300332648E+08
  1.250000000000000E-01 -1.750000000000000E-01 -2.500000000000000E-02  2.625754300332648E+08
  1.750000000000000E-01 -1.750000000000000E-01 -2.500000000000000E-02  2.625754300332648E+08
  2.250000000000000E-01 -1.750000000000000E-01 -2.500000000000000E-02  2.625754300332648E+08
  2.750000000000000E-01 -1.750000000000000E-01 -2.500000000000000E-02  2.625754300332648E+08
  3.250000000000000E-01 -1.750000000000000E-01 -2.500000000000000E-02  2.625754300332648E+08
  3.750000000000000E-01 -1.750000000000000E-01 -2.500000000000000E-02  2.625754300332648E+08
  4.250000000000000E-01 -1.750000000000000E-01 -2.500000000000000E-02  2.625754300332648E+08
  4.750000000000000E-01 -1.750000000000000E-01 -2.500000000000000E-02  2.625754300332648E+08
  5.249999999999999E-01 -1.750000000000000E-01 -2.500000000000000E-02  2.625754300332648E+08
  5.750000000000000E-01 -1.750000000000000E-01 -2.500000000000000E-02  2.625754300332648E+08
  6.250000000000000E-01 -1.750000000000000E-01 -2.500000000000000E-02  2.625754300332648E+08
  2.500000000000000E-02 -2.250000000000000E-01 -2.500000000000000E-02  2.625754300332648E+08
  7.500000000000001E-02 -2.250000000000000E-01 -2.500000000000000E-02  2.625754300332648E+08
  1.250000000000000E-01 -2.250000000000000E-01 -2.500000000000000E-02  2.625754300332648E+08
  1.750000000000000E-01 -2.250000000000000E-01 -2.500000000000000E-02  2.625754300332648E+08
  2.250000000000000E-01 -2.250000000000000E-01 -2.500000000000000E-02  2.625754300332648E+08
  2.750000000000000E-01 -2.250000000000000E-01 -2.500000000000000E-02  2.625754300332648E+08
  3.250000000000000E-01 -2.250000000000000E-01 -2.500000000000000E-02  2.625754300332648E+08
  3.750000000000000E-01 -2.250000000000000E-01 -2.500000000000000E-02  2.625754300332648E+08
  4.250000000000000E-01 -2.250000000000000E-01 -2.500000000000000E-02  2.625754300332648E+08
  4.750000000000000E-01 -2.250000000000000E-01 -2.500000000000000E-02  2.625754300332648E+08
  5.249999999999999E-01 -2.250000000000000E-01 -2.500000000000000E-02  2.625754300332648E+08
  5.750000000000000E-01 -2.250000000000000E-01 -2.500000000000000E-02  2.625754300332648E+08
  6.250000000000000E-01 -2.250000000000000E-01 -2.500000000000000E-02  2.625754300332648E+08
  2.500000000000000E-02 -2.750000000000000E-01 -2.500000000000000E-02  2.625754300332648E+08
  7.500000000000001E-02 -2.750000000000000E-01 -2.500000000000000E-02  2.625754300332648E+08
  1.250000000000000E-01 -2.750000000000000E-01 -2.500000000000000E-02  2.625754300332648E+08
  1.750000000000000E-01 -2.750000000000000E-01 -2.500000000000000E-02  2.625754300332648E+08
  2.250000000000000E-01 -2.750000000000000E-01 -2.500000000000000E-02  2.625754300332648E+08
  2.750000000000000E-01 -2.750000000000000E-01 -2.500000000000000E-02  2.625754300332648E+08
  3.250000000000000E-01 -2.750000000000000E-01 -2.500000000000000E-02  2.625754300332648E+08
  3.750000000000000E-01 -2.750000000000000E-01 -2.500000000000000E-02  2.625754300332648E+08
  4.250000000000000E-01 -2.750000000000000E-01 -2.500000000000000E-02  2.625754300332648E+08
  4.750000000000000E-01 -2.750000000000000E-01 -2.500000000000000E-02  2.625754300332648E+08
  5.249999999999999E-01 -2.750000000000000E-01 -2.500000000000000E-02  2.625754300332648E+08
  5.750000000000000E-01 -2.750000000000000E-01 -2.500000000000000E-02  2.625754300332648E+08
  2.500000000000000E-02 -3.250000000000000E-01 -2.500000000000000E-02  2.625754300332648E+08
  7.500000000000001E-02 -3.250000000000000E-01 -2.500000000000000E-02  2.625754300332648E+08
  1.250000000000000E-01 -3.250000000000000E-01 -2.500000000000000E-02  2.625754300332648E+08
  1.750000000000000E-01 -3.250000000000000E-01 -2.500000000000000E-02  2.625754300332648E+08
  2.250000000000000E-01 -3.250000000000000E-01 -2.500000000000000E-02  2.625754300332648E+08
  2.750000000000000E-01 -3.250000000000000E-01 -2.500000000000000E-02  2.625754300332648E+08
  3.250000000000000E-01 -3.250000000000000E-01 -2.500000000000000E-02  2.625754300332648E+08
  3.750000000000000E-01 -3.250000000000000E-01 -2.500000000000000E-02  2.625754300332648E+08
  4.250000000000000E-01 -3.250000000000000E-01 -2.500000000000000E-02  2.625754300332648E+08
  4.750000000000000E-01 -3.250000000000000E-01 -2.500000000000000E-02  2.625754300332648E+08
  5.249999999999999E-01 -3.250000000000000E-01 -2.500000000000000E-02  2.625754300332648E+08
  2.500000000000000E-02 -3.750000000000000E-01 -2.500000000000000E-02  2.625754300332648E+08
  7.500000000000001E-02 -3.750000000000000E-01 -2.500000000000000E-02  2.625754300332648E+08
  1.250000000000000E-01 -3.750000000000000E-01 -2.500000000000000E-02  2.625754300332648E+08
  1.750000000000000E-01 -3.750000000000000E-01 -2.500000000000000E-02  2.625754300332648E+08
  2.250000000000000E-01 -3.750000000000000E-01 -2.500000000000000E-02  2.625754300332648E+08
  2.750000000000000E-01 -3.750000000000000E-01 -2.500000000000000E-02  2.625754300332648E+08
  3.250000000000000E-01 -3.750000000000000E-01 -2.500000000000000E-02  2.625754300332648E+08
  3.750000000000000E-01 -3.750000000000000E-01 -2.500000000000000E-02  2.625754300332648E+08
  4.250000000000000E-01 -3.750000000000000E-01 -2.500000000000000E-02  2.625754300332648E+08
  2.500000000000000E-02 -4.250000000000000E-01 -2.500000000000000E-02  2.625754300332648E+08
  7.500000000000001E-02 -4.250000000000000E-01 -2.500000000000000E-02  2.625754300332648E+08
  1.250000000000000E-01 -4.250000000000000E-01 -2.500000000000000E-02  2.625754300332648E+08
  1.750000000000000E-01 -4.250000000000000E-01 -2.500000000000000E-02  2.625754300332648E+08
  2.250000000000000E-01 -4.250000000000000E-01 -2.500000000000000E-02  2.625754300332648E+08
  2.750000000000000E-01 -4.250000000000000E-01 -2.500000000000000E-02  2.625754300332648E+08
  1.250000000000000E-01 -4.750000000000000E-01 -2.500000000000000E-02  2.625754300332648E+08
  1.750000000000000E-01 -4.750000000000000E-01 -2.500000000000000E-02  2.625754300332648E+08
  2.500000000000000E-02 -2.500000000000000E-02 -7.500000000000001E-02  2.625754300332648E+08
  7.500000000000001E-02 -2.500000000000000E-02 -7.500000000000001E-02  2.625754300332648E+08
  1.250000000000000E-01 -2.500000000000000E-02 -7.500000000000001E-02  2.625754300332648E+08
  1.750000000000000E-01 -2.500000000000000E-02 -7.500000000000001E-02  2.625754300332648E+08
  2.250000000000000E-01 -2.500000000000000E-02 -7.500000000000001E-02  2.625754300332648E+08
  2.750000000000000E-01 -2.500000000000000E-02 -7.500000000000001E-02  2.625754300332648E+08
  3.250000000000000E-01 -2.500000000000000E-02 -7.500000000000001E-02  2.625754300332648E+08
  3.750000000000000E-01 -2.500000000000000E-02 -7.500000000000001E-02  2.625754300332648E+08
  4.250000000000000E-01 -2.500000000000000E-02 -7.500000000000001E-02  2.625754300332648E+08
  4.750000000000000E-01 -2.500000000000000E-02 -7.500000000000001E-02  2.625754300332648E+08
  5.249999999999999E-01 -2.500000000000000E-02 -7.500000000000001E-02  2.625754300332648E+08
  5.750000000000000E-01 -2.500000000000000E-02 -7.500000000000001E-02  2.625754300332648E+08
  6.250000000000000E-01 -2.500000000000000E-02 -7.500000000000001E-02  2.625754300332648E+08
  6.750000000000000E-01 -2.500000000000000E-02 -7.500000000000001E-02  2.625754300332648E+08
  2.500000000000000E-02 -7.500000000000001E-02 -7.500000000000001E-02  2.625754300332648E+08
  7.500000000000001E-02 -7.500000000000001E-02 -7.500000000000001E-02  2.625754300332648E+08
  1.250000000000000E-01 -7.500000000000001E-02 -7.500000000000001E-02  2.625754300332648E+08
  1.750000000000000E-01 -7.500000000000001E-02 -7.500000000000001E-02  2.625754300332648E+08
  2.250000000000000E-01 -7.500000000000001E-02 -7.500000000000001E-02  2.625754300332648E+08
  2.750000000000000E-01 -7.500000000000001E-02 -7.500000000000001E-02  2.625754300332648E+08
  3.250000000000000E-01 -7.500000000000001E-02 -7.500000000000001E-02  2.625754300332648E+08
  3.750000000000000E-01 -7.500000000000001E-02 -7.500000000000001E-02  2.625754300332648E+08
  4.250000000000000E-01 -7.500000000000001E-02 -7.500000000000001E-02  2.625754300332648E+08
  4.750000000000000E-01 -7.500000000000001E-02 -7.500000000000001E-02  2.625754300332648E+08
  5.249999999999999E-01 -7.500000000000001E-02 -7.500000000000001E-02  2.625754300332648E+08
  5.750000000000000E-01 -7.500000000000001E-02 -7.500000000000001E-02  2.625754300332648E+08
  6.250000000000000E-01 -7.500000000000001E-02 -7.500000000000001E-02  2.625754300332648E+08
  6.750000000000000E-01 -7.500000000000001E-02 -7.500000000000001E-02  2.625754300332648E+08
  2.500000000000000E-02 -1.250000000000000E-01 -7.500000000000001E-02  2.625754300332648E+08
  7.500000000000001E-02 -1.250000000000000E-01 -7.500000000000001E-02  2.625754300332648E+08
  1.250000000000000E-01 -1.250000000000000E-01 -7.500000000000001E-02  2.625754300332648E+08
  1.750000000000000E-01 -1.250000000000000E-01 -7.500000000000001E-02  2.625754300332648E+08
  2.250000000000000E-01 -1.250000000000000E-01 -7.500000000000001E-02  2.625754300332648E+08
  2.750000000000000E-01 -1.250000000000000E-01 -7.500000000000001E-02  2.625754300332648E+08
  3.250000000000000E-01 -1.250000000000000E-01 -7.500000000000001E-02  2.625754300332648E+08
  3.750000000000000E-01 -1.250000000000000E-01 -7.500000000000001E-02  2.625754300332648E+08
  4.250000000000000E-01 -1.250000000000000E-01 -7.500000000000001E-02  2.625754300332648E+08
  4.750000000000000E-01 -1.250000000000000E-01 -7.500000000000001E-02  2.625754300332648E+08
  5.249999999999999E-01 -1.250000000000000E-01 -7.500000000000001E-02  2.625754300332648E+08
  5.750000000000000E-01 -1.250000000000000E-01 -7.500000000000001E-02  2.625754300332648E+08
  6.250000000000000E-01 -1.250000000000000E-01 -7.500000000000001E-02  2.625754300332648E+08
  6.750000000000000E-01 -1.250000000000000E-01 -7.500000000000001E-02  2.625754300332648E+08
  2.500000000000000E-02 -1.750000000000000E-01 -7.500000000000001E-02  2.625754300332648E+08
  7.500000000000001E-02 -1.750000000000000E-01 -7.500000000000001E-02  2.625754300332648E+08
  1.250000000000000E-01 -1.750000000000000E-01 -7.500000000000001E-02  2.625754300332648E+08
  1.750000000000000E-01 -1.750000000000000E-01 -7.500000000000001E-02  2.625754300332648E+08
  2.250000000000000E-01 -1.750000000000000E-01 -7.500000000000001E-02  2.625754300332648E+08
  2.750000000000000E-01 -1.750000000000000E-01 -7.500000000000001E-02  2.625754300332648E+08
  3.250000000000000E-01 -1.750000000000000E-01 -7.500000000000001E-02  2.625754300332648E+08
  3.750000000000000E-01 -1.750000000000000E-01 -7.500000000000001E-02  2.625754300332648E+08
  4.250000000000000E-01 -1.750000000000000E-01 -7.500000000000001E-02  2.625754300332648E+08
  4.750000000000000E-01 -1.750000000000000E-01 -7.500000000000001E-02  2.625754300332648E+08
  5.249999999999999E-01 -1.750000000000000E-01 -7.500000000000001E-02  2.625754300332648E+08
  5.750000000000000E-01 -1.750000000000000E-01 -7.500000000000001E-02  2.625754300332648E+08
  6.250000000000000E-01 -1.750000000000000E-01 -7.500000000000001E-02  2.625754300332648E+08
  2.500000000000000E-02 -2.250000000000000E-01 -7.500000000000001E-02  2.625754300332648E+08
  7.500000000000001E-02 -2.250000000000000E-01 -7.500000000000001E-02  2.625754300332648E+08
  1.250000000000000E-01 -2.250000000000000E-01 -7.500000000000001E-02  2.625754300332648E+08
  1.750000000000000E-01 -2.250000000000000E-01 -7.500000000000001E-02  2.625754300332648E+08
  2.250000000000000E-01 -2.250000000000000E-01 -7.500000000000001E-02  2.625754300332648E+08
  2.750000000000000E-01 -2.250000000000000E-01 -7.500000000000001E-02  2.625754300332648E+08
  3.250000000000000E-01 -2.250000000000000E-01 -7.500000000000001E-02  2.625754300332648E+08
  3.750000000000000E-01 -2.250000000000000E-01 -7.500000000000001E-02  2.625754300332648E+08
  4.250000000000000E-01 -2.250000000000000E-01 -7.500000000000001E-02  2.625754300332648E+08
  4.750000000000000E-01 -2.250000000000000E-01 -7.500000000000001E-02  2.625754300332648E+08
  5.249999999999999E-01 -2.250000000000000E-01 -7.500000000000001E-02  2.625754300332648E+08
  5.750000000000000E-01 -2.250000000000000E-01 -7.500000000000001E-02  2.625754300332648E+08
  2.500000000000000E-02 -2.750000000000000E-01 -7.500000000000001E-02  2.625754300332648E+08
  7.500000000000001E-02 -2.750000000000000E-01 -7.500000000000001E-02  2.625754300332648E+08
  1.250000000000000E-01 -2.750000000000000E-01 -7.500000000000001E-02  2.625754300332648E+08
  1.750000000000000E-01 -2.750000000000000E-01 -7.500000000000001E-02  2.625754300332648E+08
  2.250000000000000E-01 -2.750000000000000E-01 -7.500000000000001E-02  2.625754300332648E+08
  2.750000000000000E-01 -2.750000000000000E-01 -7.500000000000001E-02  2.625754300332648E+08
  3.250000000000000E-01 -2.750000000000000E-01 -7.500000000000001E-02  2.625754300332648E+08
  3.750000000000000E-01 -2.750000000000000E-01 -7.500000000000001E-02  2.625754300332648E+08
  4.250000000000000E-01 -2.750000000000000E-01 -7.500000000000001E-02  2.625754300332648E+08
  4.750000000000000E-01 -2.750000000000000E-01 -7.500000000000001E-02  2.625754300332648E+08
  5.249999999999999E-01 -2.750000000000000E-01 -7.500000000000001E-02  2.625754300332648E+08
  2.500000000000000E-02 -3.250000000000000E-01 -7.500000000000001E-02  2.625754300332648E+08
  7.500000000000001E-02 -3.250000000000000E-01 -7.500000000000001E-02  2.625754300332648E+08
  1.250000000000000E-01 -3.250000000000000E-01 -7.500000000000001E-02  2.625754300332648E+08
  1.750000000000000E-01 -3.250000000000000E-01 -7.500000000000001E-02  2.625754300332648E+08
  2.250000000000000E-01 -3.250000000000000E-01 -7.500000000000001E-02  2.625754300332648E+08
  2.750000000000000E-01 -3.250000000000000E-01 -7.500000000000001E-02  2.625754300332648E+08
  3.250000000000000E-01 -3.250000000000000E-01 -7.500000000000001E-02  2.625754300332648E+08
  3.750000000000000E-01 -3.250000000000000E-01 -7.500000000000001E-02  2.625754300332648E+08
  4.250000000000000E-01 -3.250000000000000E-01 -7.500000000000001E-02  2.625754300332648E+08
  4.750000000000000E-01 -3.250000000000000E-01 -7.500000000000001E-02  2.625754300332648E+08
  2.500000000000000E-02 -3.750000000000000E-01 -7.500000000000001E-02  2.625754300332648E+08
  7.500000000000001E-02 -3.750000000000000E-01 -7.500000000000001E-02  2.625754300332648E+08
  1.250000000000000E-01 -3.750000000000000E-01 -7.500000000000001E-02  2.625754300332648E+08
  1.750000000000000E-01 -3.750000000000000E-01 -7.500000000000001E-02  2.625754300332648E+08
  2.250000000000000E-01 -3.750000000000000E-01 -7.500000000000001E-02  2.625754300332648E+08
  2.750000000000000E-01 -3.750000000000000E-01 -7.500000000000001E-02  2.625754300332648E+08
  3.250000000000000E-01 -3.750000000000000E-01 -7.500000000000001E-02  2.625754300332648E+08
  3.750000000000000E-01 -3.750000000000000E-01 -7.500000000000001E-02  2.625754300332648E+08
  7.500000000000001E-02 -4.250000000000000E-01 -7.500000000000001E-02  2.625754300332648E+08
  1.250000000000000E-01 -4.250000000000000E-01 -7.500000000000001E-02  2.625754300332648E+08
  1.750000000000000E-01 -4.250000000000000E-01 -7.500000000000001E-02  2.625754300332648E+08
  2.250000000000000E-01 -4.250000000000000E-01 -7.500000000000001E-02  2.625754300332648E+08
  2.500000000000000E-02 -2.500000000000000E-02 -1.250000000000000E-01  2.625754300332648E+08
  7.500000000000001E-02 -2.500000000000000E-02 -1.250000000000000E-01  2.625754300332648E+08
  1.250000000000000E-01 -2.500000000000000E-02 -1.250000000000000E-01  2.625754300332648E+08
  1.750000000000000E-01 -2.500000000000000E-02 -1.250000000000000E-01  2.625754300332648E+08
  2.250000000000000E-01 -2.500000000000000E-02 -1.250000000000000E-01  2.625754300332648E+08
  2.750000000000000E-01 -2.500000000000000E-02 -1.250000000000000E-01  2.625754300332648E+08
  3.250000000000000E-01 -2.500000000000000E-02 -1.250000000000000E-01  2.625754300332648E+08
  3.750000000000000E-01 -2.500000000000000E-02 -1.250000000000000E-01  2.625754300332648E+08
  4.250000000000000E-01 -2.500000000000000E-02 -1.250000000000000E-01  2.625754300332648E+08
  4.750000000000000E-01 -2.500000000000000E-02 -1.250000000000000E-01  2.625754300332648E+08
  5.249999999999999E-01 -2.500000000000000E-02 -1.250000000000000E-01  2.625754300332648E+08
  5.750000000000000E-01 -2.500000000000000E-02 -1.250000000000000E-01  2.625754300332648E+08
  6.250000000000000E-01 -2.500000000000000E-02 -1.250000000000000E-01  2.625754300332648E+08
  6.750000000000000E-01 -2.500000000000000E-02 -1.250000000000000E-01  2.625754300332648E+08
  2.500000000000000E-02 -7.500000000000001E-02 -1.250000000000000E-01  2.625754300332648E+08
  7.500000000000001E-02 -7.500000000000001E-02 -1.250000000000000E-01  2.625754300332648E+08
  1.250000000000000E-01 -7.500000000000001E-02 -1.250000000000000E-01  2.625754300332648E+08
  1.750000000000000E-01 -7.500000000000001E-02 -1.250000000000000E-01  2.625754300332648E+08
  2.250000000000000E-01 -7.500000000000001E-02 -1.250000000000000E-01  2.625754300332648E+08
  2.750000000000000E-01 -7.500000000000001E-02 -1.250000000000000E-01  2.625754300332648E+08
  3.250000000000000E-01 -7.500000000000001E-02 -1.250000000000000E-01  2.625754300332648E+08
  3.750000000000000E-01 -7.500000000000001E-02 -1.250000000000000E-01  2.625754300332648E+08
  4.250000000000000E-01 -7.500000000000001E-02 -1.250000000000000E-01  2.625754300332648E+08
  4.750000000000000E-01 -7.500000000000001E-02 -1.250000000000000E-01  2.625754300332648E+08
  5.249999999999999E-01 -7.500000000000001E-02 -1.250000000000000E-01  2.625754300332648E+08
  5.750000000000000E-01 -7.500000000000001E-02 -1.250000000000000E-01  2.625754300332648E+08
  6.250000000000000E-01 -7.500000000000001E-02 -1.250000000000000E-01  2.625754300332648E+08
  6.750000000000000E-01 -7.500000000000001E-02 -1.250000000000000E-01  2.625754300332648E+08
  2.500000000000000E-02 -1.250000000000000E-01 -1.250000000000000E-01  2.625754300332648E+08
  7.500000000000001E-02 -1.250000000000000E-01 -1.250000000000000E-01  2.625754300332648E+08
  1.250000000000000E-01 -1.250000000000000E-01 -1.250000000000000E-01  2.625754300332648E+08
  1.750000000000000E-01 -1.250000000000000E-01 -1.250000000000000E-01  2.625754300332648E+08
  2.250000000000000E-01 -1.250000000000000E-01 -1.250000000000000E-01  2.625754300332648E+08
  2.750000000000000E-01 -1.250000000000000E-01 -1.250000000000000E-01  2.625754300332648E+08
  3.250000000000000E-01 -1.250000000000000E-01 -1.250000000000000E-01  2.625754300332648E+08
  3.750000000000000E-01 -1.250000000000000E-01 -1.250000000000000E-01  2.625754300332648E+08
  4.250000000000000E-01 -1.250000000000000E-01 -1.250000000000000E-01  2.625754300332648E+08
  4.750000000000000E-01 -1.250000000000000E-01 -1.250000000000000E-01  2.625754300332648E+08
  5.249999999999999E-01 -1.250000000000000E-01 -1.250000000000000E-01  2.625754300332648E+08
  5.750000000000000E-01 -1.250000000000000E-01 -1.250000000000000E-01  2.625754300332648E+08
  6.250000000000000E-01 -1.250000000000000E-01 -1.250000000000000E-01  2.625754300332648E+08
  6.750000000000000E-01 -1.250000000000000E-01 -1.250000000000000E-01  2.625754300332648E+08
  2.500000000000000E-02 -1.750000000000000E-01 -1.250000000000000E-01  2.625754300332648E+08
  7.500000000000001E-02 -1.750000000000000E-01 -1.250000000000000E-01  2.625754300332648E+08
  1.250000000000000E-01 -1.750000000000000E-01 -1.250000000000000E-01  2.625754300332648E+08
  1.750000000000000E-01 -1.750000000000000E-01 -1.250000000000000E-01  2.625754300332648E+08
  2.250000000000000E-01 -1.750000000000000E-01 -1.250000000000000E-01  2.625754300332648E+08
  2.750000000000000E-01 -1.750000000000000E-01 -1.250000000000000E-01  2.625754300332648E+08
  3.250000000000000E-01 -1.750000000000000E-01 -1.250000000000000E-01  2.625754300332648E+08
  3.750000000000000E-01 -1.750000000000000E-01 -1.250000000000000E-01  2.625754300332648E+08
  4.250000000000000E-01 -1.750000000000000E-01 -1.250000000000000E-01  2.625754300332648E+08
  4.750000000000000E-01 -1.750000000000000E-01 -1.250000000000000E-01  2.625754300332648E+08
  5.249999999999999E-01 -1.750000000000000E-01 -1.250000000000000E-01  2.625754300332648E+08
  5.750000000000000E-01 -1.750000000000000E-01 -1.250000000000000E-01  2.625754300332648E+08
  6.250000000000000E-01 -1.750000000000000E-01 -1.250000000000000E-01  2.625754300332648E+08
  2.500000000000000E-02 -2.250000000000000E-01 -1.250000000000000E-01  2.625754300332648E+08
  7.500000000000001E-02 -2.250000000000000E-01 -1.250000000000000E-01  2.625754300332648E+08
  1.250000000000000E-01 -2.250000000000000E-01 -1.250000000000000E-01  2.625754300332648E+08
  1.750000000000000E-01 -2.250000000000000E-01 -1.250000000000000E-01  2.625754300332648E+08
  2.250000000000000E-01 -2.250000000000000E-01 -1.250000000000000E-01  2.625754300332648E+08
  2.750000000000000E-01 -2.250000000000000E-01 -1.250000000000000E-01  2.625754300332648E+08
  3.250000000000000E-01 -2.250000000000000E-01 -1.250000000000000E-01  2.625754300332648E+08
  3.750000000000000E-01 -2.250000000000000E-01 -1.250000000000000E-01  2.625754300332648E+08
  4.250000000000000E-01 -2.250000000000000E-01 -1.250000000000000E-01  2.625754300332648E+08
  4.750000000000000E-01 -2.250000000000000E-01 -1.250000000000000E-01  2.625754300332648E+08
  5.249999999999999E-01 -2.250000000000000E-01 -1.250000000000000E-01  2.625754300332648E+08
  5.750000000000000E-01 -2.250000000000000E-01 -1.250000000000000E-01  2.625754300332648E+08
  2.500000000000000E-02 -2.750000000000000E-01 -1.250000000000000E-01  2.625754300332648E+08
  7.500000000000001E-02 -2.750000000000000E-01 -1.250000000000000E-01  2.625754300332648E+08
  1.250000000000000E-01 -2.750000000000000E-01 -1.250000000000000E-01  2.625754300332648E+08
  1.750000000000000E-01 -2.750000000000000E-01 -1.250000000000000E-01  2.625754300332648E+08
  2.250000000000000E-01 -2.750000000000000E-01 -1.250000000000000E-01  2.625754300332648E+08
  2.750000000000000E-01 -2.750000000000000E-01 -1.250000000000000E-01  2.625754300332648E+08
  3.250000000000000E-01 -2.750000000000000E-01 -1.250000000000000E-01  2.625754300332648E+08
  3.750000000000000E-01 -2.750000000000000E-01 -1.250000000000000E-01  2.625754300332648E+08
  4.250000000000000E-01 -2.750000000000000E-01 -1.250000000000000E-01  2.625754300332648E+08
  4.750000000000000E-01 -2.750000000000000E-01 -1.250000000000000E-01  2.625754300332648E+08
  5.249999999999999E-01 -2.750000000000000E-01 -1.250000000000000E-01  2.625754300332648E+08
  2.500000000000000E-02 -3.250000000000000E-01 -1.250000000000000E-01  2.625754300332648E+08
  7.500000000000001E-02 -3.250000000000000E-01 -1.250000000000000E-01  2.625754300332648E+08
  1.250000000000000E-01 -3.250000000000000E-01 -1.250000000000000E-01  2.625754300332648E+08
  1.750000000000000E-01 -3.250000000000000E-01 -1.250000000000000E-01  2.625754300332648E+08
  2.250000000000000E-01 -3.250000000000000E-01 -1.250000000000000E-01  2.625754300332648E+08
  2.750000000000000E-01 -3.250000000000000E-01 -1.250000000000000E-01  2.625754300332648E+08
  3.250000000000000E-01 -3.250000000000000E-01 -1.250000000000000E-01  2.625754300332648E+08
  3.750000000000000E-01 -3.250000000000000E-01 -1.250000000000000E-01  2.625754300332648E+08
  4.250000000000000E-01 -3.250000000000000E-01 -1.250000000000000E-01  2.625754300332648E+08
  2.500000000000000E-02 -3.750000000000000E-01 -1.250000000000000E-01  2.625754300332648E+08
  7.500000000000001E-02 -3.750000000000000E-01 -1.250000000000000E-01  2.625754300332648E+08
  1.250000000000000E-01 -3.750000000000000E-01 -1.250000000000000E-01  2.625754300332648E+08
  1.750000000000000E-01 -3.750000000000000E-01 -1.250000000000000E-01  2.625754300332648E+08
  2.250000000000000E-01 -3.750000000000000E-01 -1.250000000000000E-01  2.625754300332648E+08
  2.750000000000000E-01 -3.750000000000000E-01 -1.250000000000000E-01  2.625754300332648E+08
  3.250000000000000E-01 -3.750000000000000E-01 -1.250000000000000E-01  2.625754300332648E+08
  1.250000000000000E-01 -4.250000000000000E-01 -1.250000000000000E-01  2.625754300332648E+08
  1.750000000000000E-01 -4.250000000000000E-01 -1.250000000000000E-01  2.625754300332648E+08
  2.500000000000000E-02 -2.500000000000000E-02 -1.750000000000000E-01  2.625754300332648E+08
  7.500000000000001E-02 -2.500000000000000E-02 -1.750000000000000E-01  2.625754300332648E+08
  1.250000000000000E-01 -2.500000000000000E-02 -1.750000000000000E-01  2.625754300332648E+08
  1.750000000000000E-01 -2.500000000000000E-02 -1.750000000000000E-01  2.625754300332648E+08
  2.250000000000000E-01 -2.500000000000000E-02 -1.750000000000000E-01  2.625754300332648E+08
  2.750000000000000E-01 -2.500000000000000E-02 -1.750000000000000E-01  2.625754300332648E+08
  3.250000000000000E-01 -2.500000000000000E-02 -1.750000000000000E-01  2.625754300332648E+08
  3.750000000000000E-01 -2.500000000000000E-02 -1.750000000000000E-01  2.625754300332648E+08
  4.250000000000000E-01 -2.500000000000000E-02 -1.750000000000000E-01  2.625754300332648E+08
  4.750000000000000E-01 -2.500000000000000E-02 -1.750000000000000E-01  2.625754300332648E+08
  5.249999999999999E-01 -2.500000000000000E-02 -1.750000000000000E-01  2.625754300332648E+08
  5.750000000000000E-01 -2.500000000000000E-02 -1.750000000000000E-01  2.625754300332648E+08
  6.250000000000000E-01 -2.500000000000000E-02 -1.750000000000000E-01  2.625754300332648E+08
  6.750000000000000E-01 -2.500000000000000E-02 -1.750000000000000E-01  2.625754300332648E+08
  2.500000000000000E-02 -7.500000000000001E-02 -1.750000000000000E-01  2.625754300332648E+08
  7.500000000000001E-02 -7.500000000000001E-02 -1.750000000000000E-01  2.625754300332648E+08
  1.250000000000000E-01 -7.500000000000001E-02 -1.750000000000000E-01  2.625754300332648E+08
  1.750000000000000E-01 -7.500000000000001E-02 -1.750000000000000E-01  2.625754300332648E+08
  2.250000000000000E-01 -7.500000000000001E-02 -1.750000000000000E-01  2.625754300332648E+08
  2.750000000000000E-01 -7.500000000000001E-02 -1.750000000000000E-01  2.625754300332648E+08
  3.250000000000000E-01 -7.500000000000001E-02 -1.750000000000000E-01  2.625754300332648E+08
  3.750000000000000E-01 -7.500000000000001E-02 -1.750000000000000E-01  2.625754300332648E+08
  4.250000000000000E-01 -7.500000000000001E-02 -1.750000000000000E-01  2.625754300332648E+08
  4.750000000000000E-01 -7.500000000000001E-02 -1.750000000000000E-01  2.625754300332648E+08
  5.249999999999999E-01 -7.500000000000001E-02 -1.750000000000000E-01  2.625754300332648E+08
  5.750000000000000E-01 -7.500000000000001E-02 -1.750000000000000E-01  2.625754300332648E+08
  6.250000000000000E-01 -7.500000000000001E-02 -1.750000000000000E-01  2.625754300332648E+08
  6.750000000000000E-01 -7.500000000000001E-02 -1.750000000000000E-01  2.625754300332648E+08
  2.500000000000000E-02 -1.250000000000000E-01 -1.750000000000000E-01  2.625754300332648E+08
  7.500000000000001E-02 -1.250000000000000E-01 -1.750000000000000E-01  2.625754300332648E+08
  1.250000000000000E-01 -1.250000000000000E-01 -1.750000000000000E-01  2.625754300332648E+08
  1.750000000000000E-01 -1.250000000000000E-01 -1.750000000000000E-01  2.625754300332648E+08
  2.250000000000000E-01 -1.250000000000000E-01 -1.750000000000000E-01  2.625754300332648E+08
  2.750000000000000E-01 -1.250000000000000E-01 -1.750000000000000E-01  2.625754300332648E+08
  3.250000000000000E-01 -1.250000000000000E-01 -1.750000000000000E-01  2.625754300332648E+08
  3.750000000000000E-01 -1.250000000000000E-01 -1.750000000000000E-01  2.625754300332648E+08
  4.250000000000000E-01 -1.250000000000000E-01 -1.750000000000000E-01  2.625754300332648E+08
  4.750000000000000E-01 -1.250000000000000E-01 -1.750000000000000E-01  2.625754300332648E+08
  5.249999999999999E-01 -1.250000000000000E-01 -1.750000000000000E-01  2.625754300332648E+08
  5.750000000000000E-01 -1.250000000000000E-01 -1.750000000000000E-01  2.625754300332648E+08
  6.250000000000000E-01 -1.250000000000000E-01 -1.750000000000000E-01  2.625754300332648E+08
  2.500000000000000E-02 -1.750000000000000E-01 -1.750000000000000E-01  2.625754300332648E+08
  7.500000000000001E-02 -1.750000000000000E-01 -1.750000000000000E-01  2.625754300332648E+08
  1.250000000000000E-01 -1.750000000000000E-01 -1.750000000000000E-01  2.625754300332648E+08
  1.750000000000000E-01 -1.750000000000000E-01 -1.750000000000000E-01  2.625754300332648E+08
  2.250000000000000E-01 -1.750000000000000E-01 -1.750000000000000E-01  2.625754300332648E+08
  2.750000000000000E-01 -1.750000000000000E-01 -1.750000000000000E-01  2.625754300332648E+08
  3.250000000000000E-01 -1.750000000000000E-01 -1.750000000000000E-01  2.625754300332648E+08
  3.750000000000000E-01 -1.750000000000000E-01 -1.750000000000000E-01  2.625754300332648E+08
  4.250000000000000E-01 -1.750000000000000E-01 -1.750000000000000E-01  2.625754300332648E+08
  4.750000000000000E-01 -1.750000000000000E-01 -1.750000000000000E-01  2.625754300332648E+08
  5.249999999999999E-01 -1.750000000000000E-01 -1.750000000000000E-01  2.625754300332648E+08
  5.750000000000000E-01 -1.750000000000000E-01 -1.750000000000000E-01  2.625754300332648E+08
  6.250000000000000E-01 -1.750000000000000E-01 -1.750000000000000E-01  2.625754300332648E+08
  2.500000000000000E-02 -2.250000000000000E-01 -1.750000000000000E-01  2.625754300332648E+08
  7.500000000000001E-02 -2.250000000000000E-01 -1.750000000000000E-01  2.625754300332648E+08
  1.250000000000000E-01 -2.250000000000000E-01 -1.750000000000000E-01  2.625754300332648E+08
  1.750000000000000E-01 -2.250000000000000E-01 -1.750000000000000E-01  2.625754300332648E+08
  2.250000000000000E-01 -2.250000000000000E-01 -1.750000000000000E-01  2.625754300332648E+08
  2.750000000000000E-01 -2.250000000000000E-01 -1.750000000000000E-01  2.625754300332648E+08
  3.250000000000000E-01 -2.250000000000000E-01 -1.750000000000000E-01  2.625754300332648E+08
  3.750000000000000E-01 -2.250000000000000E-01 -1.750000000000000E-01  2.625754300332648E+08
  4.250000000000000E-01 -2.250000000000000E-01 -1.750000000000000E-01  2.625754300332648E+08
  4.750000000000000E-01 -2.250000000000000E-01 -1.750000000000000E-01  2.625754300332648E+08
  5.249999999999999E-01 -2.250000000000000E-01 -1.750000000000000E-01  2.625754300332648E+08
  5.750000000000000E-01 -2.250000000000000E-01 -1.750000000000000E-01  2.625754300332648E+08
  2.500000000000000E-02 -2.750000000000000E-01 -1.750000000000000E-01  2.625754300332648E+08
  7.500000000000001E-02 -2.750000000000000E-01 -1.750000000000000E-01  2.625754300332648E+08
  1.250000000000000E-01 -2.750000000000000E-01 -1.750000000000000E-01  2.625754300332648E+08
  1.750000000000000E-01 -2.750000000000000E-01 -1.750000000000000E-01  2.625754300332648E+08
  2.250000000000000E-01 -2.750000000000000E-01 -1.750000000000000E-01  2.625754300332648E+08
  2.750000000000000E-01 -2.750000000000000E-01 -1.750000000000000E-01  2.625754300332648E+08
  3.250000000000000E-01 -2.750000000000000E-01 -1.750000000000000E-01  2.625754300332648E+08
  3.750000000000000E-01 -2.750000000000000E-01 -1.750000000000000E-01  2.625754300332648E+08
  4.250000000000000E-01 -2.750000000000000E-01 -1.750000000000000E-01  2.625754300332648E+08
  4.750000000000000E-01 -2.750000000000000E-01 -1.750000000000000E-01  2.625754300332648E+08
  2.500000000000000E-02 -3.250000000000000E-01 -1.750000000000000E-01  2.625754300332648E+08
  7.500000000000001E-02 -3.250000000000000E-01 -1.750000000000000E-01  2.625754300332648E+08
  1.250000000000000E-01 -3.250000000000000E-01 -1.750000000000000E-01  2.625754300332648E+08
  1.750000000000000E-01 -3.250000000000000E-01 -1.750000000000000E-01  2.625754300332648E+08
  2.250000000000000E-01 -3.250000000000000E-01 -1.750000000000000E-01  2.625754300332648E+08
  2.750000000000000E-01 -3.250000000000000E-01 -1.750000000000000E-01  2.625754300332648E+08
  3.250000000000000E-01 -3.250000000000000E-01 -1.750000000000000E-01  2.625754300332648E+08
  3.750000000000000E-01 -3.250000000000000E-01 -1.750000000000000E-01  2.625754300332648E+08
  7.500000000000001E-02 -3.750000000000000E-01 -1.750000000000000E-01  2.625754300332648E+08
  1.250000000000000E-01 -3.750000000000000E-01 -1.750000000000000E-01  2.625754300332648E+08
  1.750000000000000E-01 -3.750000000000000E-01 -1.750000000000000E-01  2.625754300332648E+08
  2.250000000000000E-01 -3.750000000000000E-01 -1.750000000000000E-01  2.625754300332648E+08
  2.750000000000000E-01 -3.750000000000000E-01 -1.750000000000000E-01  2.625754300332648E+08
  2.500000000000000E-02 -2.500000000000000E-02 -2.250000000000000E-01  2.625754300332648E+08
  7.500000000000001E-02 -2.500000000000000E-02 -2.250000000000000E-01  2.625754300332648E+08
  1.250000000000000E-01 -2.500000000000000E-02 -2.250000000000000E-01  2.625754300332648E+08
  1.750000000000000E-01 -2.500000000000000E-02 -2.250000000000000E-01  2.625754300332648E+08
  2.250000000000000E-01 -2.500000000000000E-02 -2.250000000000000E-01  2.625754300332648E+08
  2.750000000000000E-01 -2.500000000000000E-02 -2.250000000000000E-01  2.625754300332648E+08
  3.250000000000000E-01 -2.500000000000000E-02 -2.250000000000000E-01  2.625754300332648E+08
  3.750000000000000E-01 -2.500000000000000E-02 -2.250000000000000E-01  2.625754300332648E+08
  4.250000000000000E-01 -2.500000000000000E-02 -2.250000000000000E-01  2.625754300332648E+08
  4.750000000000000E-01 -2.500000000000000E-02 -2.250000000000000E-01  2.625754300332648E+08
  5.249999999999999E-01 -2.500000000000000E-02 -2.250000000000000E-01  2.625754300332648E+08
  5.750000000000000E-01 -2.500000000000000E-02 -2.250000000000000E-01  2.625754300332648E+08
  6.250000000000000E-01 -2.500000000000000E-02 -2.250000000000000E-01  2.625754300332648E+08
  6.750000000000000E-01 -2.500000000000000E-02 -2.250000000000000E-01  2.625754300332648E+08
  2.500000000000000E-02 -7.500000000000001E-02 -2.250000000000000E-01  2.625754300332648E+08
  7.500000000000001E-02 -7.500000000000001E-02 -2.250000000000000E-01  2.625754300332648E+08
  1.250000000000000E-01 -7.500000000000001E-02 -2.250000000000000E-01  2.625754300332648E+08
  1.750000000000000E-01 -7.500000000000001E-02 -2.250000000000000E-01  2.625754300332648E+08
  2.250000000000000E-01 -7.500000000000001E-02 -2.250000000000000E-01  2.625754300332648E+08
  2.750000000000000E-01 -7.500000000000001E-02 -2.250000000000000E-01  2.625754300332648E+08
  3.250000000000000E-01 -7.500000000000001E-02 -2.250000000000000E-01  2.625754300332648E+08
  3.750000000000000E-01 -7.500000000000001E-02 -2.250000000000000E-01  2.625754300332648E+08
  4.250000000000000E-01 -7.500000000000001E-02 -2.250000000000000E-01  2.625754300332648E+08
  4.750000000000000E-01 -7.500000000000001E-02 -2.250000000000000E-01  2.625754300332648E+08
  5.249999999999999E-01 -7.500000000000001E-02 -2.250000000000000E-01  2.625754300332648E+08
  5.750000000000000E-01 -7.500000000000001E-02 -2.250000000000000E-01  2.625754300332648E+08
  6.250000000000000E-01 -7.500000000000001E-02 -2.250000000000000E-01  2.625754300332648E+08
  6.750000000000000E-01 -7.500000000000001E-02 -2.250000000000000E-01  2.625754300332648E+08
  2.500000000000000E-02 -1.250000000000000E-01 -2.250000000000000E-01  2.625754300332648E+08
  7.500000000000001E-02 -1.250000000000000E-01 -2.250000000000000E-01  2.625754300332648E+08
  1.250000000000000E-01 -1.250000000000000E-01 -2.250000000000000E-01  2.625754300332648E+08
  1.750000000000000E-01 -1.250000000000000E-01 -2.250000000000000E-01  2.625754300332648E+08
  2.250000000000000E-01 -1.250000000000000E-01 -2.250000000000000E-01  2.625754300332648E+08
  2.750000000000000E-01 -1.250000000000000E-01 -2.250000000000000E-01  2.625754300332648E+08
  3.250000000000000E-01 -1.250000000000000E-01 -2.250000000000000E-01  2.625754300332648E+08
  3.750000000000000E-01 -1.250000000000000E-01 -2.250000000000000E-01  2.625754300332648E+08
  4.250000000000000E-01 -1.250000000000000E-01 -2.250000000000000E-01  2.625754300332648E+08
  4.750000000000000E-01 -1.250000000000000E-01 -2.250000000000000E-01  2.625754300332648E+08
  5.249999999999999E-01 -1.250000000000000E-01 -2.250000000000000E-01  2.625754300332648E+08
  5.750000000000000E-01 -1.250000000000000E-01 -2.250000000000000E-01  2.625754300332648E+08
  6.250000000000000E-01 -1.250000000000000E-01 -2.250000000000000E-01  2.625754300332648E+08
  2.500000000000000E-02 -1.750000000000000E-01 -2.250000000000000E-01  2.625754300332648E+08
  7.500000000000001E-02 -1.750000000000000E-01 -2.250000000000000E-01  2.625754300332648E+08
  1.250000000000000E-01 -1.750000000000000E-01 -2.250000000000000E-01  2.625754300332648E+08
  1.750000000000000E-01 -1.750000000000000E-01 -2.250000000000000E-01  2.625754300332648E+08
  2.250000000000000E-01 -1.750000000000000E-01 -2.250000000000000E-01  2.625754300332648E+08
  2.750000000000000E-01 -1.750000000000000E-01 -2.250000000000000E-01  2.625754300332648E+08
  3.250000000000000E-01 -1.750000000000000E-01 -2.250000000000000E-01  2.625754300332648E+08
  3.750000000000000E-01 -1.750000000000000E-01 -2.250000000000000E-01  2.625754300332648E+08
  4.250000000000000E-01 -1.750000000000000E-01 -2.250000000000000E-01  2.625754300332648E+08
  4.750000000000000E-01 -1.750000000000000E-01 -2.250000000000000E-01  2.625754300332648E+08
  5.249999999999999E-01 -1.750000000000000E-01 -2.250000000000000E-01  2.625754300332648E+08
  5.750000000000000E-01 -1.750000000000000E-01 -2.250000000000000E-01  2.625754300332648E+08
  2.500000000000000E-02 -2.250000000000000E-01 -2.250000000000000E-01  2.625754300332648E+08
  7.500000000000001E-02 -2.250000000000000E-01 -2.250000000000000E-01  2.625754300332648E+08
  1.250000000000000E-01 -2.250000000000000E-01 -2.250000000000000E-01  2.625754300332648E+08
  1.750000000000000E-01 -2.250000000000000E-01 -2.250000000000000E-01  2.625754300332648E+08
  2.250000000000000E-01 -2.250000000000000E-01 -2.250000000000000E-01  2.625754300332648E+08
  2.750000000000000E-01 -2.250000000000000E-01 -2.250000000000000E-01  2.625754300332648E+08
  3.250000000000000E-01 -2.250000000000000E-01 -2.250000000000000E-01  2.625754300332648E+08
  3.750000000000000E-01 -2.250000000000000E-01 -2.250000000000000E-01  2.625754300332648E+08
  4.250000000000000E-01 -2.250000000000000E-01 -2.250000000000000E-01  2.625754300332648E+08
  4.750000000000000E-01 -2.250000000000000E-01 -2.250000000000000E-01  2.625754300332648E+08
  5.249999999999999E-01 -2.250000000000000E-01 -2.250000000000000E-01  2.625754300332648E+08
  2.500000000000000E-02 -2.750000000000000E-01 -2.250000000000000E-01  2.625754300332648E+08
  7.500000000000001E-02 -2.750000000000000E-01 -2.250000000000000E-01  2.625754300332648E+08
  1.250000000000000E-01 -2.750000000000000E-01 -2.250000000000000E-01  2.625754300332648E+08
  1.750000000000000E-01 -2.750000000000000E-01 -2.250000000000000E-01  2.625754300332648E+08
  2.250000000000000E-01 -2.750000000000000E-01 -2.250000000000000E-01  2.625754300332648E+08
  2.750000000000000E-01 -2.750000000000000E-01 -2.250000000000000E-01  2.625754300332648E+08
  3.250000000000000E-01 -2.750000000000000E-01 -2.250000000000000E-01  2.625754300332648E+08
  3.750000000000000E-01 -2.750000000000000E-01 -2.250000000000000E-01  2.625754300332648E+08
  4.250000000000000E-01 -2.750000000000000E-01 -2.250000000000000E-01  2.625754300332648E+08
  4.750000000000000E-01 -2.750000000000000E-01 -2.250000000000000E-01  2.625754300332648E+08
  7.500000000000001E-02 -3.250000000000000E-01 -2.250000000000000E-01  2.625754300332648E+08
  1.250000000000000E-01 -3.250000000000000E-01 -2.250000000000000E-01  2.625754300332648E+08
  1.750000000000000E-01 -3.250000000000000E-01 -2.250000000000000E-01  2.625754300332648E+08
  2.250000000000000E-01 -3.250000000000000E-01 -2.250000000000000E-01  2.625754300332648E+08
  2.750000000000000E-01 -3.250000000000000E-01 -2.250000000000000E-01  2.625754300332648E+08
  3.250000000000000E-01 -3.250000000000000E-01 -2.250000000000000E-01  2.625754300332648E+08
  3.750000000000000E-01 -3.250000000000000E-01 -2.250000000000000E-01  2.625754300332648E+08
  2.500000000000000E-02 -2.500000000000000E-02 -2.750000000000000E-01  2.625754300332648E+08
  7.500000000000001E-02 -2.500000000000000E-02 -2.750000000000000E-01  2.625754300332648E+08
  1.250000000000000E-01 -2.500000000000000E-02 -2.750000000000000E-01  2.625754300332648E+08
  1.750000000000000E-01 -2.500000000000000E-02 -2.750000000000000E-01  2.625754300332648E+08
  2.250000000000000E-01 -2.500000000000000E-02 -2.750000000000000E-01  2.625754300332648E+08
  2.750000000000000E-01 -2.500000000000000E-02 -2.750000000000000E-01  2.625754300332648E+08
  3.250000000000000E-01 -2.500000000000000E-02 -2.750000000000000E-01  2.625754300332648E+08
  3.750000000000000E-01 -2.500000000000000E-02 -2.750000000000000E-01  2.625754300332648E+08
  4.250000000000000E-01 -2.500000000000000E-02 -2.750000000000000E-01  2.625754300332648E+08
  4.750000000000000E-01 -2.500000000000000E-02 -2.750000000000000E-01  2.625754300332648E+08
  5.249999999999999E-01 -2.500000000000000E-02 -2.750000000000000E-01  2.625754300332648E+08
  5.750000000000000E-01 -2.500000000000000E-02 -2.750000000000000E-01  2.625754300332648E+08
  6.250000000000000E-01 -2.500000000000000E-02 -2.750000000000000E-01  2.625754300332648E+08
  2.500000000000000E-02 -7.500000000000001E-02 -2.750000000000000E-01  2.625754300332648E+08
  7.500000000000001E-02 -7.500000000000001E-02 -2.750000000000000E-01  2.625754300332648E+08
  1.250000000000000E-01 -7.500000000000001E-02 -2.750000000000000E-01  2.625754300332648E+08
  1.750000000000000E-01 -7.500000000000001E-02 -2.750000000000000E-01  2.625754300332648E+08
  2.250000000000000E-01 -7.500000000000001E-02 -2.750000000000000E-01  2.625754300332648E+08
  2.750000000000000E-01 -7.500000000000001E-02 -2.750000000000000E-01  2.625754300332648E+08
  3.250000000000000E-01 -7.500000000000001E-02 -2.750000000000000E-01  2.625754300332648E+08
  3.750000000000000E-01 -7.500000000000001E-02 -2.750000000000000E-01  2.625754300332648E+08
  4.250000000000000E-01 -7.500000000000001E-02 -2.750000000000000E-01  2.625754300332648E+08
  4.750000000000000E-01 -7.500000000000001E-02 -2.750000000000000E-01  2.625754300332648E+08
  5.249999999999999E-01 -7.500000000000001E-02 -2.750000000000000E-01  2.625754300332648E+08
  5.750000000000000E-01 -7.500000000000001E-02 -2.750000000000000E-01  2.625754300332648E+08
  6.250000000000000E-01 -7.500000000000001E-02 -2.750000000000000E-01  2.625754300332648E+08
  2.500000000000000E-02 -1.250000000000000E-01 -2.750000000000000E-01  2.625754300332648E+08
  7.500000000000001E-02 -1.250000000000000E-01 -2.750000000000000E-01  2.625754300332648E+08
  1.250000000000000E-01 -1.250000000000000E-01 -2.750000000000000E-01  2.625754300332648E+08
  1.750000000000000E-01 -1.250000000000000E-01 -2.750000000000000E-01  2.625754300332648E+08
  2.250000000000000E-01 -1.250000000000000E-01 -2.750000000000000E-01  2.625754300332648E+08
  2.750000000000000E-01 -1.250000000000000E-01 -2.750000000000000E-01  2.625754300332648E+08
  3.250000000000000E-01 -1.250000000000000E-01 -2.750000000000000E-01  2.625754300332648E+08
  3.750000000000000E-01 -1.250000000000000E-01 -2.750000000000000E-01  2.625754300332648E+08
  4.250000000000000E-01 -1.250000000000000E-01 -2.750000000000000E-01  2.625754300332648E+08
  4.750000000000000E-01 -1.250000000000000E-01 -2.750000000000000E-01  2.625754300332648E+08
  5.249999999999999E-01 -1.250000000000000E-01 -2.750000000000000E-01  2.625754300332648E+08
  5.750000000000000E-01 -1.250000000000000E-01 -2.750000000000000E-01  2.625754300332648E+08
  6.250000000000000E-01 -1.250000000000000E-01 -2.750000000000000E-01  2.625754300332648E+08
  2.500000000000000E-02 -1.750000000000000E-01 -2.750000000000000E-01  2.625754300332648E+08
  7.500000000000001E-02 -1.750000000000000E-01 -2.750000000000000E-01  2.625754300332648E+08
  1.250000000000000E-01 -1.750000000000000E-01 -2.750000000000000E-01  2.625754300332648E+08
  1.750000000000000E-01 -1.750000000000000E-01 -2.750000000000000E-01  2.625754300332648E+08
  2.250000000000000E-01 -1.750000000000000E-01 -2.750000000000000E-01  2.625754300332648E+08
  2.750000000000000E-01 -1.750000000000000E-01 -2.750000000000000E-01  2.625754300332648E+08
  3.250000000000000E-01 -1.750000000000000E-01 -2.750000000000000E-01  2.625754300332648E+08
  3.750000000000000E-01 -1.750000000000000E-01 -2.750000000000000E-01  2.625754300332648E+08
  4.250000000000000E-01 -1.750000000000000E-01 -2.750000000000000E-01  2.625754300332648E+08
  4.750000000000000E-01 -1.750000000000000E-01 -2.750000000000000E-01  2.625754300332648E+08
  5.249999999999999E-01 -1.750000000000000E-01 -2.750000000000000E-01  2.625754300332648E+08
  5.750000000000000E-01 -1.750000000000000E-01 -2.750000000000000E-01  2.625754300332648E+08
  2.500000000000000E-02 -2.250000000000000E-01 -2.750000000000000E-01  2.625754300332648E+08
  7.500000000000001E-02 -2.250000000000000E-01 -2.750000000000000E-01  2.625754300332648E+08
  1.250000000000000E-01 -2.250000000000000E-01 -2.750000000000000E-01  2.625754300332648E+08
  1.750000000000000E-01 -2.250000000000000E-01 -2.750000000000000E-01  2.625754300332648E+08
  2.250000000000000E-01 -2.250000000000000E-01 -2.750000000000000E-01  2.625754300332648E+08
  2.750000000000000E-01 -2.250000000000000E-01 -2.750000000000000E-01  2.625754300332648E+08
  3.250000000000000E-01 -2.250000000000000E-01 -2.750000000000000E-01  2.625754300332648E+08
  3.750000000000000E-01 -2.250000000000000E-01 -2.750000000000000E-01  2.625754300332648E+08
  4.250000000000000E-01 -2.250000000000000E-01 -2.750000000000000E-01  2.625754300332648E+08
  4.750000000000000E-01 -2.250000000000000E-01 -2.750000000000000E-01  2.625754300332648E+08
  5.249999999999999E-01 -2.250000000000000E-01 -2.750000000000000E-01  2.625754300332648E+08
  7.500000000000001E-02 -2.750000000000000E-01 -2.750000000000000E-01  2.625754300332648E+08
  1.250000000000000E-01 -2.750000000000000E-01 -2.750000000000000E-01  2.625754300332648E+08
  1.750000000000000E-01 -2.750000000000000E-01 -2.750000000000000E-01  2.625754300332648E+08
  2.250000000000000E-01 -2.750000000000000E-01 -2.750000000000000E-01  2.625754300332648E+08
  2.750000000000000E-01 -2.750000000000000E-01 -2.750000000000000E-01  2.625754300332648E+08
  3.250000000000000E-01 -2.750000000000000E-01 -2.750000000000000E-01  2.625754300332648E+08
  3.750000000000000E-01 -2.750000000000000E-01 -2.750000000000000E-01  2.625754300332648E+08
  4.250000000000000E-01 -2.750000000000000E-01 -2.750000000000000E-01  2.625754300332648E+08
  1.250000000000000E-01 -3.250000000000000E-01 -2.750000000000000E-01  2.625754300332648E+08
  1.750000000000000E-01 -3.250000000000000E-01 -2.750000000000000E-01  2.625754300332648E+08
  2.250000000000000E-01 -3.250000000000000E-01 -2.750000000000000E-01  2.625754300332648E+08
  2.750000000000000E-01 -3.250000000000000E-01 -2.750000000000000E-01  2.625754300332648E+08
  3.250000000000000E-01 -3.250000000000000E-01 -2.750000000000000E-01  2.625754300332648E+08
  2.500000000000000E-02 -2.500000000000000E-02 -3.250000000000000E-01  2.625754300332648E+08
  7.500000000000001E-02 -2.500000000000000E-02 -3.250000000000000E-01  2.625754300332648E+08
  1.250000000000000E-01 -2.500000000000000E-02 -3.250000000000000E-01  2.625754300332648E+08
  1.750000000000000E-01 -2.500000000000000E-02 -3.250000000000000E-01  2.625754300332648E+08
  2.250000000000000E-01 -2.500000000000000E-02 -3.250000000000000E-01  2.625754300332648E+08
  2.750000000000000E-01 -2.500000000000000E-02 -3.250000000000000E-01  2.625754300332648E+08
  3.250000000000000E-01 -2.500000000000000E-02 -3.250000000000000E-01  2.625754300332648E+08
  3.750000000000000E-01 -2.500000000000000E-02 -3.250000000000000E-01  2.625754300332648E+08
  4.250000000000000E-01 -2.500000000000000E-02 -3.250000000000000E-01  2.625754300332648E+08
  4.750000000000000E-01 -2.500000000000000E-02 -3.250000000000000E-01  2.625754300332648E+08
  5.249999999999999E-01 -2.500000000000000E-02 -3.250000000000000E-01  2.625754300332648E+08
  5.750000000000000E-01 -2.500000000000000E-02 -3.250000000000000E-01  2.625754300332648E+08
  6.250000000000000E-01 -2.500000000000000E-02 -3.250000000000000E-01  2.625754300332648E+08
  2.500000000000000E-02 -7.500000000000001E-02 -3.250000000000000E-01  2.625754300332648E+08
  7.500000000000001E-02 -7.500000000000001E-02 -3.250000000000000E-01  2.625754300332648E+08
  1.250000000000000E-01 -7.500000000000001E-02 -3.250000000000000E-01  2.625754300332648E+08
  1.750000000000000E-01 -7.500000000000001E-02 -3.250000000000000E-01  2.625754300332648E+08
  2.250000000000000E-01 -7.500000000000001E-02 -3.250000000000000E-01  2.625754300332648E+08
  2.750000000000000E-01 -7.500000000000001E-02 -3.250000000000000E-01  2.625754300332648E+08
  3.250000000000000E-01 -7.500000000000001E-02 -3.250000000000000E-01  2.625754300332648E+08
  3.750000000000000E-01 -7.500000000000001E-02 -3.250000000000000E-01  2.625754300332648E+08
  4.250000000000000E-01 -7.500000000000001E-02 -3.250000000000000E-01  2.625754300332648E+08
  4.750000000000000E-01 -7.500000000000001E-02 -3.250000000000000E-01  2.625754300332648E+08
  5.249999999999999E-01 -7.500000000000001E-02 -3.250000000000000E-01  2.625754300332648E+08
  5.750000000000000E-01 -7.500000000000001E-02 -3.250000000000000E-01  2.625754300332648E+08
  6.250000000000000E-01 -7.500000000000001E-02 -3.250000000000000E-01  2.625754300332648E+08
  2.500000000000000E-02 -1.250000000000000E-01 -3.250000000000000E-01  2.625754300332648E+08
  7.500000000000001E-02 -1.250000000000000E-01 -3.250000000000000E-01  2.625754300332648E+08
  1.250000000000000E-01 -1.250000000000000E-01 -3.250000000000000E-01  2.625754300332648E+08
  1.750000000000000E-01 -1.250000000000000E-01 -3.250000000000000E-01  2.625754300332648E+08
  2.250000000000000E-01 -1.250000000000000E-01 -3.250000000000000E-01  2.625754300332648E+08
  2.750000000000000E-01 -1.250000000000000E-01 -3.250000000000000E-01  2.625754300332648E+08
  3.250000000000000E-01 -1.250000000000000E-01 -3.250000000000000E-01  2.625754300332648E+08
  3.750000000000000E-01 -1.250000000000000E-01 -3.250000000000000E-01  2.625754300332648E+08
  4.250000000000000E-01 -1.250000000000000E-01 -3.250000000000000E-01  2.625754300332648E+08
  4.750000000000000E-01 -1.250000000000000E-01 -3.250000000000000E-01  2.625754300332648E+08
  5.249999999999999E-01 -1.250000000000000E-01 -3.250000000000000E-01  2.625754300332648E+08
  5.750000000000000E-01 -1.250000000000000E-01 -3.250000000000000E-01  2.625754300332648E+08
  2.500000000000000E-02 -1.750000000000000E-01 -3.250000000000000E-01  2.625754300332648E+08
  7.500000000000001E-02 -1.750000000000000E-01 -3.250000000000000E-01  2.625754300332648E+08
  1.250000000000000E-01 -1.750000000000000E-01 -3.250000000000000E-01  2.625754300332648E+08
  1.750000000000000E-01 -1.750000000000000E-01 -3.250000000000000E-01  2.625754300332648E+08
  2.250000000000000E-01 -1.750000000000000E-01 -3.250000000000000E-01  2.625754300332648E+08
  2.750000000000000E-01 -1.750000000000000E-01 -3.250000000000000E-01  2.625754300332648E+08
  3.250000000000000E-01 -1.750000000000000E-01 -3.250000000000000E-01  2.625754300332648E+08
  3.750000000000000E-01 -1.750000000000000E-01 -3.250000000000000E-01  2.625754300332648E+08
  4.250000000000000E-01 -1.750000000000000E-01 -3.250000000000000E-01  2.625754300332648E+08
  4.750000000000000E-01 -1.750000000000000E-01 -3.250000000000000E-01  2.625754300332648E+08
  5.249999999999999E-01 -1.750000000000000E-01 -3.250000000000000E-01  2.625754300332648E+08
  2.500000000000000E-02 -2.250000000000000E-01 -3.250000000000000E-01  2.625754300332648E+08
  7.500000000000001E-02 -2.250000000000000E-01 -3.250000000000000E-01  2.625754300332648E+08
  1.250000000000000E-01 -2.250000000000000E-01 -3.250000000000000E-01  2.625754300332648E+08
  1.750000000000000E-01 -2.250000000000000E-01 -3.250000000000000E-01  2.625754300332648E+08
  2.250000000000000E-01 -2.250000000000000E-01 -3.250000000000000E-01  2.625754300332648E+08
  2.750000000000000E-01 -2.250000000000000E-01 -3.250000000000000E-01  2.625754300332648E+08
  3.250000000000000E-01 -2.250000000000000E-01 -3.250000000000000E-01  2.625754300332648E+08
  3.750000000000000E-01 -2.250000000000000E-01 -3.250000000000000E-01  2.625754300332648E+08
  4.250000000000000E-01 -2.250000000000000E-01 -3.250000000000000E-01  2.625754300332648E+08
  4.750000000000000E-01 -2.250000000000000E-01 -3.250000000000000E-01  2.625754300332648E+08
  1.250000000000000E-01 -2.750000000000000E-01 -3.250000000000000E-01  2.625754300332648E+08
  1.750000000000000E-01 -2.750000000000000E-01 -3.250000000000000E-01  2.625754300332648E+08
  2.250000000000000E-01 -2.750000000000000E-01 -3.250000000000000E-01  2.625754300332648E+08
  2.750000000000000E-01 -2.750000000000000E-01 -3.250000000000000E-01  2.625754300332648E+08
  3.250000000000000E-01 -2.750000000000000E-01 -3.250000000000000E-01  2.625754300332648E+08
  3.750000000000000E-01 -2.750000000000000E-01 -3.250000000000000E-01  2.625754300332648E+08
  2.250000000000000E-01 -3.250000000000000E-01 -3.250000000000000E-01  2.625754300332648E+08
  2.750000000000000E-01 -3.250000000000000E-01 -3.250000000000000E-01  2.625754300332648E+08
  1.750000000000000E-01 -2.500000000000000E-02 -3.750000000000000E-01  2.625754300332648E+08
  2.250000000000000E-01 -2.500000000000000E-02 -3.750000000000000E-01  2.625754300332648E+08
  2.750000000000000E-01 -2.500000000000000E-02 -3.750000000000000E-01  2.625754300332648E+08
  3.250000000000000E-01 -2.500000000000000E-02 -3.750000000000000E-01  2.625754300332648E+08
  3.750000000000000E-01 -2.500000000000000E-02 -3.750000000000000E-01  2.625754300332648E+08
  4.250000000000000E-01 -2.500000000000000E-02 -3.750000000000000E-01  2.625754300332648E+08
  4.750000000000000E-01 -2.500000000000000E-02 -3.750000000000000E-01  2.625754300332648E+08
  5.249999999999999E-01 -2.500000000000000E-02 -3.750000000000000E-01  2.625754300332648E+08
  5.750000000000000E-01 -2.500000000000000E-02 -3.750000000000000E-01  2.625754300332648E+08
  1.750000000000000E-01 -7.500000000000001E-02 -3.750000000000000E-01  2.625754300332648E+08
  2.250000000000000E-01 -7.500000000000001E-02 -3.750000000000000E-01  2.625754300332648E+08
  2.750000000000000E-01 -7.500000000000001E-02 -3.750000000000000E-01  2.625754300332648E+08
  3.250000000000000E-01 -7.500000000000001E-02 -3.750000000000000E-01  2.625754300332648E+08
  3.750000000000000E-01 -7.500000000000001E-02 -3.750000000000000E-01  2.625754300332648E+08
  4.250000000000000E-01 -7.500000000000001E-02 -3.750000000000000E-01  2.625754300332648E+08
  4.750000000000000E-01 -7.500000000000001E-02 -3.750000000000000E-01  2.625754300332648E+08
  5.249999999999999E-01 -7.500000000000001E-02 -3.750000000000000E-01  2.625754300332648E+08
  5.750000000000000E-01 -7.500000000000001E-02 -3.750000000000000E-01  2.625754300332648E+08
  1.750000000000000E-01 -1.250000000000000E-01 -3.750000000000000E-01  2.625754300332648E+08
  2.250000000000000E-01 -1.250000000000000E-01 -3.750000000000000E-01  2.625754300332648E+08
  2.750000000000000E-01 -1.250000000000000E-01 -3.750000000000000E-01  2.625754300332648E+08
  3.250000000000000E-01 -1.250000000000000E-01 -3.750000000000000E-01  2.625754300332648E+08
  3.750000000000000E-01 -1.250000000000000E-01 -3.750000000000000E-01  2.625754300332648E+08
  4.250000000000000E-01 -1.250000000000000E-01 -3.750000000000000E-01  2.625754300332648E+08
  4.750000000000000E-01 -1.250000000000000E-01 -3.750000000000000E-01  2.625754300332648E+08
  5.249999999999999E-01 -1.250000000000000E-01 -3.750000000000000E-01  2.625754300332648E+08
  1.750000000000000E-01 -1.750000000000000E-01 -3.750000000000000E-01  2.625754300332648E+08
  2.250000000000000E-01 -1.750000000000000E-01 -3.750000000000000E-01  2.625754300332648E+08
  2.750000000000000E-01 -1.750000000000000E-01 -3.750000000000000E-01  2.625754300332648E+08
  3.250000000000000E-01 -1.750000000000000E-01 -3.750000000000000E-01  2.625754300332648E+08
  3.750000000000000E-01 -1.750000000000000E-01 -3.750000000000000E-01  2.625754300332648E+08
  4.250000000000000E-01 -1.750000000000000E-01 -3.750000000000000E-01  2.625754300332648E+08
  4.750000000000000E-01 -1.750000000000000E-01 -3.750000000000000E-01  2.625754300332648E+08
  1.750000000000000E-01 -2.250000000000000E-01 -3.750000000000000E-01  2.625754300332648E+08
  2.250000000000000E-01 -2.250000000000000E-01 -3.750000000000000E-01  2.625754300332648E+08
  2.750000000000000E-01 -2.250000000000000E-01 -3.750000000000000E-01  2.625754300332648E+08
  3.250000000000000E-01 -2.250000000000000E-01 -3.750000000000000E-01  2.625754300332648E+08
  3.750000000000000E-01 -2.250000000000000E-01 -3.750000000000000E-01  2.625754300332648E+08
  4.250000000000000E-01 -2.250000000000000E-01 -3.750000000000000E-01  2.625754300332648E+08
  2.250000000000000E-01 -2.750000000000000E-01 -3.750000000000000E-01  2.625754300332648E+08
  2.750000000000000E-01 -2.750000000000000E-01 -3.750000000000000E-01  2.625754300332648E+08
  3.250000000000000E-01 -2.750000000000000E-01 -3.750000000000000E-01  2.625754300332648E+08
  2.750000000000000E-01 -2.500000000000000E-02 -4.250000000000000E-01  2.625754300332648E+08
  3.250000000000000E-01 -2.500000000000000E-02 -4.250000000000000E-01  2.625754300332648E+08
  3.750000000000000E-01 -2.500000000000000E-02 -4.250000000000000E-01  2.625754300332648E+08
  4.250000000000000E-01 -2.500000000000000E-02 -4.250000000000000E-01  2.625754300332648E+08
  4.750000000000000E-01 -2.500000000000000E-02 -4.250000000000000E-01  2.625754300332648E+08
  2.750000000000000E-01 -7.500000000000001E-02 -4.250000000000000E-01  2.625754300332648E+08
  3.250000000000000E-01 -7.500000000000001E-02 -4.250000000000000E-01  2.625754300332648E+08
  3.750000000000000E-01 -7.500000000000001E-02 -4.250000000000000E-01  2.625754300332648E+08
  4.250000000000000E-01 -7.500000000000001E-02 -4.250000000000000E-01  2.625754300332648E+08
  4.750000000000000E-01 -7.500000000000001E-02 -4.250000000000000E-01  2.625754300332648E+08
  3.250000000000000E-01 -1.250000000000000E-01 -4.250000000000000E-01  2.625754300332648E+08
  3.750000000000000E-01 -1.250000000000000E-01 -4.250000000000000E-01  2.625754300332648E+08
  4.250000000000000E-01 -1.250000000000000E-01 -4.250000000000000E-01  2.625754300332648E+08
