 -8.099421403081751E-05  1.335032875804436E-04  2.895062374416386E-01
  7.341756273649929E-01  1.654763927132030E-04  2.414045115377472E-04
 -1.427718625679495E-04  4.103985263440869E-01 -8.643609995216667E-05
 -8.202843054273000E-01 -2.301770506766461E-04  1.249026149507593E-05
  7.339785682356482E-05 -4.391613244122468E-01  3.683754306810427E-04
  1.696414002408812E-05 -2.222538373905598E-04 -3.750726601183343E-01
 -6.498027861594380E-01 -3.481017461589519E-01  2.238389498525758E-04
 -7.152653587054481E-01  3.576235135170753E-01 -1.635934471222841E-04
 -5.875457002081574E-01 -3.148201906054939E-04 -2.687152003868395E-01
 -4.891277642410073E-01  2.444267169142897E-01 -2.566637048987622E-01
 -7.373176460509387E-01 -6.982065961453504E-05  2.601146737255227E-01
  5.426092076696467E-01 -3.243962466175248E-01  3.869096045270804E-04
 -6.067377222184361E-01  3.034685438616003E-01  2.453304310772184E-01
  5.779734089103026E-01  3.232756827282516E-01  4.541563684960181E-05
 -4.622819899310851E-01 -2.478109368968989E-01 -2.667472486784654E-01
  6.436061104084406E-01 -3.365093322730590E-05 -3.286688894586646E-01
 -5.498005064454630E-01 -2.943802339197789E-01  2.450308591611699E-01
  7.267084058001517E-01  3.169245090692341E-04  2.866862669311134E-01
  4.541814866339234E-01  2.538543496218671E-01 -2.947567145502495E-01
 -4.174111686880829E-01  3.887624457213690E-05  3.111037773288580E-01
  4.441824969995888E-01 -2.656977215075425E-01 -3.067780677782883E-01
  4.789246979298908E-01  3.036821553934302E-04  3.797207652621374E-01
  5.680268957046124E-01  3.178884131148692E-01  2.844618772405369E-01
 -3.814305480014661E-01  4.094864780523538E-01 -1.421493575197209E-04
  5.381802318829255E-01 -3.216207106881938E-01  2.874188152435791E-01
 -3.212219390278427E-01  1.607153943103585E-01  2.831119391501212E-01
 -3.302388662656826E-01  3.884620135306295E-01  1.334406714902113E-01
 -3.872239679572253E-01 -4.691968990824577E-01  3.273665408509845E-04
  3.391938695372867E-01  1.899323723742965E-01  3.427566528477984E-01
  4.087135447612273E-01 -1.567218516601762E-04 -4.469144647594707E-01
  3.749786458783698E-01  4.808845333859754E-01  1.877261534070342E-01
  3.244058019218618E-01 -1.938067702636324E-01  3.477768940480682E-01
 -2.800482857326102E-01 -1.498570080833588E-01  2.722322595721681E-01
  3.317969299861755E-01 -4.689531677259451E-01  1.773652463990653E-01
 -3.411149050098651E-01 -4.551828342815714E-01  1.522466844957212E-01
 -3.113790211429249E-01 -2.833574990580945E-04 -3.412055216799606E-01
  3.218506793487643E-01  4.086524828681389E-01 -3.803986585221807E-05
  6.815373294496405E-05 -2.801124006155556E-01 -2.389198030270386E-01
 -2.790018203121812E-01  3.734182190672423E-01 -1.464307662309362E-01
 -2.706229884545988E-01 -4.022279034439691E-01 -1.559913199819067E-01
  2.433096531064542E-01 -3.860284656833003E-01 -1.678242403448826E-01
  2.447679482552504E-01  3.580897840500624E-01 -1.589553594675794E-01
 -2.496885759571983E-01  1.246663742788642E-01 -3.225023127731409E-01
 -7.563571148762799E-05  3.114040627563380E-01 -2.848784771767897E-01
  3.070735937711825E-01 -4.320451850734873E-01  4.098176382434164E-04
 -2.390418151394425E-01 -1.282599907239513E-01 -3.318973503756222E-01
  2.268904882938601E-01 -4.425625209984812E-01  2.433696662265512E-01
  2.589324725858159E-01  4.584455526503574E-01  2.616050715481462E-01
  1.393651442804368E-01  2.468958806579192E-01  2.967016979217096E-01
  2.988391156548564E-01  1.668766571123123E-01 -4.407370741754925E-01
  1.848034294698589E-05 -3.610769322410959E-01  2.383296045024116E-01
  2.698728108046722E-01 -1.615496032498911E-01 -4.142725291798877E-01
 -1.653721143041945E-01  2.212299847655069E-01 -3.091665742071117E-01
  6.951477557168534E-01  2.128291493410134E-01  2.497348488758232E-01
  6.773792887354344E-01 -2.148942336794777E-01  2.520011956358190E-01
 -1.599016792126912E-04  3.393065630067976E-01  2.391096546277579E-01
  1.278599242696848E-01 -2.493991692985647E-01  3.003716753324421E-01
 -2.026112630386280E-01  3.600935595434499E-01  1.784136765921034E-01
  2.765017167492557E-01  2.557552638109252E-04  3.864069549810531E-01
 -1.788002191322164E-01 -3.761808395268306E-01  1.740643221820549E-01
  1.786146076709687E-01  2.611124100234334E-01 -3.896912328237598E-01
  6.329795618871976E-01 -1.731172170749501E-01 -1.751837784309510E-01
  7.074461172179634E-01 -1.806198394721497E-01  1.599822657804743E-01
  6.390919764833088E-01  1.691111396755699E-01 -1.719310759170303E-01
 -7.567511840873898E-01  2.075513952929737E-01 -1.562033970650143E-01
 -2.484860642472074E-01 -2.838132798770012E-01 -2.718594636501709E-01
  7.317578291123654E-01  1.814948496150981E-01  1.608030050871007E-01
  2.661710673761311E-01 -3.270058365819085E-01 -3.269694906464538E-01
 -6.711038107189704E-01 -1.889712234238947E-01 -1.456345077663420E-01
 -7.516221124059711E-01 -1.886592318169164E-01  1.410555010858646E-01
 -8.378009305176507E-01  2.062296504441148E-01  1.499114110056587E-01
  1.884847128941776E-01  4.481780872523368E-01  9.435315812791166E-02
 -1.831611581959978E-01  7.300071267643424E-05  2.635082799685118E-01
  2.065408995224993E-01 -1.912773070359077E-04 -4.153702414674647E-01
  1.858851288158839E-01  1.041843814708624E-01  3.465549577910948E-01
 -1.581929113211728E-01 -3.711486151532842E-01  3.086390875581459E-04
 -7.523280042222591E-01 -1.782608605282885E-01  1.178089404078503E-04
  1.811547981259394E-01 -1.081728378938114E-01  3.559349393618412E-01
 -1.926226640357838E-01  4.138885344462308E-01 -1.166757129586638E-04
  1.875705256722175E-01 -5.132420590494556E-01  1.004336840725341E-01
  6.765003803359099E-01 -1.717911844979469E-01  3.249537112388805E-04
 -1.421068520559836E-01 -3.726446330065337E-01  6.361182075246009E-02
 -8.473225457306749E-01  1.972149190635571E-01 -9.718990066100031E-05
  1.337235085737656E-01  4.489529826075955E-01  1.351286778495103E-01
 -1.462642534864193E-01  2.275575991906773E-01  2.376749393182012E-01
  9.222993422432180E-02  4.353812381627645E-01  1.964268363000819E-01
 -3.100531230529131E-05 -1.868811996175599E-01  2.732873535277630E-01
 -5.646341168006862E-01  1.673331208076640E-01  3.067625215084597E-01
 -6.578964005909910E-01  3.288720814328643E-01 -1.403047679283170E-01
 -1.500508331253779E-01  7.511453345310620E-02  2.674209903698684E-01
  6.814749254606886E-01  1.679820439794363E-01  1.438022345750089E-04
  4.051643177089992E-01  3.458922923267540E-01 -1.539161869446011E-01
 -1.715521135088915E-01  4.148180265580652E-01  6.924094319014185E-02
 -7.511841706443882E-01 -2.893609375000654E-04 -1.433823148614625E-01
 -4.857175657936123E-01 -4.099606859687456E-01 -1.523498847187619E-01
 -1.291990227723692E-01 -2.357282698098551E-01  2.355644568857286E-01
 -5.338288876075505E-01  3.851576774002985E-01  1.324464311995596E-01
 -6.609270691295799E-01 -1.511977998841120E-01  2.593858341397244E-01
  4.043384060757811E-01 -3.654967623187954E-01 -8.614648312729319E-02
  1.595171643229330E-01  8.895302518210749E-02 -4.354468958352912E-01
  3.005146422488240E-01  2.902075696938339E-01 -3.315288308902807E-01
  5.432079287016180E-01  1.650932676430261E-01  3.446030212946916E-01
  1.557410319944719E-01 -2.548016328725476E-01 -3.768624274041011E-01
 -1.221999075571910E-04  1.733420508682411E-01  2.699445077356837E-01
 -5.439474996669942E-01 -4.432617080572233E-01  1.424114041133443E-01
 -5.929605499212829E-01 -3.177394805733597E-01 -1.421190577817923E-01
  7.117456720344671E-01  6.880931571875825E-05 -1.696658760868723E-01
  5.395469654527779E-01 -1.704477509963505E-01  3.538901022429848E-01
 -5.690426376441998E-01  3.980327268036296E-01 -1.636718854548386E-04
 -3.689369993184446E-01 -3.593624423080088E-01  2.520963051275361E-01
  5.781083764438356E-01 -1.412221854539942E-01 -3.377169652419479E-01
  1.317190896708349E-01 -5.116823251048052E-01  1.414256229947829E-01
  4.199733514564886E-01  3.944754568898260E-01  3.119250605480434E-01
 -7.216637862504232E-01  1.629062218277476E-01  2.713797397929427E-01
  6.307247622855027E-01  1.144980668201721E-01  3.381390044208181E-01
 -5.106590330988821E-01 -1.554032398355731E-01  2.936162400136186E-01
  4.952057104822358E-01 -2.961288244172268E-01 -1.537572332798305E-01
  5.253310206093017E-01  2.937389562327787E-01 -1.499995555681137E-01
 -2.772521920431293E-05  1.834252998281838E-01 -3.890209775979148E-01
 -6.171293048435067E-01 -1.506369391906923E-05  3.052723670288860E-01
  3.613940031559396E-01 -3.649987489192074E-01  2.891979781699426E-01
 -4.889955936429275E-01  3.673109439479810E-01 -1.442664494951482E-01
  1.615480041016322E-01  4.112926810653293E-01 -6.308167142097122E-05
 -4.969262890863018E-01  2.485746286371676E-01  2.829750083600037E-01
 -5.486456389656746E-01  3.897713082741937E-01 -7.414725435338984E-02
  6.231800007862699E-01 -1.156496566624584E-01  3.404490935278350E-01
  5.846701875500646E-01  1.351825735370433E-01 -3.320369599503445E-01
  5.044547085022224E-01  4.256901784446836E-01  9.939077064882743E-02
 -1.193913477175090E-01 -6.381267898901695E-02  2.394218746412270E-01
 -1.378790689008048E-01  3.383364369650299E-01 -2.130871954378460E-01
 -1.429364410357574E-01  4.013590707642653E-01 -7.502865638250153E-02
  9.879924043616339E-02  1.442912602538616E-01 -4.229784669036359E-01
  1.191261614665779E-01 -7.140968313530366E-02 -3.484059919316504E-01
 -1.092845778349566E-01 -3.398479672424916E-01 -6.283191721317194E-02
 -4.035932846529378E-01  1.230904940692340E-01 -3.014301513547086E-01
 -1.583196330114283E-01 -2.567292474705907E-04 -3.642139786631682E-01
  5.505356926491114E-05 -1.618122221101548E-01 -3.544311502703983E-01
  4.463414060377540E-01 -4.049643904287882E-01  9.073086283754714E-02
 -4.834229910627366E-01  3.569962104896304E-01  1.954189458623302E-01
 -1.189584051724203E-01 -3.000057287062877E-01 -1.736136882320050E-01
 -4.420736889841211E-01 -2.366524760786467E-01  2.755468403396654E-01
  1.722859970889637E-01 -4.886624860037732E-01  4.202579894342911E-04
 -2.859505567896009E-01  2.694010360757126E-01 -2.536441253466454E-01
  6.382500683509403E-01 -2.821344265825067E-01  1.320334040146296E-01
  4.705282567710800E-01 -1.466633665578825E-01 -4.158089217636682E-01
 -1.127412790459923E-04  3.789184855836473E-01 -1.496016030760323E-01
  1.323402923752720E-01 -4.486856192032872E-01 -9.106404417078745E-02
  4.665578347825756E-01  1.371725895022151E-01 -4.010214455191056E-01
 -3.926728524403764E-01 -1.259205934267650E-01 -3.085702441657856E-01
  7.297997560608635E-02 -1.194965298964777E-01 -3.523220529751404E-01
 -1.240227605056965E-01 -2.119396565354309E-01 -2.962525964441046E-01
  6.712973579228193E-01  2.826809018906330E-01  1.316979226712958E-01
  1.228681975505707E-01  3.859881034282349E-01 -7.988224949958564E-02
  1.475385013436143E-01  2.092052343106085E-04  3.607499668816509E-01
  3.244788803406241E-01  3.517386746365479E-01  3.278468647151975E-01
 -5.727245366228194E-01 -8.028200097271761E-02  3.029898797565310E-01
 -6.915103009212644E-01  1.066035827465174E-01 -2.185837516551375E-01
 -5.530654486981686E-01 -4.358811140681776E-01  2.850873073643269E-04
 -6.507076837938628E-01  2.360645625200285E-01 -2.156420389503968E-01
  7.236622538573990E-05 -3.648782949097952E-01 -1.210164080303181E-01
  5.748216094892070E-01 -3.435833195995930E-01  1.530609522882655E-01
  2.826290942385893E-01 -3.262403661527921E-01  3.030536226000499E-01
  7.660384863451015E-01  2.539969504689657E-04  1.504480768357876E-01
 -4.567356327253335E-01 -3.035828485670128E-04 -3.098979314626336E-01
  6.224013153767581E-01  3.482206819509330E-01  1.545056347218564E-01
  1.425740566344035E-01 -3.251114772740917E-01 -3.030447191214811E-01
 -9.027602788174861E-02  1.206665868817973E-01 -3.735886822455423E-01
 -1.311360119207646E-01  6.536402771675798E-02 -3.664020997386280E-01
  7.017750219787106E-02  1.244635329529510E-01  2.953540390240156E-01
 -1.225529823396923E-01 -1.473408807798199E-01  2.387071221590993E-01
 -7.579229876425730E-01 -9.615195241227821E-02 -7.400698106619509E-02
  6.756229315848182E-02 -1.317923320317232E-01  3.118768329353585E-01
 -4.873909797046586E-01 -4.100622054563714E-01  2.173269799491207E-01
  1.282576202338249E-01  3.509166889010148E-01 -2.326417045005810E-01
 -5.324223294832391E-01 -1.258373406580029E-01 -2.715628819763117E-01
  4.399888443504379E-01 -3.998297387544675E-01  2.350612000823282E-01
 -3.669826415085565E-01  1.833341807954144E-01 -2.876810020285649E-01
 -7.521501672941325E-02  1.170254706780559E-01  2.709475862179633E-01
  1.333473932331498E-01 -3.649689066031327E-01 -2.228627306031082E-01
 -1.218295987651136E-01 -6.548638335541722E-02 -3.603426812501019E-01
 -1.090108926514061E-01  4.142691961133373E-01  9.587045961080107E-02
 -7.012517641493874E-01  3.506767825852857E-01  1.300402108827807E-01
 -8.253566196070088E-01 -1.576867587641619E-04  1.378307250456480E-01
 -3.620091042207606E-01  3.051773904427605E-01  2.314615869541536E-01
  3.490994110919969E-01 -3.309367115202874E-01 -2.409981495858303E-01
  6.421005964556414E-01 -2.594040296791534E-01  8.237079606930582E-02
  5.038109261194617E-01  4.267518538940544E-01  2.522611309921060E-01
  3.630364930847385E-01  3.178448046875590E-01 -2.356633949920735E-01
 -4.005513935555907E-01  3.221851397128379E-01 -2.102062666775053E-01
  4.783826521488070E-01  3.891223267950361E-01 -4.512459747285516E-06
 -4.099939600029660E-01 -3.636394611120399E-01 -2.365025324063857E-01
 -6.529210048664511E-01 -3.496912032524125E-01  1.334762507225604E-01
  4.728171926662015E-01  2.646608869879580E-01  3.268813432879381E-01
 -7.570718553895500E-01  2.671308386532443E-01  2.071377180827162E-01
 -8.163137700872684E-01  1.073155605685891E-01 -8.085350747575919E-02
 -2.626143202015340E-01 -3.010716012893170E-01  2.554157737199509E-01
  7.042956535398078E-01 -8.909652048782030E-02 -9.012623067997258E-02
  6.337930286005351E-01  3.273472730797779E-04  3.503175755159522E-01
 -5.620393969511859E-01  1.274307223865234E-01 -2.742628253595950E-01
 -4.335314680184433E-01  3.338851215576739E-01  2.182456749907000E-01
  6.690839680432781E-01  2.578658179129725E-01  8.216687259739966E-02
 -7.235177494840660E-02  3.925013677016619E-01 -1.117555162917278E-01
  5.480132019030779E-01 -9.825098874379038E-05 -4.039029567840336E-01
 -3.538265727410202E-01 -1.897322164368629E-01 -3.020253581212060E-01
  6.873619821887987E-02 -3.783287473155154E-01 -1.713040946051713E-01
  7.001956270934485E-01  8.630985015324281E-02 -8.754273176006905E-02
  4.300520810114625E-01 -3.828588890673688E-01  4.016145413938089E-04
  2.249978659725912E-01  3.290597518147549E-01 -2.915727538770380E-01
  1.660803049208206E-01  4.231664407750019E-01  2.625772707035356E-01
 -8.421764924503304E-02 -3.841859542588718E-01  8.219953464263408E-02
  4.525414458213325E-01 -2.704079637703532E-01  3.332367844262689E-01
 -8.552277955327379E-01  1.062543397195974E-01  7.732534909786455E-02
 -8.111024757982842E-01  1.061622038443496E-01  2.111379230784615E-01
 -2.668895051927788E-01  2.653505573402307E-01  2.351429278483393E-01
 -2.621637005328893E-01 -4.338713684368202E-01  8.009390242751020E-02
 -1.144995089365934E-01 -2.599156689246835E-01 -2.354085012106486E-01
  5.888655003094393E-05 -4.615838312207007E-01  1.376633974921047E-01
 -6.757030408455803E-01 -2.507951267961338E-01  2.004529627365101E-01
  4.108800868434946E-01 -9.897073436193424E-02  3.720898771588279E-01
 -2.277215169570588E-01  3.047326548235868E-01 -2.334774527694674E-01
  5.171095187760364E-01  7.028904823880550E-02 -4.054901913712495E-01
 -1.657089126649808E-04  4.225336778611115E-01  1.346950852023042E-01
 -2.840070099562141E-01 -4.375826309888358E-01  3.256571308578485E-04
  5.890310452513904E-01 -2.492805157955011E-01 -8.758247177108282E-02
 -5.810662205308050E-01 -2.239295402451971E-01 -2.114245328395205E-01
  5.465683846166843E-01 -2.226613519414898E-01 -2.445570044843070E-01
 -6.155094461435305E-01  1.830063094259328E-01 -2.477704529933217E-01
  5.209816959562483E-01 -7.463767831807797E-02 -4.142440409468005E-01
  1.216350058000697E-01  3.664174263906921E-01 -1.534039661851928E-01
 -8.094936594053412E-01  2.938943958343922E-01  7.804664440315687E-02
  2.171889573070717E-01  3.846138414155223E-01  3.044244481936458E-01
  4.240428953118107E-01 -3.154347432350207E-01 -1.963613944923302E-01
 -7.978885020010842E-01 -9.587816931633286E-02  7.160300393784240E-02
 -6.762578300090135E-01  8.688110841497484E-02  2.944421333022520E-01
 -4.564741332052082E-01  1.690411385289873E-01  3.039535494385365E-01
  7.340730785919842E-01 -9.188701932500391E-02  8.158367874141670E-02
 -1.183886894787927E-01 -1.436956253882833E-01 -3.399893045787018E-01
  7.464320865114444E-01  9.249938003702905E-02  8.199879625683230E-02
  1.171226438335805E-01 -4.148036315966696E-01  2.486276276872176E-01
 -6.476291676674863E-01 -9.739540810905377E-02 -2.132050796747369E-01
 -3.057454329241996E-01  5.734453742121629E-05  2.925272240093436E-01
  6.000413899630020E-01  2.427578927286395E-01 -8.474224249118258E-02
  4.226107208823960E-01  9.826887945128700E-02  3.732000216794721E-01
  5.663555309430390E-01  2.191112548768294E-01 -2.417655736314705E-01
 -7.158002028117939E-01 -2.741590159412218E-01  7.215853964543699E-02
 -5.002795609411848E-01 -6.442750283212013E-02 -2.946350211413459E-01
 -2.484963284457418E-01 -4.257113429578019E-01  1.110015535905028E-01
  5.021512746776730E-01  3.417872931737113E-01 -7.859468208768693E-02
  5.139501676416202E-01 -3.792970781446961E-01  1.973991047303546E-01
 -5.776827940090575E-01 -3.856559553366940E-01 -7.739543937237524E-02
 -4.069452420332246E-01 -1.571051349936645E-01  2.912164380092794E-01
  6.623860698650367E-01 -8.984289723329565E-02 -2.614400349777033E-01
  6.661906392982135E-01  8.781387319411590E-02 -2.599995757696312E-01
  3.869013188087361E-01  2.161707142645628E-01 -3.778974718998934E-01
  3.908903484463909E-01 -2.338813605254620E-01 -3.947289682309945E-01
 -3.317765543059393E-01 -2.603254303975585E-01  2.680467693001511E-01
 -6.442069058372385E-01  3.830822074725815E-01  6.821926270159620E-02
  1.000900620796663E-01 -5.080033052648535E-01  5.375797796735931E-02
  1.830612462264914E-01 -3.570687380505867E-01  2.805794457214403E-01
 -5.110781678587974E-01  6.331011241045958E-02 -2.939989922288377E-01
  7.119351738685303E-01 -1.088001075559373E-01  2.731364989397838E-01
 -7.600649952410281E-01 -9.634124640817039E-02  2.047848475088750E-01
  5.710338312024138E-01  3.959123145402310E-01  2.043695409824561E-01
 -5.016685911339569E-01  8.550087440508107E-02  3.156286097225153E-01
  6.999298697081924E-02 -4.636867272089248E-01  2.017518413006246E-01
  3.844115521709504E-01  2.959198711910002E-01  3.315015797773779E-01
  7.364054948566636E-01 -9.258131911484180E-02  2.293504169816922E-01
 -5.910864229136614E-01  2.954346703806566E-01 -2.045710306551976E-01
  9.436847398098767E-02 -5.630438696237732E-02  3.363673783134944E-01
  7.527728086167261E-01  9.384074106072060E-02  2.309620357885628E-01
  9.639530818868476E-02  5.412072951972603E-02  3.299815641908931E-01
 -7.677793801105669E-01  2.947875622889034E-01 -8.156470967480997E-02
  1.291603364034614E-01  3.804936856083883E-01  2.749926738853682E-01
  4.675070858964283E-02  4.293768685571675E-01  9.967433200014485E-02
  7.285694287358132E-01  1.092180871901489E-01  2.748622433206004E-01
 -6.704261046940760E-01 -2.725916121194322E-01 -7.380563380223872E-02
 -3.713212140777614E-01 -2.777326350978401E-01 -2.813878259530541E-01
  4.410752725122368E-01 -1.859624917971415E-01  3.582198934975451E-01
 -5.329664274517715E-02 -3.025299059992048E-01 -1.472466544598455E-01
  3.462353966267691E-01 -8.250661395004003E-02 -4.394055899387070E-01
 -3.985724753100254E-01 -4.280039470771158E-01 -1.624963823993729E-01
  2.380252986287590E-01  3.071927286629538E-01  3.204869663797910E-01
  9.296395934141623E-02  4.237871763037537E-01  4.653112783003629E-02
  9.149690800067989E-02  2.933977997137662E-01 -3.456993498713251E-01
 -4.848043742282460E-01 -4.750621227140984E-01  7.431013440427571E-02
  2.413001404970674E-01  2.202575852602414E-01  3.224269868145788E-01
 -2.587846359637762E-01  8.249684422621112E-02  2.804530132730722E-01
 -1.000775371542960E-01  3.451874516748294E-01  2.060687736536890E-01
  2.877956882012661E-01  4.745299782589539E-01  1.440716976572485E-01
  9.704941825302865E-02 -1.955889597603124E-04 -3.713833713261735E-01
 -3.855535020404395E-01  3.718643708169257E-01 -1.459376399844882E-01
  2.272204050656298E-01 -2.226683598491521E-01  3.256310155490401E-01
  8.069815866263619E-02 -2.770427181119847E-01 -3.189315738071260E-01
  2.065986119404995E-01 -4.348235217119438E-01 -8.321851789850705E-02
  4.230764690139759E-01  4.271904943630003E-01  5.086596495175270E-02
 -7.691447646622838E-01  1.057180396067794E-01 -1.528117107259401E-01
  3.574563675060889E-01  4.563091125929405E-01  9.627571206042525E-02
 -8.086124213554676E-01  2.871207619006214E-01 -1.396117473375410E-04
 -8.446985234078306E-01  1.046618578310630E-01  1.461387641849996E-01
 -3.571668052828283E-01 -7.672043683458213E-02  2.987217455686014E-01
 -2.911921721894116E-01 -3.910373405240043E-01  2.265527166622656E-01
 -3.362242620122208E-01 -4.453836872756171E-01 -7.956287596075633E-02
  6.984386438717685E-02 -5.038835573791988E-01  7.513331764899926E-02
 -6.852042158022581E-01 -3.087332703921920E-04 -2.109285895162737E-01
  4.481113993891783E-01  1.802934590641667E-01  3.490598679926354E-01
 -7.155707082685703E-01 -9.521940092098614E-02 -1.454092485900105E-01
 -3.897223171041210E-01  2.583610510951049E-01 -2.565925118297485E-01
  3.182954261818245E-01 -1.792909112663169E-04 -4.460967801022747E-01
  3.160517184030075E-01  9.762835044609701E-02  3.742926580284907E-01
 -4.338758800187481E-01  3.884586799845625E-01  1.335093972815568E-01
  3.016471425600288E-01 -9.715942397127260E-02  3.685488061578559E-01
 -4.649379884450476E-01  4.036672837987317E-01  6.720666718590812E-02
 -4.610468260412132E-01 -4.680186880899537E-01  1.534888780154004E-01
  6.194688206577023E-01 -2.521276917135390E-01  3.595524130730681E-04
  3.793379646503784E-01  2.810134410238574E-04  3.847100991700497E-01
 -7.924708484118839E-01 -9.488509601506051E-02  1.401462814565439E-01
  3.830135076533204E-01 -1.594389181676731E-01 -4.294099845501266E-01
 -6.117698918878457E-01 -4.055560677002462E-01  7.309421218586289E-02
  3.578013327466729E-01  8.430828821763967E-02 -4.488761846115752E-01
 -4.911006441821401E-01 -3.407517153615368E-01 -2.171147365564175E-01
 -5.303428841449228E-01  1.274822383710982E-05  3.159741460317263E-01
 -7.917094853269455E-01  2.864812316728874E-01  1.440072442978205E-01
 -8.456837828206895E-01  9.989534696796352E-02 -4.485200396101241E-05
 -7.071698121113893E-01 -2.654733568340892E-01  1.711511233280858E-04
 -6.157579241902120E-01 -1.610644425710190E-01 -2.134532991207697E-01
 -1.913879483780577E-01 -3.738392436048080E-01 -1.102388305457532E-01
 -4.182992290839198E-01  2.092610811194217E-01  2.894246439273632E-01
 -2.200245703300774E-01 -3.968202841577192E-01 -7.988474485234849E-02
 -5.711047822332225E-02  3.942318878961865E-01  1.752378481315534E-01
  9.088145522200174E-02  2.262215516530985E-01 -3.962824881326949E-01
  5.657379039151109E-01  5.853042922923194E-02  3.659863898570815E-01
  6.618844261103234E-02  4.258062756701715E-01  6.691410343639623E-02
 -5.413246190147768E-01 -2.901185411890287E-01 -2.097462429364743E-01
  2.787232610867781E-01  3.313792957379882E-01 -2.507150701833594E-01
 -2.673317921001230E-01  4.102330783147964E-01  6.816427956255959E-02
 -2.288442567921441E-01  1.900668218876442E-01  2.549378390236636E-01
  2.692362473642986E-01  8.879989412561538E-02 -4.560856445483658E-01
 -9.650034580473414E-02  4.126460003998553E-01 -1.018422229726490E-04
  7.762876706669385E-02  4.317615705051168E-02 -3.943964548770401E-01
 -4.675689209830920E-01 -3.327070514338310E-01  2.529984980579397E-01
 -2.332991863271376E-01  1.167450973897304E-01  2.725374350840924E-01
 -4.509391868244224E-01 -4.541503282288082E-01 -7.853609179221531E-02
 -8.488806802003247E-02 -3.500522969105354E-01  1.958111811789487E-01
 -7.883365962137128E-01 -8.947603556798422E-02  6.497371406953427E-05
  7.442768031935380E-01 -9.110515488831528E-02  1.568017758142508E-01
  6.897393434552379E-01 -8.875967030216757E-02 -1.768845699602646E-01
 -8.341657652047456E-02  2.685500141808891E-01 -2.995138235261593E-01
  3.610187905922119E-01 -3.012250844686949E-01 -3.220873101701953E-01
 -3.766038210254804E-01  8.196391850768375E-02  3.029679355819414E-01
  5.606846797589762E-01 -5.868066836327282E-02  3.663763895855183E-01
  1.428673494403748E-01 -1.695519533016613E-01 -3.769739601685850E-01
 -7.072147188633778E-01 -2.710694588846198E-01  1.382311614457371E-01
  6.086522479703952E-01 -3.123644723299036E-01  2.170072369270696E-01
 -2.874892749527856E-01  4.123513884134913E-01 -1.298361163946447E-04
 -4.778006471564392E-01  4.059379495629248E-01 -1.544546564542453E-04
  1.597203016116834E-01  3.185468264168063E-01 -3.239137530218495E-01
  6.419207824352114E-01  3.110713213530467E-01  2.155484077824094E-01
 -5.607297800719323E-05 -9.376122365536126E-02  2.825635030205036E-01
  1.978009426310582E-01 -1.184557693167971E-01 -3.878132170778673E-01
 -8.278941979865406E-02  2.025474163270398E-01 -3.494734068009359E-01
  2.875639525683513E-01 -2.620842206085946E-01 -3.976501015702852E-01
  2.008634491863550E-01  3.803476294944609E-01 -7.860973345917348E-02
  6.348286606112057E-01  2.476201623691997E-01  9.429536716663075E-05
  5.685312970631476E-01 -2.364695848588214E-01 -1.657653633123546E-01
  3.648506857574170E-01  3.786660772822721E-01 -7.726166152332005E-02
  2.742667320246469E-01 -4.076624094375996E-01 -8.342508337937371E-02
  5.183513361393562E-01 -2.063275532945852E-01 -3.267919200067936E-01
  6.409146190491267E-01  1.955953227312049E-01  3.075960893530438E-01
 -2.008358752768426E-01 -1.074318625234909E-01  2.572562224123909E-01
 -8.662343846563014E-02  4.163402463566621E-01  3.488864144366693E-02
 -8.216787139059699E-02  9.038485008950349E-05  2.479791545896047E-01
  7.622308389463243E-01  9.249229768790876E-02  1.583931405458025E-01
 -4.449845517749239E-01  3.971198564546760E-01 -7.382890851832928E-02
  3.488783252439973E-01 -2.842732683267723E-01  3.240369254204682E-01
 -3.918475383504045E-06  9.566594820579703E-02 -3.989999969914844E-01
  6.893664001085642E-01  8.633663403028577E-02 -1.743283556936088E-01
 -7.277693978951841E-02  2.817459331824216E-01  2.369757635087974E-01
 -4.685653236023387E-01  4.026603448828801E-01 -3.742734458214189E-02
 -3.679623183174041E-01 -1.969476973039177E-01  2.791225103957980E-01
 -1.970633707284943E-01 -3.552139251630601E-01 -1.667266461619341E-01
  2.796689168071871E-01  3.784447542823278E-01 -7.847309895024354E-02
 -3.375294948930870E-01 -3.318769094803994E-01 -2.605848577963162E-01
 -6.819913635060326E-01  2.394340599022723E-01  2.652716202599208E-01
  5.147939789475374E-01 -8.599997848308190E-02  3.708062503748324E-01
  7.697828155261967E-02 -2.058493502293020E-01 -3.613302393145140E-01
  3.290123075325959E-01 -4.640028175292223E-01  9.154817273816242E-02
 -3.371700553361345E-01  3.996977524494050E-01 -7.483339689089746E-02
 -4.742696472361707E-01 -7.939471714016805E-02  3.090269178766071E-01
  4.534099797521429E-01 -3.460745664370345E-01  2.906284111213230E-01
 -2.637693630082393E-01 -4.217760285586774E-01  1.655452041451989E-01
 -6.082646940958807E-01 -2.238566084429446E-01  2.534164907402429E-01
  2.341304989244243E-01  4.744269101977134E-01  1.862628491330674E-01
  3.241141323323258E-01 -3.761001014218929E-01 -1.270996383317446E-01
  1.613390931208938E-01  3.539297963314975E-01  2.954046401210199E-01
  4.996555869994896E-02  7.284723405943606E-02 -4.035294171012330E-01
  7.189339248846899E-01 -8.746639332742978E-02  2.860682979572198E-04
 -5.632290490293139E-01 -3.798510345132770E-01  1.995116263361300E-01
  6.562065983566252E-01 -1.728404326421937E-01 -8.762548945597351E-02
 -8.157800506691213E-01  2.058514424710658E-01 -7.949217603784367E-02
  6.504736101910208E-02 -3.105222747356825E-01  2.740111326860071E-01
  3.399168369486839E-01  4.339169037510289E-01  2.947591441624676E-01
  5.118133060914560E-01  8.355053842418701E-02  3.675290480919496E-01
  5.232455948908726E-01  2.002423370018719E-01 -3.182488390285902E-01
 -6.382513995162276E-02 -2.976610694074233E-01  2.347742461880333E-01
 -6.169909457757214E-01  3.749871582430067E-01 -7.369341418775244E-02
  1.930334609337706E-01 -3.636604374272154E-01 -2.391476358792399E-01
  8.316297236223461E-02 -4.744103662824710E-01 -3.699508631202868E-03
  1.672761141691499E-01  1.794996646489648E-01 -4.286302218264467E-01
  6.125157946560714E-01 -2.729478697181059E-01  2.741897150436328E-01
 -4.835426739141761E-02 -3.825754419759644E-01  1.651109715268684E-01
 -2.315967265076708E-01 -7.489498237735834E-02  2.679062725489423E-01
  1.937402895951643E-01  4.632430985927129E-01  2.002118846309940E-01
 -3.487068524530218E-03 -2.756629641370000E-01  2.641913686504777E-01
 -2.049613986570371E-01 -1.922281763073463E-01  2.511870058641539E-01
  6.599634889992145E-01  1.683525516316799E-01 -8.581658011941176E-02
  6.161038705538806E-01 -1.993204628042352E-01  3.161828367600623E-01
  6.862768078823658E-02  2.943087755520823E-01  2.722048868140433E-01
 -2.823579047894919E-01  3.320020351726645E-01  2.041389637039110E-01
  3.496023911770940E-01  4.982032163552606E-02  3.844591971472757E-01
  7.167089170995746E-01  8.686174902101136E-02 -2.183579996398524E-03
  4.418994066284714E-01  3.679157484153580E-01 -7.713454981050626E-02
  2.501775848039405E-01 -4.794000064223228E-01  4.834878821145638E-02
  2.622409648568011E-01  1.477041459314869E-01  3.471679160150661E-01
 -5.919607078753855E-01  8.394111749218418E-02  3.123001351883002E-01
  4.311247033698674E-01  3.038180816194450E-01 -2.264088487504415E-01
 -4.951020039524898E-01 -4.058127808671641E-02  3.122640704043744E-01
  3.842461501629311E-01  1.541843833419228E-01 -4.257996886253363E-01
 -5.910488831038992E-02 -1.253133637191545E-01  2.543396851668372E-01
 -2.358653008292719E-01  4.009223048625265E-01 -7.525312024242210E-02
  6.113250126343880E-01 -1.616007411631941E-01 -2.592711481616757E-01
 -1.030155060634051E-03  8.709573802014026E-02  2.828955445879021E-01
  1.215654301419339E-01 -3.336069567792887E-01  2.795048217536936E-01
 -4.365818219519243E-01  8.479730055683428E-02  3.116405794712666E-01
 -7.893096216696440E-01  1.875459704680791E-01  2.208645711168216E-01
  2.384662033942452E-01 -8.076242244401512E-02 -4.139774047891288E-01
 -5.746337564466719E-01  3.529704570968049E-01 -1.455623960490665E-01
 -2.509509776623804E-01  4.032522876039069E-01  1.018664361761504E-01
  6.862769285315033E-01  4.079429136828641E-05 -2.528536279830418E-01
  2.047793288118575E-01 -2.886634496905688E-01  3.043960324457806E-01
  6.189772253215120E-01  1.575752557911044E-01 -2.555468784049759E-01
 -7.242083314823614E-02 -3.897014390152986E-01  4.707214043235456E-03
  7.239451652567628E-01  1.313238439144170E-04 -8.484209828222057E-02
  2.551237797412088E-01 -3.595176204117487E-01 -2.484547029557707E-01
 -6.186940080892848E-01  3.733794984115711E-01  1.332252272770091E-01
  5.858338265863033E-01  2.350225848736781E-01 -1.626192078743179E-01
  3.298493186000462E-01 -2.858454385439352E-01 -3.658451441769034E-01
  2.609324607172124E-01 -4.963294373565122E-01  1.395704500595867E-01
 -7.011595885125285E-01 -7.668002161547109E-02  2.631260142164494E-01
 -6.722178558141519E-02 -3.978514778152843E-01  3.205334740714378E-02
 -4.725478637434455E-01 -4.645047074255573E-01 -1.724722228463833E-03
 -7.397487813269282E-02  3.769796322575655E-02  2.713042340362861E-01
  4.966255298140551E-01  3.593204937813088E-01  3.035921766007771E-01
  7.104711022788536E-01  1.766086977758901E-01  7.910947046581229E-02
 -5.224377528111109E-01 -4.284894020444310E-01 -7.832236718651882E-02
 -1.887429004997565E-03  2.576401552414009E-01  2.616111204696678E-01
  6.352384583127553E-01  2.685042718256345E-01  2.709482180063920E-01
 -3.925011748741080E-01 -4.556007864792176E-01 -8.288370230360280E-02
  3.088820313778984E-01  8.367787650825456E-02 -4.525450583716938E-01
 -4.067630799272210E-01  3.746317366903030E-01  1.655638003540557E-01
  4.755150035544191E-01 -3.488272449602650E-01 -4.429790870237876E-02
  3.780164928906758E-01 -4.218125042807045E-01  4.454480368462649E-02
  5.941954439432494E-01 -3.076215952501716E-01  6.487254363744796E-02
  2.551980803100303E-01  4.315751082666346E-01  4.587787192104351E-02
  3.767013945751293E-01 -3.481712325491245E-01 -1.635558432946081E-01
  3.437529965512272E-01 -4.977311603502568E-02  3.827186482474159E-01
 -1.695324362173755E-01  1.223678595960609E-01 -3.466172711239847E-01
 -7.178846477850220E-01 -1.867088307573992E-01 -7.596860356764445E-02
 -2.570250044327680E-01 -3.494226929410236E-01 -2.199845927789878E-01
  2.525361188469493E-01 -1.516196249517698E-01  3.541747182209745E-01
 -2.434078774120006E-01 -2.085054401213403E-01 -3.082200339262601E-01
 -5.713465837921424E-01  2.426660270114945E-01 -2.412888789913233E-01
 -4.905523592364609E-01  3.131401971200538E-01 -2.084136905970959E-01
  6.294470422557513E-01  3.074579310929372E-01  6.384248007105239E-02
 -4.140649421082945E-01 -4.428719439812754E-01  1.923143477336975E-01
  4.425272520158623E-01  4.614005644799746E-01  1.426095330598507E-01
  4.919011790950091E-01  2.772076320760959E-01 -2.243716451444861E-01
  5.579973720703060E-01  2.437104917870917E-01  3.211551128863470E-01
 -3.383920957013811E-01 -3.933611474582585E-01 -2.045610630557997E-01
 -3.204036491126604E-03 -2.292516883642648E-01 -3.051645219065757E-01
  5.424777818842217E-01 -2.501128857983925E-01  3.298561762420658E-01
 -2.378123376594334E-03  2.534376271602282E-01 -3.443527955994004E-01
  3.017666756814027E-01  2.365687764906629E-01 -3.952299426701482E-01
 -4.126203766430830E-01 -4.751278626296879E-01  1.152048157563620E-01
  6.800966350618035E-01 -5.922704471381500E-02  3.201252761541734E-01
 -2.686708737434249E-01  1.993361581147902E-01 -2.933610778876541E-01
  2.093868246905210E-01 -4.929275841474199E-01  1.787380372631360E-01
  4.709487437843891E-01 -2.829513947911339E-01 -2.310908746920188E-01
 -7.331820585450142E-01  8.137236553166122E-02  2.715456880884921E-01
 -6.412162727026258E-01 -7.681224409802383E-02  2.883899244824663E-01
  2.754508107517594E-01 -4.190807607052961E-02 -4.309217551012454E-01
  7.323059307362194E-02  2.047799422544750E-04  3.261600109991233E-01
  5.194231980339460E-01 -3.110285642319706E-01 -7.698367579982499E-02
  4.623005110555260E-01 -2.141503057524575E-01 -3.688000007104478E-01
 -1.816064927745654E-01 -2.966838812628863E-01 -2.263127088524751E-01
  3.317831689534287E-01  2.709421601332669E-01  3.365161940423109E-01
 -3.823261059578164E-04 -8.148982492511730E-02 -3.684512144453153E-01
  6.954403688674442E-01 -1.781890484648508E-01  7.937218248673955E-02
  6.054398218419921E-01  3.412217378063884E-01  7.488086895810907E-02
  7.048608931799283E-02 -3.040071208265510E-01 -2.718586374323163E-01
  3.784321598762075E-01  2.747102277653445E-01 -3.150260474602693E-01
  3.049568381486810E-01  4.460836826778940E-01  6.999444342089524E-02
  4.419105515643359E-01 -7.444400590921284E-02 -4.407838037293008E-01
  2.943403386000078E-01 -4.052001089742829E-01  2.681066115394287E-01
  5.520431318657629E-01  3.089647971370714E-01 -7.520475727318143E-02
  8.070106714308965E-02  4.110710727705173E-01 -1.318798191094952E-04
 -3.126219078573237E-01  8.072240224650092E-02  2.921410293887730E-01
 -6.088009802500798E-01 -3.291345468524851E-01  1.996507599501029E-01
 -7.149936285693247E-02  4.070091951778116E-01 -3.777014545702439E-02
 -1.516978147651414E-01 -3.116694770632227E-01  2.160087898102483E-01
  6.407527356757632E-02 -4.500878223306957E-01 -4.778934908723494E-02
  2.388183702679624E-01  2.163208734457188E-01 -4.192933859578155E-01
 -2.020256885527904E-01 -1.483869446398822E-01  2.520779699843969E-01
 -6.449434861268462E-01  1.666513761963706E-01  2.968440473960062E-01
  3.252464802322628E-01  3.552130018331633E-01 -1.575719568141467E-01
  1.542997998221293E-01 -1.790520871629284E-01  3.290299193256335E-01
 -2.748852020905498E-01 -4.262548076116324E-01 -7.906107447963732E-02
 -4.832355838875762E-01  1.257061553328315E-01 -2.903612890475677E-01
 -5.270183096298266E-02 -3.859524359785743E-01 -2.894389146681578E-02
  5.448091974516928E-01  3.790547474083432E-01  4.766567539824521E-02
  1.130106704773268E-01 -1.871553428605551E-01 -3.691089364982256E-01
  2.417072484050216E-01  4.104469843515660E-01 -2.368135852060457E-04
 -2.051120842544689E-01  6.307884063895082E-02 -3.484017776832319E-01
 -2.084233958904992E-01  3.555724373178456E-01 -1.795628150795333E-01
  7.013482484923943E-02  2.098430696557552E-01  2.814053258913134E-01
  2.281618115853987E-01  1.290587649765252E-01 -4.480252486986082E-01
  6.334687977412766E-02 -4.126472131908034E-01 -1.098275084225624E-01
 -3.629595078192436E-01 -4.720447706809984E-01  7.682847939269466E-02
 -6.843952627164479E-01  2.899364434529821E-01  2.316232262078539E-01
 -7.302046699659966E-02  2.001621910132706E-01  2.525434027703200E-01
 -7.926357321953277E-01 -2.289305161825410E-03 -7.500934365142747E-02
 -3.580223769482603E-01  6.186400263427840E-02 -3.239876624438576E-01
  6.543863022843506E-02 -3.248724341235759E-01 -2.326792059311289E-01
  5.705892781385535E-01 -7.327161611984002E-02 -3.798004547935501E-01
 -3.404851595445198E-01  2.356011785681268E-01  2.638210095347591E-01
 -4.119420264361038E-01 -7.886659353227228E-02  3.039168214139306E-01
 -7.929048063633430E-02 -4.516169072729364E-04 -3.716792266613410E-01
  1.770633898528627E-01  3.162355101139306E-01  3.042201374316165E-01
  4.638205496279397E-01  2.014610674307777E-01 -3.540182561420969E-01
 -7.021710166266459E-01 -4.982305327002331E-02 -1.810305801885662E-01
  1.631590208465870E-01  1.750802953443492E-01  3.198136524263411E-01
  4.011205406593446E-01  4.549151378624786E-01  2.604959196455252E-01
  6.843906195812374E-01  5.871105816505671E-02  3.201057753969323E-01
  4.007112600916521E-01  4.036534394399709E-01 -2.108740157488874E-03
 -6.885525797209897E-02  3.242240358351799E-01 -2.485064723111600E-01
  5.573420881380159E-01  3.645375425480481E-04  3.701982898713319E-01
  5.722051925084322E-01  7.005402078840031E-02 -3.756899399113885E-01
 -6.412134943709881E-01  5.300224345254794E-02 -2.468416488652421E-01
 -7.141203169445355E-01  2.747683494023553E-01 -1.560260953290329E-01
 -5.715685309915451E-01  3.522008964745783E-01  1.937665200225792E-01
  3.926548206611556E-01 -4.434288884633530E-01  1.340095466616906E-01
  5.616886733111098E-01 -3.382831519447900E-01  7.555716731505918E-02
 -6.926672712111563E-02  3.632126388483107E-01 -1.836873940376771E-01
  2.886055765798388E-01  2.485665730535397E-01  3.316658068765628E-01
 -6.567369478853757E-01  3.346118229187313E-01  1.930203818010409E-01
 -6.262507465640059E-01 -3.368913472060473E-01 -7.373870196250330E-02
 -2.109760743781827E-01  3.896321806251883E-01 -1.115944134551282E-01
  1.325838374020701E-01 -4.082473134157380E-01 -1.578676656807968E-01
  4.400914995467485E-01  7.040885671117797E-02 -4.327516120959108E-01
  6.176543151779998E-01 -7.340483248446023E-02 -3.390644398574308E-01
 -1.744838674465907E-01  2.974269035632828E-01  2.161423745748382E-01
  1.791408794444045E-01 -4.843182719676966E-01  1.974299732506412E-01
  3.489445565637476E-01 -4.254629712281649E-01  2.405495028585711E-01
 -6.108451363046433E-02 -1.139719958552129E-01 -3.585877722770000E-01
  5.123629163490467E-01 -3.776320976967769E-01  1.215309677923602E-01
  6.407205795352382E-02  3.643396910671366E-01 -1.909273444598243E-01
 -3.161214831945161E-01 -1.274822712333217E-01 -3.219371266374936E-01
 -1.483270670816657E-01  1.523538033985939E-01  2.577408958499461E-01
 -3.264870238302088E-01  1.236070644035956E-01 -3.108620639405485E-01
 -5.870053601508257E-01  2.393731940364364E-01  2.857536568517973E-01
 -4.291913559108833E-01  2.782032486650416E-01  2.594011282388729E-01
 -4.467977467020872E-01  1.848274956279004E-01 -2.827805653381551E-01
 -2.349012762152361E-01 -2.682431653045561E-04 -3.530582588462143E-01
 -1.992140175921133E-01 -6.486750054048199E-02 -3.518004176233532E-01
  4.008128684432766E-01  4.621531006384307E-01  1.167389775673724E-01
  4.964617741553498E-01 -3.679952625054045E-01  4.472045342466337E-02
 -5.873315120432471E-01 -1.552574255628971E-01  2.830128588677868E-01
 -6.899546963581289E-01  3.500239564128207E-01 -7.300580577183939E-02
 -1.530855374734078E-01  2.849037229657136E-01 -2.669498419864302E-01
  4.418204056895115E-01  4.620008944710824E-01  2.220151197472665E-01
  4.060338762233441E-01  2.279509123101152E-01  3.381351525117212E-01
 -7.156275477915348E-01 -1.752146630950601E-01  2.090626200963069E-01
  7.539467106610418E-01  7.727767554335812E-05  7.453037741658594E-02
 -2.925460650776947E-01 -7.506783906495772E-02  2.840673836939767E-01
 -3.527748300709757E-01 -6.350599799867679E-02 -3.283097775584187E-01
 -2.706392298161687E-01 -2.257642992115503E-01  2.672412797744477E-01
  5.101373259603206E-01  4.380075156068834E-01  1.757690264161439E-01
 -1.144425504628864E-04  3.977271642471822E-01 -7.548966041469353E-02
 -6.177879182453615E-02 -2.447418903773206E-01 -2.664888577206055E-01
 -3.229838811959483E-01 -4.571233100646679E-01  4.000437845118912E-02
 -5.310230303215249E-01 -2.258905676270436E-01  2.728189678863907E-01
  2.121766904255336E-01 -2.089573509918637E-01 -3.994386533131616E-01
 -1.408654118501218E-01  3.760371171019161E-01 -1.468998070469655E-01
 -6.435637245698688E-01  3.829285011353720E-01 -6.515708291460318E-04
 -2.833330396786674E-01  3.998172921793079E-01 -7.513052539948326E-02
  5.677540925232593E-01  3.929856130647206E-01  1.261656121957916E-01
 -6.112058994039965E-04  3.507816416340407E-01 -2.200456254170211E-01
 -4.613624221621077E-02  5.956433045999720E-02 -3.819514685972899E-01
 -7.912729993380173E-01 -2.815451671186510E-03  2.061281822020422E-01
 -6.340291233665610E-01 -2.546117228529600E-01 -1.454879048196243E-01
 -3.837466144439074E-01  3.980108515607048E-01 -7.492535923018004E-02
 -8.537535455093135E-01  2.045807259685950E-01  7.544593081515831E-02
  2.595219142075854E-01 -4.922483971841138E-01  9.548405072083996E-02
  3.882453773546810E-01 -2.331485657274938E-01  3.439803634954351E-01
 -8.159215347422736E-01  2.501203775513604E-01 -4.406988912531198E-02
  3.277684729509452E-02 -6.594295620817679E-02  3.029394542517237E-01
 -1.970017525439228E-01 -2.675005693809221E-01  2.410904717691742E-01
 -2.830574485908348E-01  3.281659921433222E-01 -2.065541492336535E-01
  4.381593395279774E-02  2.420972239251067E-01 -3.726619203459143E-01
 -4.266522622422649E-02  2.277760363682360E-01 -3.468469973090968E-01
  5.796566223166851E-01 -2.252416718960364E-01  3.219163412865602E-01
  1.882899758751174E-01 -4.202978501833176E-01 -1.311729997335540E-01
 -3.842851750805465E-01 -2.770953722428047E-04 -3.266112690848603E-01
  6.146474978424806E-02  4.002935812476001E-01 -4.046995213229000E-02
  4.754180460774849E-01 -1.355336826864980E-01  3.676749619017599E-01
  1.838315248365658E-01  3.722614160880913E-01 -1.194769216018596E-01
  2.281002626018201E-01 -5.454938117792939E-02  3.755521568246657E-01
  6.210793645381574E-01  7.044029371740762E-02 -3.367679366788575E-01
 -2.759064370515735E-01 -6.505169629667040E-02 -3.418656218842542E-01
  6.691368812269425E-01  1.665623314702939E-01  3.016797900865684E-01
  2.613332832377074E-01  3.933862844673360E-01 -3.888579388490398E-02
 -6.602330696207816E-02  3.220400199676917E-02 -3.749717525444728E-01
  3.047704826119741E-01  3.675780587229608E-01 -1.178505879987848E-01
 -1.818883857958356E-01 -1.727175893858399E-01 -3.190711253470417E-01
  3.043540193545473E-01  3.413448342918172E-01 -1.983846188385513E-01
 -3.398710260303761E-01  3.506835128697673E-01 -1.804535733807080E-01
 -4.282208444601397E-01 -1.874430170052701E-01 -2.905775474421189E-01
  6.357714487022805E-01 -2.129045687962740E-01 -4.453104812264316E-02
  3.556314390471073E-01 -3.985719554892435E-01 -4.279895026087477E-02
  2.413940996503317E-01 -4.644358639828958E-01 -1.385524617905930E-03
 -6.207072689424499E-02 -1.871366803635728E-01 -3.257507466475296E-01
  3.033668416140667E-01 -2.604952831217744E-01  3.269534888765687E-01
 -7.171133597712942E-01 -1.437476136034094E-01 -1.114344930030950E-01
  4.804743284114005E-01  7.639040139184388E-05 -4.322460098104818E-01
 -1.869485314868652E-01 -2.454932813236274E-01 -2.805759075718193E-01
  1.379065109848067E-01  2.060159317283458E-01 -4.160487434169293E-01
 -2.103198922375913E-01 -4.022034976194648E-01  4.025758582650302E-02
  1.226211013296926E-01 -4.731122944011195E-01  2.037006445576950E-01
 -8.563529023192651E-05 -3.227859992982072E-01 -1.801769729504382E-01
 -5.443608603623779E-02  4.192943333770132E-01  4.777080645822416E-02
 -7.142519801825612E-01 -2.270085921149190E-01 -3.800948931800758E-02
 -4.077501861433632E-01  4.042939830965319E-01  6.748276118004298E-02
  3.976956332016907E-02 -2.203284532416684E-01 -3.382289694477863E-01
  6.312570281078146E-02 -2.186304986088467E-01  2.894196610383799E-01
 -4.057186729056728E-01 -2.988345532171887E-01  2.674834846069593E-01
 -3.560880914552504E-01  4.075084539317582E-01  6.808965547557488E-02
 -4.635118600751351E-01 -1.266436621342262E-01 -2.937082964143338E-01
  4.476907212602735E-01 -4.129281074544365E-01  1.634703360110977E-01
 -3.014957805729337E-01 -2.398723755863473E-01 -2.954238029616309E-01
  5.952658430995574E-01 -2.949534932733160E-01  4.026691623333235E-02
 -3.816942562935561E-01  3.641937815250732E-01  1.780190849591081E-01
 -5.843673494380602E-02 -3.154161774850175E-02  2.609885875344531E-01
  6.055412456931474E-01  2.577180974890272E-01  2.978166187739499E-01
  6.047292714707183E-01  3.425672901976961E-01  2.256850671786232E-01
  6.364166878881077E-02  3.357789822685560E-01 -2.611511298326564E-01
 -5.598025914730135E-01  4.276262362301188E-02  3.147859189918594E-01
 -6.020770099040996E-01 -4.005318301590246E-01  1.399109616726387E-01
 -6.241502945515423E-01  2.047664309058402E-01  2.907867079134566E-01
 -7.264082267711928E-01  5.225598789705731E-02 -1.862787976782034E-01
  6.558989244931112E-01 -1.684822438163553E-01  3.032711924562066E-01
  2.300644031132947E-01  5.322505801484009E-02  3.716677527860497E-01
 -5.453250332875753E-01  3.333012533102439E-01  2.230605100123802E-01
 -6.384267123629704E-02 -2.105724617231870E-01  2.508326265009797E-01
  6.655302101248031E-01 -2.552626904883387E-01  1.932830497612242E-01
  3.397219206846933E-02  6.276535504759061E-02  2.954387301825911E-01
 -3.019825959259830E-01 -3.739770854357546E-01 -2.142850743481117E-01
 -5.530638904917465E-01 -4.476841410865532E-01  7.121941677325476E-02
 -6.290282138373519E-01  1.174578623417994E-01 -2.514983573508741E-01
  3.297332528241934E-01 -2.017980880296364E-01 -4.155971605105382E-01
 -1.891950931864668E-03 -4.054064194376960E-01 -6.239599334092255E-02
 -2.221790287783444E-01 -4.023227223559586E-01  6.438955165864042E-04
 -5.698603931445122E-03 -4.179588010288432E-01  1.946122046184636E-01
  2.547291984669977E-01 -3.871295901515592E-01  2.785571011375588E-01
  4.090047016671964E-01 -1.167101817464963E-01 -4.366660277957702E-01
 -5.427566693691224E-01 -3.674731492697139E-01 -1.504020360206666E-01
  7.580951834451769E-01 -6.387451057166197E-04  2.219513949172666E-01
  2.912018111298388E-01  4.117865263410255E-01  3.060078120018198E-01
  3.648776813371035E-02 -5.918097115497785E-02 -3.601047207371452E-01
  6.147999888423387E-02  3.835206665053165E-01 -1.150299826346512E-01
 -6.050971995092139E-01  3.655037994353554E-01 -1.099005900852632E-01
 -7.611229052537818E-01 -1.878315228976138E-01  7.030964668995039E-02
  5.935332665722558E-02 -3.490019511322364E-02 -3.583233478907497E-01
 -2.253323080869455E-01  2.442694620849976E-01 -2.797837410663196E-01
 -3.534573357222539E-01 -4.177026485638789E-01  2.126178109443569E-01
 -1.293943491615525E-01  1.728802918932778E-01 -3.462243946570789E-01
  2.099079633601992E-01 -2.989344820317827E-01 -3.612168159903921E-01
 -4.252932347026931E-01 -6.344277848439758E-02 -3.121114980521401E-01
  5.630599062390715E-01 -3.423595364733673E-01  2.236235743945600E-01
  4.473758891733193E-01  3.304767906222011E-01  3.238283607476877E-01
  6.278561360542914E-02 -4.945854206617031E-01  1.422503102103821E-01
 -1.821283560219702E-01 -2.704368868399202E-01 -2.522348401018881E-01
  4.831588451048086E-01  1.322238787402295E-01  3.612207680535065E-01
 -5.534043812193530E-01  2.153274322187854E-01 -2.565226019964539E-01
 -4.978788788346204E-01 -1.871779666160175E-01 -2.704509537567777E-01
  3.864491500560990E-01 -4.357894739627888E-01  2.068445537079600E-01
  1.049179072721574E-01  1.856015109790918E-01  2.955924318712649E-01
 -2.810689954189742E-01  6.296355590822354E-02 -3.352469099234132E-01
 -6.148468201411157E-01 -2.746576297956379E-01  2.266347108097037E-01
 -7.868459947839377E-01  5.283021414536389E-02 -1.141680024263592E-01
  6.532573793668718E-02  3.589348350350121E-01  2.551848023808236E-01
 -3.758245849540851E-02  5.857283904709242E-02  2.799194250026900E-01
 -4.281636131598296E-01  2.146269045497396E-01 -2.740717693227281E-01
 -4.901807526199694E-01  3.076211242153359E-01  2.451843885222882E-01
  4.338811056734847E-02  3.920358139652128E-01  2.225988444193573E-01
  2.964783516415592E-01 -3.595167238312705E-01 -2.047936010785288E-01
 -1.893109314580089E-01  1.329093227220455E-01  2.632532645786181E-01
  3.180043798503732E-02 -2.490607132751442E-01  2.758983312975574E-01
 -1.909585974036231E-01  9.538550485947267E-02 -3.464269853130346E-01
  6.429954143427489E-01  2.068260756301711E-01 -4.316266996348194E-02
  3.170524331853765E-01  4.783650656892600E-01  2.274609699609246E-01
  6.911769774662938E-01  2.530713740868903E-01  1.922547125799930E-01
  6.730954464633648E-01 -1.337488387888903E-01 -1.337829333695597E-01
  3.447739281787802E-02  2.337130204416007E-01  2.702342904240814E-01
 -4.746656632893945E-03 -4.582744949419240E-01  6.772490685132083E-02
  6.259343635391565E-01  2.925022572052004E-01  3.997496457828171E-02
 -6.093366666201571E-02 -3.298425301981733E-02 -3.685061052831025E-01
 -5.268821929914933E-01  1.875574731550641E-01 -2.709108292745180E-01
 -2.179714791531538E-01 -3.445765751932339E-01  2.230526377818412E-01
 -7.933414021316821E-01  1.579157080615720E-01 -1.232682147740718E-01
 -5.407344643285596E-01  3.349539754976059E-01 -1.775117598091889E-01
  4.664775609940208E-01 -3.759352299200239E-02 -4.366269084395251E-01
  4.071736992485400E-01 -3.191308915078966E-01  3.138561762420810E-01
 -7.772629155459030E-01  5.248372383189759E-02  2.390056500305876E-01
 -2.664690945043877E-01  3.757498396930970E-01  1.569808797058732E-01
  2.405431372974123E-01  2.800264722982603E-01 -3.648452257085178E-01
 -6.213227663751705E-01  1.276407803813833E-01  3.050644131769494E-01
 -7.669725805124343E-01  3.321301039559394E-01  3.859943785786357E-02
  1.867088529683184E-01  3.564890171470988E-01 -1.963020661735974E-01
 -8.316867665825896E-01 -2.741362600609288E-03  6.859616438833029E-02
 -5.525156089094578E-01  3.983059308059601E-01  6.707962829957564E-02
  4.220102427692132E-01  3.860738351476045E-01 -3.950619589748226E-02
  6.934935183105819E-01 -4.613860297209584E-02 -2.177838384720729E-01
  3.456557307800984E-02 -3.289484100792102E-01 -2.048835703889134E-01
 -5.852550601478116E-02 -2.829327700187592E-01 -2.024199242765938E-01
  2.351958545020240E-01  3.460915282387781E-01 -2.258613578882474E-01
 -5.231151818734489E-01 -4.231059199967171E-04 -2.924006490699776E-01
 -5.609480981757735E-01 -6.344999470481767E-02 -2.723224834623558E-01
 -3.885988302730265E-01  1.651656333773922E-01  2.950336274274131E-01
 -2.201966920988518E-01 -3.247025087512260E-01 -2.240773979610118E-01
  5.281579864839949E-01  1.387524369152502E-01 -3.708112067660990E-01
  3.395468077778620E-01 -3.873516772723197E-01 -8.507233398713021E-02
 -7.918182476211539E-01 -4.916930108604693E-02 -3.801612202751426E-02
 -8.428211538826479E-01  5.185841723967592E-02  3.796829055019578E-02
 -1.561326464324377E-01  3.918007248512983E-01  1.398095483217286E-01
  4.906115798739287E-01 -3.641925976660428E-01  2.635545892307325E-01
 -1.805305380172057E-01 -9.706514773314377E-02 -3.469354271577005E-01
 -2.045724994491237E-01 -3.984711031244113E-01  7.188443986651730E-02
 -6.744114653423215E-01  1.725027347773084E-01 -2.227125085463798E-01
  4.645061432864181E-01  3.578767863428300E-02 -4.316014800891653E-01
  1.325568662885180E-01  3.143459238998710E-01  2.906565866370763E-01
 -3.081726873937116E-01  1.536224545070434E-01 -3.039044309501817E-01
 -1.108879270164937E-01  1.726212533346651E-01  2.557235646254609E-01
 -7.272712677744244E-01  1.576289534518985E-01 -1.915713331202187E-01
 -8.269212551885327E-04  4.234330960556852E-01  6.667649578625293E-02
 -4.308215528307593E-01  6.192931714487943E-02 -3.093464256844954E-01
 -8.228225311280956E-01  5.248967245092045E-02 -4.204211192210395E-02
 -3.674588456915961E-02  2.278397870505887E-01  2.550859338536874E-01
 -5.202228987992606E-01 -3.541497837137396E-01  2.355692127740678E-01
 -3.618080523122124E-02  4.037802415123539E-01 -5.633721389729365E-02
 -7.967442623390411E-01 -4.958941781217587E-02  1.733164093512009E-01
  4.965030306181089E-01 -2.214316756613809E-01  3.464870487716610E-01
  7.174492910763911E-01 -1.484338997715881E-01  2.186145197568470E-01
  5.051916513251593E-01 -3.737627163914617E-01  8.268783344056969E-02
  1.465571832466091E-01  4.469569973268776E-01  2.019066482899990E-01
  6.948651584492187E-01  4.503631956773340E-02 -2.167424431646999E-01
  5.577635062447881E-01  3.872114598293595E-01  8.579922434368130E-02
  2.209205625349525E-01 -2.603477416435439E-01 -3.912318533154878E-01
 -2.964072441884562E-01 -1.589334719914333E-01 -3.167283837675762E-01
  7.288854376741765E-01  1.553708857024843E-01  2.425655787740773E-01
 -3.515703799292799E-03  3.914022419230072E-01  1.952572657830205E-01
 -3.283938098760363E-02 -2.427802745474478E-01  2.570044385390001E-01
 -4.283820026866560E-01 -3.871245998542011E-01  2.389704023801532E-01
 -3.432745125522533E-01  2.964096473987783E-01 -2.327370296583144E-01
 -5.985481496249555E-02 -1.669432973604496E-01  2.510978591323578E-01
 -6.594746269587790E-01 -3.556896850195414E-01  6.657948547221088E-02
  2.505054223047102E-01  1.015334903208898E-01  3.627439043142305E-01
 -5.235832496867771E-01 -2.371906133362586E-01 -2.426139658965377E-01
  6.738848582356487E-01  1.299561097169472E-01 -1.306049809489951E-01
  5.281073330517412E-01 -1.470034925543650E-01 -3.817692473384873E-01
 -3.244088818817121E-01  4.106702913835326E-01  3.404862714615468E-02
 -7.599367484438664E-01  3.290850408433751E-01  1.061201153999574E-01
  4.507401543238579E-01 -3.327544174747705E-01 -1.206431762389098E-01
  3.978908954954209E-01 -3.013315321561743E-01 -2.750708110247189E-01
  2.328438343985973E-01  1.743971900495639E-01 -4.382638272717290E-01
  9.692689866696576E-02 -1.912475837163825E-01  3.086769878695870E-01
 -6.140924410619222E-01  3.443547306623796E-01  1.931234520837442E-01
  4.829240747083614E-02 -4.773425723431231E-01  2.556592563471302E-02
  2.059872851980219E-01 -1.655965788843920E-01 -3.969367767827233E-01
 -3.455378858955519E-01  3.530692967687180E-01  1.879513709773394E-01
  3.688565630777622E-01 -4.081856040953180E-01  1.411520311868869E-04
 -3.484141877930279E-02  3.566697943930308E-01 -2.016248200794793E-01
 -1.054232771490848E-01  3.701165870646950E-01 -1.647334163258497E-01
 -5.919085278939873E-01 -1.125655955257751E-01 -2.456377507175835E-01
 -1.321363756622380E-01 -3.758951012527035E-01  1.271130401947858E-01
  1.091560584201360E-01  3.286779114081254E-01 -2.922536245577272E-01
 -1.757827636913612E-01  3.828637318937338E-01 -1.291576054677016E-01
  2.112630203431802E-01  3.433250770911203E-04  3.773842905872224E-01
  3.881171086739547E-01 -4.353620948799638E-01  9.094755291773811E-02
 -7.116109526259681E-01  3.611546896204432E-01  6.567306507632696E-02
  1.642513562882718E-01 -3.482357202523469E-02 -3.789979302184910E-01
  4.674077692631717E-01  3.246259955153135E-01 -1.541606282485893E-01
  2.138414377321813E-01  1.618193165205888E-01  3.331272237830661E-01
  2.572554529129901E-01 -4.345394968097750E-01 -4.187119679371536E-02
 -3.335457080707478E-01 -4.197479118368130E-01 -1.615852169260923E-01
 -4.380119944378116E-01 -3.081168458021554E-01 -2.575453874065606E-01
 -6.056042411067937E-01 -3.965882426475705E-01 -1.147691031058470E-03
  3.675427383182409E-01 -1.468680852736453E-01  3.621611277692476E-01
  7.234959245029011E-01 -4.516682118642737E-02 -4.565790981856611E-02
  5.397158824354099E-01  3.758339061038295E-01  2.726686834857729E-01
 -5.760800571262574E-01  6.366273975189166E-02 -2.750077592878479E-01
 -5.814013745861979E-02 -7.858381869879634E-02  2.567518128550674E-01
 -1.067453951731140E-01  3.888214126207181E-01  1.568484254467375E-01
  4.767200650634741E-01  4.534311344732993E-01  1.984068477825127E-01
 -5.034241968968229E-01 -4.488710912109877E-01 -4.007364814637181E-02
 -1.239817654226014E-01  2.876737782788493E-01  2.255310409521636E-01
  4.138274721817703E-01  1.125173025887018E-01 -4.306570242244376E-01
 -8.368584859100590E-01  2.494341282032204E-01  3.826540483560093E-02
 -8.239486621854817E-01  5.179183838523353E-02  1.773521294641694E-01
 -2.375337488679671E-01 -6.494552636798009E-02 -3.467110233650361E-01
 -4.421072784855491E-02 -4.153595379133561E-01  4.155711295650794E-02
  3.313336648710023E-02 -4.148714860977077E-01  2.234412801834069E-01
  3.110540227197927E-02 -4.091433863151064E-01 -8.548813267659061E-02
  5.735257512003264E-02 -3.899477822263259E-01  2.468595117247971E-01
 -7.157159902786203E-01  3.159264801241548E-01 -1.139423564849358E-01
  7.162813792882248E-01  1.312623201800217E-01  4.016659535357524E-02
 -1.086058678612331E-01 -2.963153402882225E-01  2.237969234714877E-01
 -2.082877168544255E-01  1.739750703686800E-01 -3.184806052409423E-01
  4.821504168554615E-01 -3.964338509883463E-01  1.438295827384296E-01
  5.121785233386638E-01  2.395622045123147E-01 -2.702865113096449E-01
 -1.968803796252150E-01  2.641174164853346E-01 -2.728511710572456E-01
 -3.142956498693272E-01 -6.435770345797170E-02 -3.348406508399689E-01
 -5.444551722173310E-01 -3.313476327298424E-01 -1.822646297129900E-01
 -3.432319522716080E-01 -1.537121055266411E-01  2.834030117577438E-01
  6.785345874113831E-01 -2.225263067338621E-01  1.205624312059071E-01
 -5.519177870018900E-01  2.786737689587884E-01  2.682697879638569E-01
 -6.795006780454368E-01 -7.897764163358721E-04  2.887555857109874E-01
  1.274530017836900E-01  1.147115918499950E-01  3.224147058842267E-01
  2.026086941104256E-01  3.022879132882896E-01 -3.459987311235632E-01
 -1.975547090795397E-01 -3.947351045169070E-01  8.722447672218682E-02
 -4.086880778238878E-01 -2.196095203393343E-01 -2.877154487727210E-01
  5.423149683151044E-01  4.183225013600516E-01  1.511153031965234E-01
 -2.346544599713831E-01  3.148395350423395E-01  2.104241834106710E-01
 -5.895528566386118E-01  3.874207422180295E-01  1.011460012655146E-01
  5.661292883568626E-01 -1.861075675718230E-01 -2.934956964480629E-01
  7.080126596403156E-01 -1.331657444061634E-01  4.032692809697591E-02
  3.808230529273226E-01  1.444017079783173E-01  3.591031645839294E-01
  7.201800500827152E-01  4.385913119373668E-02 -4.420005501292876E-02
  5.217684346719578E-01 -2.606276308444573E-01 -1.996553292482854E-01
 -7.427576773762928E-01  2.172095717235012E-01  2.446825572211933E-01
  4.969331502499462E-01 -2.463532082764555E-01 -2.767276430972150E-01
 -2.937011696493174E-01  2.137075689714490E-01  2.610006249308690E-01
 -3.922654468575065E-02 -4.200548730366060E-01  1.095453715698891E-01
  2.039625114817942E-01 -1.658853985919806E-01  3.421981933083790E-01
 -6.200486314027371E-01 -4.965641696825709E-02 -2.450255744887367E-01
  4.876694252871051E-01 -3.562046818466216E-01 -4.541611626002446E-04
  2.804767665268256E-01 -4.625171466799706E-01  2.148702423542894E-01
 -4.452552173197538E-01  2.860063275098920E-01 -2.371624931835765E-01
 -7.326118374369149E-01  3.146884519909559E-01  1.723588599447975E-01
 -2.067753220464309E-01  2.456592371165238E-01  2.339983294494332E-01
 -5.189089632441115E-02 -3.469274592699934E-01 -8.915967175659266E-02
  1.270687516182359E-01  4.266800037764644E-02 -4.069798973845223E-01
  7.039135426587304E-01  2.216072342870078E-01  1.205724220212207E-01
  4.098613706055964E-01  2.893728877342357E-01 -2.670942565322814E-01
 -1.873501415621078E-01  3.964846081676225E-01  1.282764377739155E-01
 -8.446326002656404E-01  5.222459335317328E-02  1.082718383629161E-01
  6.760476630776067E-01 -2.335044236075499E-01  1.458129452455405E-01
 -2.444662882896322E-01  6.814014115414846E-05  2.779632484768625E-01
 -4.966905257070012E-01 -2.670235965565892E-01  2.658000463898303E-01
  2.037645936080498E-01 -3.304598080222886E-01 -3.178008389395332E-01
 -5.602516418405060E-01 -1.907565714338950E-01  2.773528526635219E-01
 -7.138431651570959E-01 -1.256626405935178E-01  2.362593615117882E-01
  2.404300271337687E-01  2.505235137060534E-01 -3.945914536777478E-01
  6.915247014161340E-01 -1.310486767381635E-01 -4.510764867429835E-02
  3.154276964546517E-02  3.430928535113792E-01 -2.405337732070186E-01
 -3.897148915225199E-01  2.585482532695207E-01  2.630684691551690E-01
  7.558686326144601E-01 -4.709613163967883E-02  1.905479310823286E-01
 -7.371206334801624E-01 -2.277599912048145E-01  3.562455344593288E-02
 -5.406211212892459E-01  2.715231902677549E-01 -2.331817964220738E-01
 -3.038764642988173E-01  9.330510200468789E-02 -3.233965120916474E-01
  5.465491038364312E-01  2.573555495507532E-01 -1.963229587070990E-01
  3.366067717121614E-01 -3.535184064710902E-01 -1.840488939587874E-01
 -2.343260181027090E-01 -3.849223499565599E-01  2.013728213736139E-01
 -5.583696105431891E-01 -1.758353891542902E-01 -2.443609378333124E-01
 -7.063282774032674E-01  2.234262510669888E-01 -1.897834679505635E-01
  6.600996582195076E-01 -2.161295288903107E-01  4.111427739531946E-02
 -7.786884773242517E-01 -1.438554332821934E-01  1.068305222404303E-01
 -8.548121755071671E-01  1.566026847027371E-01  1.151144641106972E-01
 -8.379488218312854E-01  1.523783525142904E-01 -4.295481327540263E-02
  1.886438997215048E-01 -3.812366194710185E-01 -1.981688678386207E-01
  6.234660434150130E-01 -1.174404387019755E-01 -3.018500046883322E-01
 -4.467934389215592E-01 -9.541038369062498E-02 -3.030125531173777E-01
  5.667264474836691E-01 -2.878678650834980E-01 -4.399809645897943E-02
  5.784394047263499E-01  1.802689234290928E-01 -2.892100070256338E-01
 -4.650384555514568E-01  2.935691747021452E-01  2.538806179924325E-01
  6.463077647488200E-01 -2.665586094985848E-01  2.361972698459619E-01
  9.951931377028519E-02 -4.166024634420060E-01 -1.330900629306982E-01
  7.653064887795064E-01  4.723577403193376E-02  1.914588253516525E-01
 -5.173032364834572E-01  4.043680280503692E-01  3.371156831503398E-02
  6.117340192784200E-01 -2.119033133776120E-01 -1.316301406281310E-01
  1.234618006959811E-01 -1.205259201695104E-01  3.365080452241610E-01
  5.439696247621340E-01 -2.751021959861711E-01 -1.215972963718534E-01
 -6.673789057572524E-01  3.697605602242348E-01 -3.778403793238169E-02
  7.417848761126091E-01  4.648609342782644E-02  4.072473636531770E-02
 -2.583264880096508E-01  3.146991902447244E-02 -3.453677003357922E-01
 -1.110820289128113E-01  3.052611828100812E-01 -2.580425469264889E-01
  6.138037046302688E-02  3.918896307080946E-01 -7.769347157174780E-02
 -4.867868849673426E-01  1.861022727985684E-01 -2.772661412551312E-01
  1.832064567538635E-01  3.623465941645028E-01 -1.562027118740310E-01
  6.512191426358803E-01 -1.340113206129116E-01 -2.195500306280052E-01
 -3.096659032058120E-01 -2.830268049971555E-01 -2.811209039411070E-01
 -2.331601488905808E-01 -2.468899546021276E-01  2.556821111931086E-01
  5.079806140137345E-01  2.148104369602131E-01  3.354952132177186E-01
 -4.576820038289057E-01  9.355857503583427E-02 -2.998443149482620E-01
  4.857545698770974E-01 -3.231640734653659E-01 -9.928714567968980E-02
 -4.051099625424426E-01 -3.201026054796961E-02 -3.207473505914896E-01
 -3.266970521911597E-01  2.274513764399928E-01 -2.728546781481138E-01
  6.559393950477055E-01  1.306842915569371E-01 -2.170010292161357E-01
  4.545808657510478E-01  3.461464586324579E-01 -1.173190334064235E-01
  3.445402095071240E-01  2.553913018662150E-01 -3.566787078709024E-01
  7.381066242658540E-01 -4.650614672673387E-02  4.018697397501782E-02
 -6.128158635712372E-02 -7.378923744146325E-02 -3.664303128476721E-01
  4.349412192801833E-01 -2.922658508081706E-01 -2.521841992802791E-01
  4.142852176637286E-01 -3.406817723140055E-01 -1.413353092454129E-01
  1.551189535676540E-01 -3.037316015710042E-01  2.922297768380340E-01
 -4.360355765418444E-01 -4.762257059413705E-01  3.696594000546670E-02
 -4.810416236703323E-01 -1.571695566750016E-01 -2.833015378036060E-01
 -6.858428551539192E-01 -3.133469290145184E-01  3.567992746973922E-02
  6.083396614121588E-02  3.734478569296949E-01 -1.517226914192069E-01
 -6.298506651080450E-02 -2.178228315639300E-01 -2.975694504109402E-01
 -4.497634879100917E-01 -3.913363153728228E-01 -1.986395621042381E-01
  6.755774258446138E-01  2.130764417283193E-01  4.103379967825225E-02
 -2.535830573111905E-01  3.420240657178586E-01 -1.924112209478575E-01
  2.726138553805331E-01  4.783273454301195E-01  2.042744363721165E-01
 -3.057300732217406E-01 -2.052249921162589E-01  2.714111131201512E-01
  3.587121333287202E-01  4.685148751734043E-01  2.465343864290888E-01
 -1.786823227648796E-01 -1.358716417582727E-01 -3.356483794100074E-01
 -7.703810809024074E-01  1.351865445719584E-01  2.465803937607055E-01
  2.450764842442012E-01 -4.782310437405151E-01  1.964024333753900E-01
  2.034093156532364E-01 -5.870607830253535E-02 -3.985473767908744E-01
  4.797558497404060E-01  3.016611034268997E-01 -1.897075202490899E-01
  2.412252785045796E-01 -1.031090684989395E-01  3.643100842916296E-01
  5.990172328976725E-01  2.668336170332520E-05 -3.703615005438744E-01
 -6.671033030379770E-01 -3.024016779343118E-01  1.692018511200714E-01
 -8.116771226312113E-01 -4.894203325148582E-02  3.543284045437717E-02
  7.037588038173158E-01  2.333568230638366E-01  1.460251134401331E-01
  5.915395766561260E-01 -1.997607971796291E-01 -2.107326294989408E-01
  7.239459788367044E-01 -1.375358165803948E-01  1.204136283510006E-01
 -6.608669622779069E-01 -3.909791266014856E-02  2.889968391470027E-01
 -1.555689056926265E-01 -3.362288963720836E-01 -1.415706889511072E-01
 -3.152068638163083E-01 -3.314559889764497E-01  2.572832870414788E-01
 -6.184357630945493E-01 -1.170424322920748E-01  2.865638177310467E-01
  6.901248365657074E-01  1.268218468456410E-01 -4.354889596297722E-02
 -5.337432551442168E-01 -4.004957164740143E-01 -1.165080248498455E-01
  3.361882552842187E-02 -4.738221788880234E-01  3.700988001685491E-02
 -5.907843793905253E-02 -1.525581461816673E-01 -3.467338191260639E-01
  6.192162459579538E-01  2.056294811101684E-01 -1.282355475537119E-01
 -4.006215655774996E-01 -4.657287334612857E-01  1.545705589716009E-01
  4.449975236324806E-01 -4.963038670706230E-02  3.789224946108677E-01
 -8.295523281149122E-01  1.567958454245967E-01  1.837300945651025E-01
 -4.594476500317115E-01  4.276338678830257E-02  3.152117108781536E-01
 -1.837103009347782E-01 -2.102580797035427E-01 -3.022972954345576E-01
  2.295182422168364E-01 -3.483953810404937E-01 -2.844074365994934E-01
  4.317626330061757E-01 -1.919120971810805E-01 -4.080734124005331E-01
  4.183528499578186E-01 -4.262227458093908E-01  1.855661318205174E-01
  7.428587416798690E-01  1.382791727658887E-01  1.206537690341775E-01
 -6.574303079281063E-01  2.867030738934328E-01 -1.834891323067464E-01
  7.129955945880835E-01 -4.570605575184605E-02 -1.307661820179442E-01
 -8.568876657180317E-01  1.519200110527635E-01  3.825865302999591E-02
  7.108094243496393E-01  4.444322044878569E-02 -1.292407620132398E-01
  2.548001903458902E-01 -2.747019500694992E-01  3.151729333789802E-01
 -8.152912810614455E-01 -4.935464245545455E-02  1.051265393480789E-01
  4.696468823400597E-02 -2.808879655854407E-02  3.132932833362831E-01
 -6.949991499376964E-01  3.249282327844599E-01  1.839559243314049E-01
  3.091556334462846E-01 -3.334807835463947E-01 -2.856566822746220E-01
  5.314361303287396E-01  3.611255491890148E-01 -2.380705778989006E-03
  7.543026352307797E-01 -4.690070930914240E-02  1.154955840750095E-01
  9.017828926588158E-02 -3.640526235029750E-01  2.651684910384417E-01
 -4.450122663816553E-01  3.468285479786543E-01 -1.789800072699363E-01
  5.539169915854809E-01  1.049185591052183E-01 -3.734752986409122E-01
  5.894868358653811E-01  2.834107764126679E-01 -4.259755370394332E-02
  3.444390884288425E-01  1.947805403998415E-01 -4.140712859537339E-01
  6.294407297529774E-01  1.139236683002870E-01 -2.989619755664958E-01
 -8.653194119176560E-02 -3.738520535877989E-01  1.410166707230799E-01
 -7.569976332692722E-01 -4.911806963445022E-02 -1.101720280470211E-01
  4.970305128371105E-01  1.716365298611112E-01 -3.633253970242948E-01
 -7.775664344566612E-01 -1.381073390977458E-01  3.548959960797470E-02
 -2.073290445549492E-01 -3.061443757974040E-01  2.351656351161969E-01
 -4.163172667300755E-01  1.256869671854982E-01  3.051086767119348E-01
 -1.141956609342776E-01 -3.193787579697271E-01 -1.180196070229414E-01
  1.885166187465294E-01  2.770980828139218E-01  3.091987771299489E-01
  1.525941745114423E-01  5.588352329884100E-04 -3.913875910142996E-01
 -3.996328725307528E-01 -4.752493588077399E-01  5.767078627283875E-02
  3.324666424354854E-01  3.063447640428673E-01 -2.847157524120060E-01
  4.773900513694098E-02  2.721398160568139E-02  3.106247928168512E-01
 -3.418114551349594E-01  3.254928943966996E-01 -2.086973789110261E-01
 -4.077872588277785E-01  3.097403231570135E-02 -3.189484611941518E-01
  3.826459281710010E-01 -1.902084591206461E-01  3.542985533769957E-01
  4.979160924838030E-01 -1.808011207568984E-01 -3.760536043429701E-01
 -5.894345615785433E-01 -2.725145668380630E-01 -1.794617532501412E-01
  3.148181443041373E-01 -4.444660285829707E-01  2.286496433864144E-01
  5.222558595463673E-01  2.937299697150499E-01  3.128680673141522E-01
 -7.657165136876097E-01  3.273741333341778E-01 -1.167837200612774E-03
  6.298461749036389E-01 -5.803672582044740E-02  3.483402364381222E-01
 -6.282228651388461E-01 -2.076961384056484E-01 -1.807941689006662E-01
  6.712110638657700E-01  2.638966798587439E-01  2.340669811508598E-01
 -8.300149781687260E-01  2.536373955982635E-01  1.158321754593680E-01
 -6.700651125709634E-01 -2.022455440340313E-01  2.324688095220635E-01
  6.825881368306396E-01  1.130517066849644E-01  3.109484190988703E-01
  7.624147772453417E-01  4.697324332993379E-02  1.152565279057507E-01
 -1.587161162922808E-01 -3.802150856857578E-01  1.192294336890155E-01
  5.536058696202985E-01 -1.102476012811900E-01 -3.810281646329181E-01
 -5.626440296294056E-02 -2.652139609425230E-01 -2.337440809118306E-01
  2.367024600611548E-01  4.323227502440730E-02 -4.398960446101028E-01
 -6.617108585053576E-01 -1.443081647995902E-01 -1.817590374938655E-01
 -8.031354093590434E-01  2.400751654796164E-01  1.829524078547821E-01
  2.613429066233213E-01 -8.446517387125742E-04 -4.346448169121661E-01
 -5.444054635300618E-02  4.175343518282895E-01  1.150537583112287E-01
 -6.883695323415123E-01 -3.146252099675951E-01  1.036022497886551E-01
  3.618062500114953E-01  2.429010035709641E-01  3.369066302460428E-01
  7.260261748437496E-01 -1.383242814205095E-01  1.951423685636402E-01
  1.837423117032216E-01  4.624553894045074E-01  1.606768265140892E-01
 -7.370637674692132E-01 -2.332696745330873E-01  1.071725222562279E-01
 -7.457315988336174E-01  3.320939880673821E-01 -4.269442443790115E-02
 -1.747934319052524E-01 -3.724864296086353E-01 -5.496410018616162E-02
 -6.109267214721256E-01 -3.674934369827759E-01  1.691239758871006E-01
  6.100408437640050E-01 -3.735059959543983E-02 -3.574378651726126E-01
  1.766512421079384E-01  3.424667546888334E-01 -2.629890526502158E-01
 -7.664828962998830E-01  2.536670096080461E-01 -1.224265125468012E-01
  6.334869095504005E-01  5.773748562937088E-02  3.469667975408162E-01
  3.725492786798557E-01  4.195166090083283E-01  2.466362117294262E-02
 -7.177303637893461E-01 -2.221222729776052E-01  1.734474148605328E-01
  2.705148595425934E-01  3.689230191228176E-01  3.186427100616223E-01
  4.277079977708252E-01  1.783516340954051E-01 -3.918262141706018E-01
 -5.210897839056214E-01  2.933732785895912E-01  2.564324613353315E-01
  5.506985524064466E-01 -1.149552173202746E-01  3.626440415062159E-01
  7.478692794629443E-01  1.394620231729692E-01  1.964458860717616E-01
  3.260392932082006E-01 -1.611810329155087E-01 -4.249594492377313E-01
  2.379573887303146E-01  4.628167665693684E-01  1.188016178639690E-01
 -7.368090410594201E-01  3.462247721167785E-01  8.528034608705601E-02
  6.602360557510251E-01  4.506722354612711E-02 -2.975955764698607E-01
  6.582243823517713E-01 -4.621664025323648E-02 -2.982230077361926E-01
  4.020674829205961E-02 -2.788307048821592E-01 -2.791135789365748E-01
  1.633131817256447E-01 -5.448191543771368E-02  3.623845691216049E-01
  6.969442774846640E-01 -1.628887925878555E-01  2.640562422184054E-01
 -6.381574118542342E-01 -7.148431107560473E-04 -2.428344423817554E-01
  4.216311236450027E-01  2.371908087653362E-01 -3.381965989471057E-01
  1.883817053064325E-01 -4.000066150056096E-01 -1.644068534775058E-01
  1.716596619121457E-01 -4.305387963026757E-01  2.485550896067968E-01
 -7.515334945262317E-01 -4.922568129956453E-02  2.353928882343144E-01
  3.396724127815743E-01  4.330956359764944E-01  4.780750970327023E-02
 -3.612980404204557E-01  1.608245433917338E-05  3.034980593835262E-01
  4.509472740146594E-01  4.955516056891694E-02  3.789522763880045E-01
 -2.206251572378756E-01  4.121701958511532E-02  2.738647345169842E-01
 -3.868892441673017E-01 -2.487028008600281E-01  2.729984247686395E-01
 -4.738027585654780E-01 -5.524992598431050E-05  3.152555162854504E-01
  3.078088994440235E-01 -1.222875061279011E-01 -4.283989570840221E-01
 -6.335638106262902E-01 -2.964661976359257E-01 -1.092234254397156E-01
  4.894296947100996E-02  1.199199212852288E-01 -4.129827678622883E-01
  6.846208394872919E-01  7.866456973984316E-05  3.248841966925801E-01
  6.053683347849952E-01  1.964022740301070E-01 -2.079626615780356E-01
 -7.584564527771933E-01 -1.437211422304573E-01  1.743434429418831E-01
 -6.157306685470172E-01 -3.687863517052548E-01 -3.951007225706512E-02
 -8.066879500564571E-01  5.197496752730627E-02 -7.904646387541250E-02
 -3.912927981607685E-01 -4.041809331080947E-01  2.263289978075196E-01
 -2.987813843990389E-01 -1.995846775854319E-01 -3.066309710784292E-01
 -6.029525052271227E-01  9.040486989250299E-02 -2.638690339294909E-01
  2.713468565000447E-01  4.557898912623121E-01  9.382729716303230E-02
  7.449141448995816E-01  4.729013516648241E-02  2.615998012498388E-01
  4.622528396000120E-02  4.283829159660477E-01  1.653907967575035E-01
  5.742360930582764E-01  3.612839425837170E-01  2.488625568349223E-01
  2.329444612765321E-02  4.199831875214673E-01  4.977989542737871E-02
 -8.460631340850860E-01  5.119630903105184E-02  7.293017250879567E-02
 -7.489628836147617E-01  3.224723497646533E-01  1.388422778347650E-01
  7.143045133201285E-01  1.622517093997282E-01  2.641077494917411E-01
  1.659437196409155E-01  5.287263717363573E-02  3.565274877756329E-01
 -7.087867909553200E-01  4.315787419000828E-02  2.814607421340309E-01
 -6.554374481558071E-01  1.452949556118711E-01 -2.369131493308883E-01
  2.140459995572825E-01  8.874043354734738E-02 -4.475257463924423E-01
  6.716508322991619E-01 -1.142265610422387E-01  3.119854718976813E-01
  4.846507184364480E-02  1.648025297371510E-01 -4.097658640077718E-01
  5.650273050632362E-01  2.703999850354742E-01 -1.183712058640317E-01
 -7.176455829513841E-01  1.907869575814140E-01 -1.924136643107400E-01
  4.570413339410771E-02  3.024204215475149E-01 -3.153039249182694E-01
 -5.445703242376417E-01 -3.255277458769205E-02 -2.834416107601851E-01
 -4.583372511919228E-02  1.525567466957524E-01 -3.832162041593928E-01
  5.547765467280605E-01  1.122338788616999E-01  3.570750246872055E-01
  7.223551459678376E-01 -5.491966890806027E-02  2.820611933637973E-01
 -8.031653518951197E-01  5.124368570449096E-02  2.101514913941388E-01
  5.415024888782689E-01  3.344588545460500E-01 -4.020895283553633E-02
 -7.571436633726195E-01 -1.380563429822028E-01 -3.773442867950093E-02
  2.914819629823327E-01 -8.212969143770280E-02 -4.303378609195980E-01
  6.114050065132284E-01  3.591245044094648E-02 -3.561488824886375E-01
 -2.514909745210027E-01 -4.183469116633314E-01 -3.994285335322256E-02
 -6.059525441246567E-01 -8.110013881234744E-02 -2.455916646230929E-01
 -6.725570221042931E-01 -2.318100060359182E-01 -1.109007844993302E-01
 -3.148187639179053E-01 -4.281543972053636E-01  1.928580981363373E-01
  4.966533303527851E-01 -2.998764043876260E-01  3.170610587958660E-01
 -2.046604276091698E-01  7.875805530288899E-02  2.719349912389375E-01
  5.290481630292720E-01 -3.557337568617441E-01  2.449857237675463E-01
 -4.214476635407220E-02 -4.186722659326945E-01  7.470719593035893E-02
  7.364613440621590E-01 -4.711964879163988E-02  2.604480938288579E-01
 -3.025441775950818E-01 -4.269411158862773E-01 -1.187927901233376E-01
  1.407744348031797E-01  4.355152181919691E-01  7.057990059681957E-02
  7.305210107750633E-01  5.497802263256543E-02  2.831715676212435E-01
 -3.185535737892632E-01 -1.133245727388872E-01  2.857310297560102E-01
  3.936114019490070E-01  1.853785047864937E-01  3.470281123421787E-01
  3.562330287122135E-01 -9.822312813946187E-02  3.711764218876213E-01
  1.498193600975002E-01  3.005410243724922E-01  2.975875221102887E-01
 -4.782479477627297E-01 -2.956695983139088E-01 -2.454349794447551E-01
 -1.921229466950649E-01 -5.362626639309921E-02  2.598147043025004E-01
  4.922752871781280E-01  4.095339315848978E-01  4.868561623020978E-02
 -2.997121024904171E-01 -4.495962845104374E-01  1.167817912181400E-01
  5.932518289589548E-01  1.816263473457790E-01  3.303005451602542E-01
 -3.409618055593183E-01  4.104780053643527E-02  2.988960914453450E-01
 -3.695697887628764E-01  1.852472908158845E-01  2.872106811328233E-01
  1.162590440870425E-01  1.500033862695441E-01  3.086601616629904E-01
  1.900444011088073E-01  2.337563705179577E-01  3.108922039241719E-01
 -5.410328780740533E-01 -2.065586625612565E-01 -2.437619357845626E-01
 -2.687253320842051E-02 -2.919718852029498E-01 -1.933934185181772E-01
 -5.310016173403739E-01  2.092834125064198E-01  2.987800211832852E-01
 -2.683892220217695E-01 -3.750714811331819E-02  2.813358372808947E-01
 -5.104926394492530E-01  1.686775617987493E-01  3.080037824100237E-01
 -2.683544641687195E-02 -3.762547610116899E-01 -7.547127723852433E-02
 -5.207296298461377E-01 -4.600594901195700E-01  3.652380213951702E-02
 -3.344329384413522E-01 -4.572497120176129E-01 -1.352476524227297E-04
 -8.110555634218022E-02 -3.198500066253107E-01 -1.043244751948550E-01
 -7.618706545321330E-01  5.229965026547023E-02 -1.495070425134349E-01
 -4.763813868883749E-01 -1.961111907281704E-01  2.849010826201345E-01
  4.638415253356741E-01  4.157306010417146E-01  2.876011447944485E-01
 -3.118311139983929E-01 -4.548858820765653E-01  7.846483056547382E-02
 -6.624983634618955E-01 -3.120263478437286E-01 -3.784034982851639E-02
  4.010759082733804E-01  4.952581974451827E-02  3.814719414878938E-01
  4.202246438111077E-01 -2.546011619896567E-01 -3.541235465641789E-01
  1.523092229692526E-01 -4.704884771296987E-01 -4.611242250734245E-02
 -5.755495396967082E-01 -1.442621471322624E-01 -2.450933717883742E-01
 -4.232301574541849E-01  4.080649076255889E-01  3.360345560256258E-02
 -6.897079269216775E-01  5.293307425403632E-02 -2.166367552185397E-01
 -1.510627267606155E-01  3.510840694122096E-01  1.903590995301795E-01
  8.742910399169251E-02  9.242521957932991E-02 -4.138973769370110E-01
  3.397058851399529E-01 -2.494904445542340E-01 -3.985721576375475E-01
  6.815762138580622E-02  4.368934002192317E-01  1.483964711805076E-01
 -3.500391428922509E-01 -3.105633591076520E-01  2.638009697233121E-01
 -8.373575550580036E-01  5.176388415260474E-02  1.427161626306290E-01
  4.534546873810358E-01  4.439191956242688E-01  2.581485195504320E-01
 -2.168615039734898E-01  2.099694384924483E-01 -3.006541344795263E-01
  2.328156562502786E-01 -3.417489214831611E-01  2.920745803672503E-01
  4.025724272702257E-01  3.461241282521304E-01  3.270693810489274E-01
  3.693463699354698E-01  9.833852939127918E-02  3.754471336233993E-01
 -3.322796815473897E-01  3.727537644357921E-01 -1.462402636204260E-01
  1.475765357410480E-01 -4.527686221250798E-01  2.267114363012582E-01
  2.060797339749785E-01  3.456600464238476E-01 -2.446774215014994E-01
  2.083841500860176E-01  4.208820158667154E-01  2.312869222356748E-02
 -2.127868272416744E-01 -4.031509555012550E-01  1.433117452731157E-01
 -5.033990347471565E-01 -2.701848148209731E-01 -2.413653283761755E-01
  1.774236160627454E-01 -2.362244411545305E-01  3.136609304347155E-01
  2.107948575032567E-01  4.646479939034975E-01  1.396076370601017E-01
  3.722247150013997E-01  3.744955559500895E-01  3.236037197227121E-01
 -1.684906092012333E-01  1.731622928542660E-01 -3.313763060808460E-01
  2.960396484218452E-01  4.941712206570432E-02  3.833935177198978E-01
 -6.470787733772068E-01  4.336123939256755E-02  3.013797320475190E-01
 -2.932408014882929E-01 -4.441512271099446E-01  1.324908326989320E-01
  5.829466446127959E-01 -2.902903988265969E-01 -4.014020847976288E-04
  5.225300287895820E-01  2.951600404440204E-02  3.745305541421723E-01
 -5.012322384388819E-02  3.422560139558812E-01  2.226037086576598E-01
  9.818814690098332E-02  3.378419580197174E-01  2.752929406407671E-01
  1.897356881979252E-01 -4.628917612405306E-01 -4.201897186195471E-02
 -3.667771635915921E-01 -4.406753564489320E-01 -1.223309064497529E-01
  4.006578170595370E-01 -2.778898722562022E-01  3.300511414899723E-01
  4.646438738163126E-02  4.157840083670819E-01  2.349055447488274E-02
  1.318075242782287E-01 -1.210057857359962E-01 -3.602125751402193E-01
  3.951633214523525E-01 -4.954841564516201E-02  3.801391054011863E-01
  1.750083301786412E-01  4.298773537261276E-01  4.709196103868132E-02
  4.628714033660727E-01 -9.264822611532134E-02  3.726091561980848E-01
  2.900602667409260E-01  2.053180910807892E-01  3.338241730614150E-01
 -1.899691981967913E-01 -3.822501105051906E-01 -3.968010810899695E-02
 -3.378219336671707E-01  2.636392590344786E-01 -2.547226869592670E-01
 -3.911095235883543E-01 -3.225617938864427E-01 -2.629247422989284E-01
 -4.405295669158680E-01 -1.184522745098984E-01  3.013017979235099E-01
  2.247193569983177E-01 -4.095703434247357E-01 -1.251293717068470E-01
 -6.671504873465466E-01 -4.911425798400122E-02 -2.130018025484356E-01
  1.806441904954071E-01 -5.058122894655576E-01  4.912267798272264E-02
 -5.806703352560679E-01 -4.281912329058104E-01  1.084459185580264E-01
 -4.969359660912286E-01  3.951673064860681E-01 -7.444652098237389E-02
  1.405003064846300E-01  7.966141963156401E-02  3.401863945631103E-01
  2.756940423843271E-01 -2.084896400179850E-01  3.375545723189250E-01
 -6.940865832851525E-01 -1.424493160365334E-01 -1.461067992154761E-01
 -4.587538666990932E-01 -1.567843516853399E-01  2.948886303109228E-01
 -5.134677588550991E-01  4.004688867572756E-01 -3.748779005664560E-02
  3.775470614526286E-01 -4.169546047180159E-02 -4.465428224281738E-01
 -3.820568918195330E-01  3.885198597218959E-01  1.334990026025202E-01
 -5.332167466193320E-01  1.266177226832359E-01  3.135149488836390E-01
 -4.373232069996003E-01  3.705123681190409E-01 -1.456195470006737E-01
  1.074844842375485E-01 -4.626548159785444E-01 -4.785822335605436E-02
  3.773779669247663E-01 -2.713469304976240E-01 -3.613398990275098E-01
  2.780633442667457E-01 -2.127467178249432E-01 -4.108909149506126E-01
 -8.348488558450283E-01  4.935986303287038E-02 -4.782027603133121E-04
 -3.143135208677960E-01  2.856609270516338E-01  2.340840650423768E-01
  2.044167558607981E-01 -4.023005680429620E-01  2.670258045575361E-01
 -1.160779221186562E-01  3.743137938960760E-02  2.584701688122683E-01
 -6.426679965004743E-01 -2.903256599997545E-01  2.005799932617363E-01
 -3.690707121648609E-01  3.986988255712649E-01  1.011084628383551E-01
  1.368713449648286E-01 -8.268886436166095E-02  3.489057690594264E-01
  3.279446195860715E-01  2.651974315273179E-04  3.870655326662282E-01
  3.261993649063009E-02 -4.871100963788089E-01  1.067568567144026E-01
  1.345610042945459E-01  2.799703886505614E-01 -3.706668182558523E-01
  1.470506016078861E-01 -2.950278788873466E-01 -3.451591698860988E-01
  1.828002872868605E-01  4.401272794261075E-02 -4.265064054643825E-01
  2.022842339804554E-02  4.111344762752587E-01  1.806672004951459E-01
 -6.070172816536282E-01  3.925573707590084E-01  3.403366698092217E-02
  1.078370553906591E-01  4.132029242397803E-01  2.407320159231557E-01
  6.985583928465096E-01 -2.009420332537888E-01  2.068138416710908E-01
 -7.659981211336332E-01  1.569104016739681E-01 -1.573836515048067E-01
 -5.502645190613098E-01  3.151238138221689E-02 -2.842007450443214E-01
 -2.761151029740627E-02  4.232604835815847E-01  9.133864396465166E-02
 -4.191920239189443E-01 -4.654474802251036E-01 -3.973535880654042E-02
  1.183641196626965E-01  6.584318304693411E-02 -4.155845877196681E-01
 -3.061954362744785E-01  3.644268073749172E-01  1.720700877595582E-01
 -4.250733563713991E-01 -4.442248498354401E-01 -1.216945990722202E-01
 -7.730629162182417E-01 -1.422117493929561E-01  1.409244768147359E-01
 -1.339744166891773E-01  4.164480116434702E-01  3.454060420985241E-02
  2.889401684973595E-01 -4.897943105477369E-02  3.801631436222472E-01
 -1.333315493235295E-01  7.612021866060482E-04  2.514082545409308E-01
 -4.184605835273746E-01 -3.468795696574823E-01  2.548453235872346E-01
 -5.410404774515556E-01  3.052947595725440E-01 -2.076469326256688E-01
  2.937558900525195E-01  4.427164115161384E-02 -4.513861931415208E-01
  4.413279675958597E-02  2.743855568188593E-01 -3.460501538712157E-01
 -4.549299355662069E-01 -2.849820370646557E-01  2.656818152144953E-01
 -8.454070156383964E-01  1.556695380715503E-01  1.495973552627971E-01
 -6.811356162072773E-01  3.742075151018946E-01  3.404656490450282E-02
  1.438679604467394E-01  3.372357297787766E-01 -2.792070871461979E-01
 -2.927724653511505E-01 -3.085110609594464E-01 -2.672047696898457E-01
  2.846484176618800E-01  2.892298782300841E-01  3.303674558388098E-01
  3.287124822206267E-01  1.261376302133353E-01 -4.475008638197337E-01
  6.241107232530185E-01 -2.123718406036151E-01 -8.806305878915935E-02
 -7.325266335629225E-01  1.060943614162054E-01 -1.882945201649593E-01
  5.200869164584382E-01 -2.923438857466979E-02  3.749776438896760E-01
  6.642285765985370E-01 -1.328861794898287E-01 -1.769037087769425E-01
 -2.954126540347451E-02  3.692785829339101E-01  2.101392749928377E-01
 -7.749762562301032E-01  9.361048608405886E-02  2.449329723457370E-01
  4.016339521721108E-01 -3.869826984826684E-01  2.664376742667181E-01
  3.129869267922950E-01 -1.456028311968792E-01  3.586784084485591E-01
  2.618928496576642E-01  3.459014249356132E-01 -2.051203178132210E-01
 -7.342417624054446E-01 -4.806395823510368E-02 -1.450632435086035E-01
  5.878160757580979E-01  1.408247298183121E-01  3.448195877692446E-01
 -2.300677725261100E-01  4.141912916637260E-01  3.403864810654198E-02
  6.082385394436169E-01  3.177478997053338E-01  2.531828747981776E-01
  7.197522602248109E-01  2.003723857290318E-01  2.067311371844691E-01
 -7.957124021541904E-01  2.523877666557683E-01 -8.283613005329575E-02
 -2.750735593971232E-01  1.753445009073150E-01  2.688439080443981E-01
  5.823037930174020E-01 -1.438340468014374E-01  3.498181572980399E-01
 -6.452409852421608E-01  2.734156873105253E-01  2.583048453856326E-01
  4.510039272928366E-02  2.053342692282546E-01 -3.937230546128219E-01
  1.129737588673336E-01  4.384857551193819E-01  9.039921569277952E-02
 -1.542877835522384E-01 -3.500450559729514E-01 -8.456709537188847E-02
 -6.799599713887567E-01 -3.078106716639283E-01 -2.601745634162648E-04
 -4.395125246218100E-01  2.520247197834607E-01 -2.578274591381561E-01
  4.852913579338204E-01  3.124802123295818E-01  3.178085823108118E-01
  1.011268684424211E-01 -3.362618537702312E-01 -2.485538510702860E-01
 -8.100066866020905E-01 -4.789299822080232E-02  1.393085411257903E-01
 -2.269775331550924E-01  3.858041876738710E-01  1.425933162958878E-01
 -6.332371901027591E-01 -3.790882997699421E-01  3.615687371732208E-02
  1.101798504129446E-01 -1.559726788012188E-01  3.227360604295008E-01
  3.276544356346258E-01  1.435685504190181E-01  3.579287733952157E-01
 -2.897450324674731E-01  1.217644291197830E-01  2.831724297472437E-01
  7.580025709052128E-02  4.022676093514730E-01  2.310911460469539E-01
 -7.760737267942337E-01 -4.951903892583883E-02 -7.489661976512743E-02
  5.764119066891398E-01 -3.210385097457074E-01  2.546791338527278E-01
 -4.839068311004289E-01  3.882859237793850E-01  1.334611152348553E-01
 -3.238119517224746E-01 -1.735716026891946E-01  2.769865042869936E-01
  1.282758539736477E-01  4.314778598303878E-01  2.308912442743892E-01
 -1.322617204546628E-01 -3.591047887599522E-01  1.819210421112831E-01
  4.334748103844974E-01  4.471570534186848E-01  9.552781620332941E-02
  4.905324086798842E-01 -1.788856709465151E-01  3.586593951959708E-01
  1.596787002982999E-01 -9.500057534326098E-02 -3.656033886862238E-01
 -3.177003038158474E-01  1.909217520263636E-01 -2.894927998531169E-01
 -8.369498343209251E-01  2.518639356710505E-01  7.717509666343619E-02
  4.291732077151603E-01  2.988017256766277E-04  3.830434350614071E-01
  6.295115596416213E-01  3.309096303855186E-01  1.080729424222111E-01
 -2.207837676046262E-01  2.806943259718145E-01  2.239995083716779E-01
 -5.183114455877145E-01 -4.324096989504299E-01  1.844103801078887E-01
  2.117601425292132E-01  4.428146612350147E-01  2.636864861134598E-01
  1.439347254691356E-01 -5.157980720397408E-01  7.631961674181993E-02
 -6.890411633923029E-01 -3.158917272065708E-01  6.933282349034961E-02
 -8.158210328459263E-01 -4.968654928877459E-02  7.006163353185245E-02
 -7.802356260136243E-01 -1.421460447087101E-01  7.093237360240415E-02
  3.185683772577722E-01 -4.493561859508614E-01  4.538478567847643E-02
 -7.386661779150875E-01 -1.417587900939346E-01 -7.536972895134048E-02
 -7.213246034177326E-01  2.552932459576004E-01  2.394783289865849E-01
 -2.772365847719312E-01  1.387508132483388E-01  2.779391796591015E-01
 -1.812192633089386E-04  4.741664416454074E-02 -3.882601930377332E-01
  9.988728856948598E-02 -4.920849293182527E-01  1.740994453305515E-01
 -4.046975054726126E-01 -4.003213712099913E-01 -2.033491103360517E-01
  9.981230589013979E-02  4.381070365462226E-01  1.009164800600692E-01
 -2.755419300728454E-01 -3.479242261077957E-01  2.454649474409909E-01
  1.883015492233177E-01  2.704966177423369E-02  3.683706084744242E-01
 -5.235922683818237E-01 -8.005903767235135E-02  3.075880031630441E-01
  3.834681186664354E-01  4.217059506953697E-02 -4.492808445990011E-01
 -7.767000186642418E-01 -4.993370509367376E-02  2.062155532271904E-01
  7.705586841603909E-02  3.170500097459637E-01 -3.048281334799861E-01
 -6.256047119091923E-01  3.147977372776625E-01 -1.749704793400092E-01
 -8.194661513304129E-01  1.566271488561204E-01 -8.200836939775633E-02
  1.871009560055600E-01 -2.735704939393852E-02  3.713665565361502E-01
  6.495539524257778E-01 -2.130732874758535E-01 -1.219194313600511E-04
 -1.287226269329096E-01  3.711697188374909E-01  1.753436380370110E-01
  3.027371717259996E-01 -3.471158545071339E-01 -2.453753231237586E-01
  3.143682992806769E-01 -3.166820530369485E-01 -3.260019127135469E-01
 -3.871386522798658E-01 -3.842905945009916E-02  3.061878310613670E-01
 -8.585952074247545E-01  1.554820622635281E-01  7.652350042929564E-02
  2.770297319896289E-01 -2.989811434690554E-01 -3.663358981119818E-01
 -5.845328231510577E-01 -4.238038548250655E-01  3.626898948898340E-02
 -3.486556599981740E-01  1.215475473647222E-01  2.945818642311850E-01
 -7.308157218237029E-01 -2.224195466475274E-01 -1.663815367520896E-04
 -6.949836924133718E-01 -2.301186672345441E-01 -7.532599008099441E-02
 -4.132560512236412E-01  4.054574844284695E-01 -3.730468936804678E-02
 -1.829303861221714E-01  3.222801617776027E-01 -2.239382425175253E-01
 -5.417923689369373E-01 -1.180391585480007E-01  2.992136504086625E-01
 -8.329093679239593E-01  2.442950117158436E-01 -1.186268118293369E-03
 -5.577673569786936E-01 -3.382451201548626E-01  2.247611631307818E-01
 -3.613615443058433E-01 -4.593169006229763E-01 -3.999011645743509E-02
  3.313258842805719E-01  4.809875511497494E-01  1.655446604630016E-01
 -4.457660906533450E-01 -3.976815390625129E-02  3.114619070753620E-01
  5.098705547140460E-01 -2.543494459023221E-01 -2.384874497587529E-01
  3.954261765804149E-02 -2.520928640653402E-01 -3.108589948096643E-01
  2.808125911483937E-01  3.298780199258541E-01  3.268381304586503E-01
 -7.397078827454067E-01 -2.316506031680559E-01  7.120326026322707E-02
  1.165575319918592E-01 -2.679146604629593E-01 -3.508141794407858E-01
 -8.506630124056483E-01  1.484845870578715E-01 -9.815964864885165E-04
  6.703548125153916E-01 -2.198528576010383E-01  8.045778820306870E-02
  5.868993462351172E-01 -3.284531906667341E-01  1.083296263010834E-01
 -6.349544058434705E-01  2.403146457335096E-01  2.776320839827814E-01
  4.848540418563236E-02  1.947363835428128E-04 -3.719767386560031E-01
  4.820428376938452E-01 -2.372338410165370E-01 -3.175337259128977E-01
 -4.545681008380886E-02  1.081925696389532E-01 -3.874474005775552E-01
 -8.366900567225539E-02  4.068614535482401E-01  1.366111667159214E-01
  6.666753974021633E-01  1.292281755241886E-01 -1.737536605962503E-01
 -4.174885110444318E-01 -2.635768644322590E-01 -2.766892080014925E-01
  7.277371603715174E-01 -1.366345330602453E-01  1.583677105502371E-01
  6.002639822528286E-01  2.204517400043112E-01  3.164807929159479E-01
  2.728562841184049E-01  7.573837020656513E-02  3.743200090335514E-01
 -7.889425307407124E-01  2.075416450587383E-01 -1.198891312239078E-01
 -2.214448485795271E-01 -3.986450741261841E-01  1.696190610910983E-01
 -4.152982805316656E-01  3.857588563088596E-01 -1.103504567379551E-01
  3.365559860506827E-01 -2.393354860140414E-01  3.369440553732702E-01
 -4.995341051550353E-01  3.967432112728714E-01  1.003282793937331E-01
 -2.512107143182329E-02 -4.228705852705280E-01  1.519459645244514E-01
  6.826455541663405E-01 -1.323586375811614E-01 -8.938026303923387E-02
 -4.296342241447276E-01  4.082211983032158E-01 -1.685772211684719E-04
  4.957973327680452E-01  1.731072198421846E-01  3.483657436300603E-01
 -4.832402953319889E-02  4.113972718579145E-01 -7.707261355113909E-05
  3.667204275646165E-01  4.736831685546779E-01  1.405377838563818E-01
  3.840689289965356E-01  3.317410726306467E-01 -1.947297273593038E-01
 -1.445575817142258E-01  4.135887501840675E-01 -1.434304885411120E-04
  5.302605530475992E-01  2.498932255548413E-01 -2.340143707631587E-01
  3.940659597542330E-01 -7.884623409770425E-02 -4.427514997172739E-01
 -6.834519723823812E-01 -9.707735631691490E-02 -1.811385252384396E-01
  9.024261492251759E-02  4.391394275220767E-01  1.174025193860318E-01
 -3.081498616875250E-01  3.887105190201742E-01 -1.114742433899727E-01
 -2.194505019617947E-01  4.127045633566428E-01  6.872701429327728E-02
 -1.593456074896556E-01 -3.255544524620145E-01 -1.688369639945947E-01
 -7.312817029846086E-01  3.260971461824938E-01 -7.915208997425234E-02
 -7.711021901375816E-01 -1.341807553247113E-01 -1.165550040665898E-04
 -2.296782525802374E-01 -3.903466979963799E-01 -1.339776415230266E-01
 -3.094266088664526E-01 -4.434016251427679E-01 -3.988198091565144E-02
 -5.673672479585790E-01 -4.135321605664720E-01 -3.970999059346661E-02
 -4.789926691889352E-01  1.274714571796336E-01  3.115294841440885E-01
 -6.812062308196433E-01 -3.111978410043927E-01  1.363764759930503E-01
 -2.822260669191828E-01  4.128521484893052E-02  2.866966200698335E-01
 -5.163071667852833E-01 -4.646704285271696E-01  1.092559335085117E-01
 -4.147093453026871E-02 -3.541156981285562E-01  2.155217590515891E-01
  6.308238108454395E-01  2.062202836795492E-01 -8.555514629380316E-02
  3.307455591099719E-02  4.171370055556261E-01  3.358485810593174E-02
  3.416223878975082E-02 -1.591646689308956E-01  2.916405594186258E-01
  5.977710985609461E-01 -2.930347845150913E-02  3.603021291916050E-01
  5.327003507895024E-01 -2.674097270019971E-01 -1.601980812739417E-01
 -6.836129956560901E-01  2.565680681787889E-01 -1.878568606542127E-01
 -1.245738674363359E-01  2.453226335927874E-01 -3.049384570144827E-01
  7.584733462622404E-01  4.668923464467307E-02  2.273221162496850E-01
 -5.871110508232036E-01 -3.533683860346392E-01 -1.110881182063818E-01
 -4.250331369295968E-01  4.069043649413160E-01 -1.885519698868518E-02
  2.364776237807783E-01  4.260896775310495E-01  2.893330864862310E-01
 -4.902755391506898E-01 -3.779996050827038E-01 -1.874016711136387E-01
  6.264363685974398E-01 -3.000626695167951E-01  1.745592664447236E-01
  3.246817928540862E-02 -4.670830150809708E-01  1.723521237192746E-01
 -2.400503836616110E-01  4.127594843055749E-01 -8.306211739780205E-05
 -4.216324036365791E-02  2.911967918828984E-01 -2.933928649698173E-01
 -3.819381366971989E-01 -1.170851854744855E-01  2.960347016171861E-01
 -8.050988485201723E-01 -4.513541776462969E-02 -1.682331285256559E-04
  4.905373503973063E-01  3.660642258955185E-01 -3.958538369062844E-02
  4.646524138593193E-01  4.298903240312407E-01  7.374865148501313E-02
 -5.193012047692204E-01  3.816692491333852E-01 -1.106175975018825E-01
  7.493123671624242E-01 -4.705070126536737E-02  2.262229458742460E-01
  3.948588864305846E-01 -4.138593090882906E-01  2.386390587157278E-01
 -1.640139675543416E-01 -1.697509354738055E-01  2.433750079378218E-01
  1.343725288577197E-01  2.450641021421128E-01 -3.953841640923254E-01
  6.081548239803944E-01  2.867649169559647E-01 -7.745911241172087E-04
  7.166614956133851E-01 -1.358812572347325E-01  8.008966270349935E-02
  3.442868144004505E-01  3.374087525127179E-01 -1.969686255299043E-01
 -7.202647523468727E-01 -8.616565335789147E-04 -1.791774565275317E-01
  4.388716790795829E-01 -3.953487218221201E-01  4.509260738866840E-02
  7.000980324705157E-01 -1.308274547368906E-01 -2.014964737576178E-04
  7.468771466836871E-01 -4.656794369562114E-02  7.749230557323479E-02
  2.228002787576490E-01  3.688497532112316E-01 -1.186883512164708E-01
 -4.426500218338065E-04 -4.688097010512467E-02  2.869413511511172E-01
  7.577378021555461E-01 -4.604042539068075E-02  1.536196357717879E-01
  7.496681250056977E-01  1.379136630945418E-01  1.594279743697105E-01
 -1.608865485633882E-01 -8.569244907907195E-02  2.446374715933006E-01
  3.007454713016319E-01  3.926673005250473E-01 -3.890859968617603E-02
  1.161058069562780E-01 -2.305129287453253E-01 -3.697922705464361E-01
 -3.344730130326122E-01  4.113354137915320E-01 -1.662176198216519E-04
  4.075125265011907E-01 -3.561342041423384E-01  2.907080309347219E-01
 -7.431445449051421E-01  2.867747636775273E-01 -1.209137952399803E-01
  4.970101425116187E-01 -4.293931316968781E-02  3.767515790779699E-01
  4.286368332748946E-01  2.803249950845718E-01  3.293974463447612E-01
 -3.759299016444902E-02  1.450724534691743E-01  2.698361176129935E-01
  2.631624269670161E-01  3.115571739680517E-01 -3.126537623638944E-01
 -4.277432845985679E-02  2.607285193091368E-01 -3.216206493623205E-01
 -1.239387662953854E-01  2.116539511229812E-01 -3.289193438472945E-01
  2.241194674614904E-01 -4.499672551608015E-01 -4.247682243743780E-02
 -4.154506549297841E-02  1.931781204175697E-01 -3.696263150294939E-01
 -7.303433381190096E-01 -2.303753898605756E-01  1.399999685562889E-01
  5.553625481225501E-01 -2.815255329931535E-01 -8.280917259667686E-02
  1.017891034032573E-01  3.986670672728040E-01 -4.004813760090255E-02
 -2.015897493214626E-04 -1.403625296900918E-01  2.783404271596344E-01
 -4.337318697360640E-02  4.137108703673970E-01  1.736642132794603E-02
 -1.517859674948598E-01 -3.123409480198702E-02  2.484276613836209E-01
  6.781354665107604E-01 -4.574849780578569E-02 -2.588543173939606E-01
  2.212640433760807E-01  3.944060111994968E-01 -3.903124594964825E-02
  2.484588388812963E-01 -2.824768041768589E-01 -3.820149468242057E-01
  3.433233126510619E-01  3.930113995231595E-01 -3.841350787420972E-02
  3.380673360569298E-01  4.195944080435716E-02 -4.504054237739447E-01
  1.499398918989837E-01 -3.865199902993818E-01  2.659733270210625E-01
  2.903168739092001E-01  3.138578757847859E-01 -2.924949883085460E-01
  6.605877462496913E-01  2.998998225854185E-01  1.739931331083829E-01
  1.148848399079263E-01 -5.168170356851381E-01  9.766688356851243E-02
  2.907317169854258E-01 -4.200238209176465E-01 -4.158103279315191E-02
 -2.988635520790113E-01  4.017649176205985E-01  1.015331700609118E-01
 -1.917703545758958E-01  9.585279837273081E-02  2.690587397595017E-01
  6.394548113589278E-02 -2.646621586367667E-01  2.822084220621936E-01
  1.812047323481435E-01  3.957916606511500E-01 -3.932589245671755E-02
  4.259731027649907E-01 -1.425842258353158E-01  3.658804477249153E-01
  6.042889445784609E-01 -2.507411018511123E-01 -4.362643412550866E-02
  7.534434342391526E-01  4.661872209109557E-02  7.745238949000956E-02
  2.510355797174344E-02  3.658800342213350E-02 -3.883956694034019E-01
 -5.986171799247069E-01  3.922456047411522E-01  6.783707725109879E-02
 -1.894024537403920E-01  4.015231346361759E-01 -7.523959328936106E-02
 -1.067847950319740E-01 -3.794313805460621E-01  3.422165568951223E-02
 -4.696711480878823E-01 -4.359117464929720E-01 -1.171186221458541E-01
  1.757266803941282E-01 -3.138393673470672E-01 -3.335438712513224E-01
 -8.188726606848253E-01  2.488760245012137E-01  1.490713717698106E-01
 -3.675063156846006E-02  3.108501430529902E-01  2.389144942201673E-01
  7.672761365741946E-01  4.650741772063761E-02  1.543664998563607E-01
  2.774015545648140E-01  2.142765356456168E-02 -4.435823738920647E-01
 -3.312172901927325E-01 -3.838980947462561E-02  2.968870513758157E-01
  3.852711447358768E-01  3.640364240801819E-01 -1.162018261389917E-01
  3.450795128491290E-01  3.672814860947771E-01 -1.175314876754676E-01
  2.589884072533787E-01 -3.975430216986228E-01 -1.258767589643480E-01
  5.793158062356530E-01 -2.633587884401756E-01  3.050616930030920E-01
 -1.877142891212297E-01  2.081975443016912E-01  2.442041942962510E-01
  6.592776919297505E-01  2.084601476959369E-01 -3.331381067862216E-04
  4.978800188342548E-01 -2.614498846624580E-01  3.342476720800681E-01
  2.490862930783116E-01 -2.367808517304968E-01 -4.029643191596828E-01
  1.421852903319738E-01  3.977205484861435E-01 -3.966967649762744E-02
 -3.626437405509689E-01 -2.338953485192990E-01 -2.924630152346268E-01
 -3.991865048433976E-02  3.819749384218455E-04  2.663592288287003E-01
 -5.790761050868338E-01 -2.591683685424119E-01  2.493426952939038E-01
 -6.352528124782812E-01 -3.805344945253333E-01  1.039973612389251E-01
  4.173433465050692E-01 -3.745173481859138E-01 -4.298473072954399E-02
  2.120760687230594E-01 -4.865780026813012E-01  2.350501072001087E-02
 -3.968162265620686E-01  4.105373997689545E-02  3.085188568571470E-01
 -6.454067953577600E-01 -1.760799332751913E-01 -1.815936264544809E-01
 -2.616994727086193E-01  4.074427672914013E-01 -3.782941288970296E-02
  6.881533967467651E-01 -2.188678311251664E-01  1.766518992296827E-01
 -2.964883064025671E-01 -3.428899569977025E-01 -2.428179102062757E-01
  1.361744570337742E-01 -5.013359924585404E-01  2.598172340093641E-02
  6.169725799955605E-01  2.448530217690019E-01 -4.211486182586818E-02
  7.052049297386910E-01 -4.536138853983585E-02 -1.743835215828169E-01
 -5.951530763409865E-01 -4.031137358042319E-02  3.054691774347006E-01
  4.032125316427360E-01 -2.846325736789251E-01 -3.150419719346886E-01
 -5.516538752087217E-01 -4.029740718458636E-02  3.108825825363518E-01
 -9.072534728611586E-02 -3.643560425428781E-01 -2.882305688963914E-02
 -4.764354885779148E-01  2.098573063676706E-01  2.969297566846921E-01
  3.713174739097810E-01  2.982031649590273E-01 -2.762786662376265E-01
 -1.290801342118924E-01  4.169406810793711E-01  5.214406460431663E-02
  7.116187895402246E-01 -8.828245615699376E-02 -4.492058006652960E-02
 -5.235399778998655E-01  4.033472677613186E-01 -2.348097824472817E-04
 -2.437733843843549E-01 -4.025691356895447E-01 -1.187521739682597E-01
  9.642262887216133E-02 -2.799951479986893E-01  2.873444178900497E-01
  7.304134818663868E-01  1.353711915321496E-01  7.990648501034167E-02
  7.187502654698819E-01 -4.545881085882529E-02 -8.821345957853907E-02
 -7.000062297695605E-01  1.250542831609034E-01  2.854961968711089E-01
 -7.902977024151521E-01  2.926561491392311E-01 -4.174588174665240E-02
 -1.342205728921872E-01 -3.335387122045982E-01 -1.009399760508062E-01
  3.150156523332697E-01 -4.033302112690755E-01 -6.319739298451792E-02
  6.821518545917730E-01  1.283555205205889E-01 -8.706789887552210E-02
 -1.092838174778858E-01  2.543131249153772E-01  2.360150673913083E-01
  6.907994563986011E-01  2.177723093739327E-01  8.024853568231531E-02
  2.899066995423479E-01 -4.725414765416993E-01  6.967997608224893E-02
  1.626576513518890E-01  1.346004489992535E-01 -4.361628686551719E-01
  1.726709445569484E-01  2.220715301312564E-01 -4.127802134212581E-01
 -2.403016587064277E-01 -1.286915716552997E-01  2.653567870174028E-01
  6.425462115267754E-01 -8.268962252395050E-02 -3.019337948309248E-01
 -5.090832995708744E-01 -3.140839322104618E-01  2.505314093156268E-01
  2.840707541120250E-01 -3.822374206765120E-01 -1.478882585137771E-01
  9.928826915504771E-02 -5.132909231971798E-01  1.090246988281791E-01
  3.895053416915095E-02  2.191428440091686E-02 -3.832397725585441E-01
 -2.467982662365330E-01 -4.205825055403093E-01  2.022804436298316E-02
  6.004550699211443E-01  2.958136358645955E-02  3.605800030858665E-01
  2.993332925993453E-01  4.484627285495312E-01  2.800933733686586E-01
  3.802209445595228E-01  4.156118026046743E-01  3.053068855185897E-01
  6.019993486582170E-01 -2.061368652642329E-01 -1.709986684272736E-01
  6.086799415915994E-01 -3.151294175792711E-01  1.423797096142118E-01
 -1.678129041318976E-01  4.091676440472253E-01 -3.785349744389014E-02
 -1.863123194349921E-01 -3.903236570714771E-01  1.312817791307136E-01
 -5.936208959835083E-01  3.891315601445424E-01 -3.735653553042541E-02
 -6.385747324750265E-01  3.549250939077819E-01 -1.083788615011172E-01
  6.464794842856577E-01  8.032026794243527E-02 -3.003254759753672E-01
  3.644790130474880E-01 -3.715880235068089E-01 -1.069141008422711E-01
  1.672384863185717E-01  2.177271090493363E-02 -4.097947913356636E-01
  4.604493356853002E-01  2.224315672391976E-01  3.377801278191105E-01
 -7.386442671214475E-01 -1.361902924419653E-01  2.076063370132869E-01
 -3.123285068210322E-01  4.075129359207804E-01 -3.773391311173208E-02
 -5.419907057246870E-01  2.446466680700974E-01  2.857894690233582E-01
  6.453412558705881E-01 -1.735557395591495E-01 -1.316007148638742E-01
  4.672748852247075E-01  9.103007986378155E-02  3.710274798191340E-01
  1.822052459101252E-01 -7.641511117300959E-02 -3.810530196971788E-01
  5.554317045193129E-01  1.694828713886488E-01 -3.269346302519028E-01
  4.891999061311230E-01  2.279805941310603E-01 -3.071997042520894E-01
 -4.456104239846087E-01  3.181468785587299E-01 -2.098237465498647E-01
  3.634799055819183E-01 -2.474663707406823E-04 -4.492210839366081E-01
 -3.614265971055001E-01  3.873652371333540E-01 -1.109613761088166E-01
 -5.468633534481996E-01  8.477417575324461E-02  3.152573370080024E-01
 -6.688274701650217E-02 -3.843712018828003E-01  1.239321953898846E-01
 -2.685399434344501E-02 -3.749529295560332E-01  2.044130662836446E-01
  1.272286375837360E-01 -4.851149328709481E-01 -3.283283044015836E-03
  4.094266376428121E-02 -4.583073498374429E-01 -2.286351787558944E-03
  5.276663829971330E-01  1.245830532175523E-01  3.572064180319818E-01
  4.955287339156056E-01  4.208947536638988E-02  3.751648435427778E-01
  6.801563446941713E-01  4.468541018798733E-02 -2.581484297672015E-01
  2.021770165529923E-01  1.977420923381696E-01  3.214292727610146E-01
  6.663489885629403E-01 -1.723133091805731E-01 -4.364926987357819E-02
  5.797830208490131E-01 -1.931290817088150E-01 -2.523769188609699E-01
  5.991292890280985E-01  8.694205875785263E-02  3.550181009401832E-01
 -5.160309353857990E-01  4.277001156092812E-02  3.171213673002117E-01
 -4.751453153810851E-01 -4.434372508097347E-01  1.890176466483291E-01
 -6.736901857798511E-01  3.698376066803136E-01  9.979401175331477E-02
  6.495626473573577E-01 -2.092284139029338E-01  2.872990679470958E-01
  5.789242410508358E-01 -1.859531948196436E-01  3.380862042327693E-01
 -5.581437407338068E-01  1.717555822782392E-01 -2.670509776618299E-01
  2.182934540042637E-01 -3.761221816379615E-01 -2.039732362353998E-01
  1.674171401326033E-01 -3.470837639918837E-01 -2.724182905230856E-01
 -9.610794779564712E-02 -2.662469664500000E-01  2.334886711858639E-01
 -3.214634669690646E-02 -3.295867997980431E-01  2.370430061908529E-01
  2.621736063626516E-01  3.674538783005523E-01 -1.184888003635957E-01
  1.379432468871382E-01 -3.451062151171768E-01 -2.629886921009322E-01
 -6.091676521268293E-01 -2.402869934767560E-01 -1.802299138158598E-01
 -6.350114246183169E-01 -1.879063029127243E-01  2.573483042714250E-01
  3.320625145889676E-01  3.950096223707360E-01  3.166588173532799E-01
 -6.438274278410876E-01 -2.389141481883957E-01  2.300893057111464E-01
  5.764331348564546E-01 -2.985647713374847E-01  2.821921107604288E-01
  6.461221237160732E-01 -2.448397009552065E-01  2.641266203950050E-01
  1.979474908521989E-01  6.590413368608440E-02 -4.385588933704045E-01
 -1.621501337948116E-01 -1.272002323497571E-01  2.456565051142223E-01
  6.525597765231592E-02 -1.752678116428349E-01  3.008837642386829E-01
  5.462832713001448E-01  2.115779747556641E-01 -2.813125057052016E-01
  3.152920606635774E-02 -3.369954725248805E-01  2.596943613538309E-01
  2.252802794650791E-01  4.643643051101772E-01  2.323049383490632E-01
  1.634296514049892E-01  4.570280037177542E-01  1.677447388802576E-01
 -4.866289651643635E-01 -2.316118439679110E-01  2.754875746114706E-01
  5.274837484529618E-01 -1.285491706358985E-01  3.644298969465874E-01
 -4.433110766998875E-01 -4.232409225772720E-01 -1.598675261284961E-01
  2.331151302720658E-01  3.068554106800482E-01 -3.296836770233755E-01
  6.522882841281233E-01  2.529574860125293E-01  4.096501806659843E-02
  4.274486627311480E-01 -1.542437039814420E-01 -4.258482153593173E-01
 -5.689384580919705E-01 -3.052784967734623E-01 -1.778541929694866E-01
  7.314680033868728E-01  8.965205905442951E-02  3.994610828729868E-02
  7.156552231655495E-01  4.419222978093142E-02 -8.669590683049916E-02
  1.085618840913087E-01 -1.447978138247417E-01 -3.622842656877172E-01
  2.966309637388881E-01 -4.841974005111905E-01  1.151962138049844E-01
 -2.074449064400120E-01 -3.738516207326689E-02  2.654187526647601E-01
 -2.557545444307843E-01 -1.124028138445848E-01  2.703757904816228E-01
  1.691010096753000E-01  2.933849298199528E-01 -3.599259063992089E-01
  3.545047504804615E-02  1.486209827761694E-01  2.809369862955968E-01
 -3.138514773126661E-03 -3.194410125978702E-01  2.546098534654934E-01
 -1.993126570173371E-03 -2.313367557330822E-01  2.694598613162658E-01
  7.045789167399357E-01  4.419725966848104E-02 -1.729045554492203E-01
  3.446929278661052E-01  2.271398765170962E-01 -3.874235667719609E-01
  4.353939139222113E-01  1.394680362834363E-01  3.617998497497691E-01
  5.140325632122362E-01  3.182170858675380E-01 -1.145083189169259E-01
  5.499295631048644E-01 -1.756083099709328E-01 -3.338847108776070E-01
 -5.087213231276271E-01  3.977181499734687E-01 -5.606262079695625E-02
 -1.371279928849016E-01  3.209133195698274E-01  2.103643073461816E-01
 -1.886833828986504E-01  1.709010594615802E-01  2.549790183700784E-01
  7.301880391815884E-01 -4.428290462751595E-02 -4.283896061630079E-04
  3.891082649556438E-02 -1.833833598504660E-01 -3.563378759686505E-01
  3.347421338993483E-02 -3.517505563523046E-01 -1.766115206335163E-01
  6.778759902285081E-01 -9.008163104656634E-02 -2.197386175521562E-01
  3.218249913448177E-01 -3.469776401529492E-01  2.988625003063957E-01
 -1.196997549919470E-01  4.085659084566715E-01 -3.781208348578391E-02
  3.551120550560342E-01 -3.259074417613233E-01  3.095561293079527E-01
  4.468647283766014E-01 -2.287077545671342E-01  3.475196272616589E-01
 -3.117074192178845E-01  4.087887606179140E-01  6.811551178765697E-02
  6.799413751856584E-01  8.797299913819497E-02 -2.177336275904213E-01
 -2.425183346357142E-01 -1.710361290896222E-01  2.616471272599743E-01
 -1.672135788320839E-01 -2.137444527172369E-01  2.420760863761955E-01
  3.042397943450071E-02 -4.433104481245090E-01  2.005261010080794E-01
  7.398535326252445E-02  1.081838532707444E-01 -4.156687945929606E-01
 -1.258888580355952E-01 -1.916252024407347E-01  2.397063365375592E-01
  6.700042833860332E-01  1.677652109066108E-01 -4.265877905223151E-02
  6.500526590662529E-01  1.690929131063222E-01 -1.289974439473481E-01
  3.370593915345008E-02  3.174430843837170E-01  2.576173530582719E-01
  1.039598877955043E-01  2.706193929524602E-01  2.845917778704911E-01
  3.868213375978491E-01 -3.237882765906718E-01 -2.188904126427567E-01
 -6.533931981569143E-01 -2.521437547188099E-02 -2.291075711131356E-01
 -6.450762925110871E-02 -2.545287429038411E-01  2.450340579184923E-01
 -5.183855090693016E-01 -3.556487366045449E-01 -1.855017788938592E-01
  7.005573228914952E-01  1.280720258297106E-01 -1.475020974214410E-03
  7.284017312268490E-01  4.408998206228674E-02 -1.687960168747256E-03
  5.337758840508228E-01 -2.161050312998515E-01 -2.864464062216971E-01
  3.021828147861677E-01  4.814258842661783E-01  1.856221332502666E-01
  5.929514512226411E-01 -8.756362009463971E-02  3.567436055852854E-01
 -2.424865338628832E-01  3.459292246026962E-01  1.911413833132078E-01
 -3.222104166758556E-01  3.183990630406160E-01  2.175333733781726E-01
 -4.244890434222921E-01 -1.970503583880480E-01  2.842072341462324E-01
  3.861389152135691E-01  7.416800653078440E-02  3.795725482368994E-01
  3.130212935732276E-01  2.514637699598170E-02  3.870140137788746E-01
 -1.569178048838696E-03  1.401643157386773E-01 -3.994520482899139E-01
 -5.275676413280621E-01  3.556689274790990E-01  1.953251494761956E-01
  4.963912852334115E-01 -3.356624600841717E-01  2.909421728502685E-01
 -4.671282520495977E-01  3.856836261314092E-01 -1.104290561701982E-01
  2.199609747953275E-01 -4.994961615273383E-01  7.363509592101632E-02
  2.787481751624990E-01 -4.559906287585990E-01  2.425946445671830E-02
  1.706404143742341E-01 -5.046888889892546E-01  1.610976193253610E-01
 -4.573752282579368E-01  2.296954016319178E-01  2.880419452093446E-01
  5.394605215799786E-01  4.140616937046825E-01  2.294181753849704E-01
  6.395017282504285E-01 -1.276448638955889E-01 -2.616961723017820E-01
  7.134471149063955E-01  2.183726563086481E-01  1.766045674067087E-01
  2.328067916798353E-01 -1.401233454501512E-01 -4.036524607744438E-01
 -2.952949577624987E-02 -6.268213058930255E-02  2.724525200936417E-01
  6.975740718902269E-01 -8.916150456383845E-02 -1.336001933495738E-01
 -2.331127237683317E-01 -3.800466589238106E-01 -1.621626658402362E-01
  4.969165278745726E-01 -1.114115276057763E-01 -4.174559031428401E-01
 -7.569246529473618E-01  1.757328934081766E-01  2.482946725426933E-01
 -8.169254358648050E-01  1.979803401612440E-01  1.879789098577758E-01
 -5.785122253695315E-01  1.258270267438377E-01  3.113286953023640E-01
 -6.047776927017960E-01  4.192068424408391E-02  3.101247396836835E-01
  4.236038128185498E-01  3.571604808383073E-01 -1.156334950751288E-01
  4.601260390163580E-01  3.784690450376145E-01 -3.854850657983136E-02
 -6.784044589683205E-01  4.296585114604228E-02  2.931283250534842E-01
  5.155290886051265E-01  2.544436861161483E-01  3.248881080666101E-01
  2.238723140753516E-01  1.262637657259795E-01  3.478897379144728E-01
  3.006988738505492E-01  1.688728614969548E-01  3.451622524996922E-01
 -3.597630437688086E-02 -4.141512752859381E-01  2.642673907328147E-03
 -1.138400164134718E-01 -3.731660741980897E-01  4.522257284424760E-03
 -3.297920722797966E-01 -3.770886237153276E-01  2.424975626133445E-01
  4.183888700832318E-01  3.256100614456776E-01 -1.905133859766020E-01
  4.431718947143662E-01  2.800244765406238E-01 -2.612763413769860E-01
  3.106527748719123E-02 -4.835525643067937E-01  7.112971767771303E-02
 -5.087725006625106E-01  4.017251467138904E-01  6.723824567194646E-02
  7.449452526032133E-02 -4.161400882120228E-01  2.381490581465103E-01
 -5.339984409317502E-01 -6.060887690121419E-02  3.090920576295021E-01
 -4.562052362574465E-01 -2.033708182799970E-02  3.128159668769073E-01
 -2.575009902306776E-01  3.893143232442295E-01 -1.116301010390080E-01
 -2.142828162350919E-01  4.088477888887880E-01 -3.791117585422166E-02
  4.256825097099307E-01  1.460161827717007E-01 -4.141112066051420E-01
  3.419617034453319E-01  1.612736829885229E-01 -4.350317177255520E-01
  6.229295047328999E-01 -1.680434386123776E-01 -2.175209823810005E-01
  5.966637799621457E-01 -1.529961297726451E-01 -2.997299216026490E-01
 -6.641339670086567E-01  2.037613545690155E-01  2.834973512615057E-01
 -5.564303098058719E-01 -4.151089970531608E-01  1.739464985346152E-01
  3.932015261735547E-01 -3.915859928221441E-01 -2.150114885028195E-02
 -4.780725961799535E-01 -3.728863598951800E-01  2.387484560956645E-01
  6.952689732081411E-01  8.651733361326737E-02 -1.309965757109579E-01
 -5.739713436679800E-01 -1.281942776915298E-04  3.125347901536239E-01
  6.204183510937763E-01 -1.579501243506080E-01  3.296943287540352E-01
 -2.977051969556244E-02 -1.561245430663133E-01  2.643555041651339E-01
 -8.883639187786721E-02 -9.454075920100911E-02  2.453068284322874E-01
 -3.593542934831664E-01  4.067029366543484E-01 -3.779641107819144E-02
 -1.088419663085088E-01 -3.669358641791390E-01  1.631796833421673E-01
  6.364884067253570E-01  1.554360370708442E-01  3.241229372289836E-01
  6.855435326518422E-01 -1.394259754527378E-01  2.896730057794198E-01
 -5.038354254693621E-01 -4.594307127693482E-01  1.494939731516899E-01
 -8.567519339432179E-04  4.369211681129320E-02  2.872708053017996E-01
 -6.732754616310722E-04  1.302986521181072E-01  2.769474692356976E-01
  3.322345007686279E-01 -4.139523680054002E-02 -4.432676616678507E-01
  3.555530203046274E-01 -3.174750074097163E-01 -2.819814108588194E-01
  2.883996060498683E-01 -3.671845033851146E-01  2.888603888692670E-01
 -9.296164261847537E-02 -1.789717666699361E-01  2.435454170353939E-01
  4.151909580761922E-01  2.496614107699051E-02  3.828431693361823E-01
  2.397983243026543E-01  2.637143207484012E-01  3.207645022792182E-01
  7.007068778548390E-01  5.045552945596716E-05 -2.117784998616782E-01
  6.674447333548027E-01 -2.104575557349776E-05 -2.921703767885477E-01
  1.246671564698080E-01 -2.915584480089045E-01  2.901747715180500E-01
  1.189739200938493E-01 -3.750267035733194E-01  2.662796102170464E-01
 -7.754354658924584E-01  2.286952220288657E-01  2.165945878080150E-01
  7.071293500798002E-01  8.612960130497474E-02 -4.460460662748742E-02
  3.827151027083756E-01  3.905058747022054E-01 -3.943636047947850E-02
  7.452693357666798E-02 -1.624348841909214E-01 -3.593088406148271E-01
 -4.269031453071752E-01  4.243314349369177E-02  3.123646842535867E-01
 -4.464231639713755E-01  1.270403118043182E-01  3.088535152450356E-01
  5.019259761732956E-01 -3.735795418418413E-02 -4.262618078797358E-01
  4.533302011194959E-01 -3.097687193592320E-01  3.146519681088508E-01
 -6.168233451620039E-01  3.426095346188086E-01 -1.440410681961418E-01
 -5.319307914083002E-01  3.608784115088383E-01 -1.453993348678580E-01
  7.003437128288902E-01  1.386230182721378E-01  2.900073443966962E-01
 -2.539237907181142E-01 -3.687400541611584E-01  2.261782739255228E-01
 -7.688288980128791E-01  3.133553537509796E-01 -4.223479787229535E-02
  6.041174647192853E-01  1.482391564460983E-01 -2.953650771319988E-01
  6.301054409002416E-01  1.641882702452398E-01 -2.141127717552276E-01
  3.209118491262641E-01  3.247520304968476E-01 -2.432413028162205E-01
  2.228738607255611E-01 -4.031321359815486E-02 -4.136613559854411E-01
  2.539896155963002E-01 -1.212238902759123E-01 -4.147444572602426E-01
 -2.476756845841587E-01  2.281474360583008E-01  2.463436769528313E-01
 -2.112722207667054E-01  4.096307376761303E-01  8.571386783888341E-02
 -2.905974892335619E-01  3.960676996779872E-01  1.177464407596163E-01
 -8.862613529609689E-02  6.246670920178631E-02 -3.741252840416422E-01
 -1.506419251534810E-01 -2.529550679626653E-01 -2.582045581778702E-01
  9.401514659421788E-02  1.865878779729727E-01 -4.139608125725562E-01
  7.040180960690622E-02  1.670274492138428E-01  2.876052859164477E-01
 -4.518003661703273E-01 -3.542314262729662E-01 -2.296457298106853E-01
  1.662025803045529E-01 -2.691980169871598E-01  3.029859259699293E-01
  2.436011625306573E-01 -3.076905352886162E-01  3.044699401885358E-01
  3.227310970746237E-01  4.674777341351380E-01  1.195416184753658E-01
 -7.030526919386719E-01  2.020217842919028E-01  2.710435439692440E-01
  3.834600096647677E-01  2.472628220517997E-01 -3.480516185242152E-01
 -8.334765658439466E-01  1.033143265971828E-01 -4.137688926294093E-02
 -6.345120608693358E-01  8.545353240944889E-02  3.052800524607053E-01
  1.477659583698434E-01 -2.124152547971696E-01 -3.817192936090598E-01
  3.399899749689364E-02 -3.722253316479464E-01 -1.465474782533895E-01
 -2.511238120985687E-02 -3.317318423082033E-01 -1.324948657034316E-01
 -7.949210077319361E-01  1.063249756291789E-01 -1.182648296962593E-01
 -3.793028063484641E-01  2.226083958922394E-01  2.770772450841672E-01
  1.982814258505669E-01 -3.483114440166725E-01 -2.790180849802368E-01
  5.978652757565308E-01  3.731528670701090E-01  1.795806754982493E-01
  3.324430755661194E-01 -4.719791803535388E-01  1.340729548280805E-01
 -3.344068800763084E-01 -4.345865076840554E-01 -1.211893943566849E-01
 -6.962492868054899E-01 -2.133817223364536E-01  2.053579071491690E-01
  7.342875986187115E-01  1.701387433653598E-01  2.023684634400339E-01
 -8.345288187467725E-01  2.022523320670993E-01 -4.089900699369150E-02
  3.645487961449382E-01 -1.212502791611636E-01 -4.362641501260896E-01
 -1.125993584691299E-01  9.604379326015433E-02  2.687783072088914E-01
 -1.336260118111077E-01 -3.562484147280139E-01 -3.154572093974645E-02
 -6.611184683054930E-01  1.269136019596028E-01  2.974949354264150E-01
  7.190304382017502E-01  1.222766531614119E-04 -1.274248244293694E-01
  7.283638882850993E-01  1.312678088255379E-04 -4.221644036594077E-02
  2.490970040592021E-01 -3.720634579608523E-01 -2.079238691120132E-01
  2.609190985136289E-01 -3.454186176356735E-01 -2.885674022796290E-01
 -8.761401219697031E-02  1.626699735338578E-01 -3.648057734306054E-01
 -5.763626802745475E-01  3.800162154341949E-01  1.331219141468125E-01
 -6.605294881154011E-01  3.639434153849085E-01  1.324101118874221E-01
 -4.925500163052672E-01 -1.177085735703587E-01  3.030527323133391E-01
  4.780494860363512E-01 -3.919296894972338E-01  2.170605784211243E-01
 -5.138108641220808E-01 -4.529769703833090E-01 -1.286975226745775E-03
 -4.300435666804399E-01 -4.699215895684639E-01 -1.157557323315749E-03
 -5.088999304300579E-01  3.740697084846718E-01  1.654900463221342E-01
  6.311037927350227E-01 -2.560318394101626E-01  4.125336363828078E-02
 -4.586623792630324E-01  3.755977173457843E-01  1.659116333960142E-01
 -3.017997897716744E-01 -4.402648675537285E-01  1.596444948822314E-01
  2.648391134529548E-01 -7.607738108999815E-02  3.730410959086289E-01
  5.564412371058605E-01  2.653562647255938E-01 -1.567287773912677E-01
  6.134257398055790E-01  2.028909329961791E-01 -1.676009411593483E-01
  3.607903116199404E-01 -2.610359457754091E-01 -3.815068667357829E-01
  2.983372622882581E-01 -3.080046630996833E-01 -3.475439241058090E-01
 -7.333219388364131E-01 -8.776013372311343E-02  2.371122008219121E-01
  3.222606856446127E-01  3.791178161023214E-01 -7.805418119487129E-02
 -7.418835194901313E-02  1.587151008780550E-01  2.622834192518892E-01
 -4.840608132351236E-01  3.153238217580805E-02 -3.025900002181466E-01
  4.601396213522393E-01 -3.068023661544758E-01 -1.754576916600203E-01
 -1.031315407979177E-01 -3.802333620378667E-01  4.746362552742354E-02
 -3.416895248262344E-02 -4.193946083419769E-01  1.610674920397502E-02
  5.031209335469848E-01  3.969083539739221E-01  2.834200096748666E-01
  1.906345518371404E-01 -2.011333188542959E-01  3.281460952482337E-01
  2.652701131505747E-01 -2.416242511774405E-01  3.264347714825157E-01
  3.992800755200698E-01  7.759835621278177E-02 -4.423104777624566E-01
  6.929269804855115E-02  2.521085689634315E-01  2.771205758724227E-01
  3.904042383799439E-01  4.426891235100026E-01  7.316885592938850E-02
 -1.890492490279508E-01 -3.264340459231431E-01 -1.969218757570982E-01
  4.849659523651681E-01  3.335786007455735E-01 -1.165478268274256E-01
  2.841486714842959E-01  1.287641660988779E-01 -4.533388394019411E-01
  6.486280050076519E-01  3.168121909556307E-01  1.430013120819620E-01
 -1.118611946107502E-01  5.657154867597562E-02  2.679835458579469E-01
 -3.638619993439630E-02  1.917929401475373E-02  2.783456889256085E-01
 -6.220320759531569E-01  2.673893926366024E-01 -2.127875803092812E-01
 -4.936671518382655E-01  1.894670170099715E-01  3.027181328119997E-01
  2.244557527708572E-01 -5.058501551409200E-01  1.200791669754497E-01
  2.967505261332406E-01 -4.841580036798779E-01  1.588432170666465E-01
  6.153743427141055E-01 -2.370430911177074E-01  2.966889195997116E-01
  2.713993372510693E-01 -4.831228232669867E-01  1.787009292403397E-01
 -8.025629680485332E-01  1.472201727454657E-01  2.182152040610791E-01
 -7.199282074353944E-01 -3.865700800934163E-02  2.627198934999901E-01
 -6.813648648968210E-01 -1.141426729634010E-01  2.618529859523495E-01
  5.327729929814039E-01  3.390089919211756E-01  2.948203763436478E-01
  4.589638939198212E-01  3.778622399434936E-01  3.098047006471904E-01
 -1.938862353220440E-03  2.993698306345685E-01  2.535437732482100E-01
 -1.052350517192320E-03  2.155107039121557E-01  2.659887966358496E-01
 -5.049201563520643E-01 -4.207401852188889E-01 -1.161329391854814E-01
 -5.384202314205943E-01 -4.334186299314983E-01 -3.939507831438224E-02
  3.042009384662566E-01  1.257980449739883E-01 -4.500192954036406E-01
  3.136104055858355E-01  4.167022871264812E-02 -4.503848738818879E-01
  7.232273046844907E-01  1.800374850671533E-01  1.193465214499201E-01
  6.958190232519400E-01  1.722208664887349E-01  3.969165354523006E-02
  6.666516448243174E-01  2.417592514231214E-01  2.615921637708196E-01
  6.020719792721767E-01  2.936337684866505E-01  2.782918783072803E-01
  7.002074441695953E-01 -1.828468221826808E-01  2.363054027017632E-01
 -3.897421782563792E-01 -4.638059396622353E-01 -4.151589693630568E-02
 -3.954411983529192E-01 -4.438502263247004E-01 -1.234064321227933E-01
 -5.622432653285256E-01  3.743670207285433E-01 -1.111790182393733E-01
 -3.824300109657961E-01  1.236888784381236E-01  3.000447404836709E-01
 -3.038036931533193E-01  2.502415490066401E-01  2.489415768905239E-01
  6.447791976003989E-01  1.242500376716722E-01 -2.588672363392689E-01
  7.728474251174866E-02 -6.485624055458783E-02 -3.501096677187997E-01
  3.672503900217527E-02 -1.408520467186476E-01 -3.565959657145873E-01
 -3.784164203333708E-01  2.213659057999262E-01 -2.734330440006081E-01
  6.075935967383049E-02 -3.507457741081897E-01  2.620540309179001E-01
  5.689445351500578E-01 -3.166814217750542E-01  3.237066650001248E-02
  6.176526710734767E-01 -2.962718657664310E-01  9.804493067858265E-02
 -5.367516922374084E-01  9.544547105982647E-02 -2.848729775204656E-01
  4.509519059795122E-01  4.089807665922848E-01  2.505581767404716E-02
  5.097659680462533E-01 -3.377987859979201E-01 -2.236476042642448E-02
  4.402564340956201E-01 -3.579105606958125E-01 -6.548524664199271E-02
  3.603099575027291E-02 -1.002442798376993E-01 -3.585828061477994E-01
  3.426901580337997E-01 -4.272933874680082E-01  2.232852717241601E-02
  4.127393242956549E-01 -4.146465034665403E-01  6.726708925524626E-02
 -1.903555076181069E-01  2.946063258769319E-01 -2.499805268511497E-01
 -4.049521442961774E-01 -2.170483289768667E-01  2.787188181757763E-01
 -3.684955082892868E-01  3.816519072723652E-01  1.495596805115175E-01
 -4.450643246050007E-01  3.666292776586169E-01  1.810454409834927E-01
 -4.509077457233461E-01 -4.287113265578859E-01  2.072383390889326E-01
 -3.771780108779944E-01 -4.515274716178506E-01  1.737994153885984E-01
  4.108798380303663E-01 -3.081941261480699E-01 -2.356532167611633E-01
  2.218021468706312E-01  4.411393274493838E-01  6.962883320970630E-02
  2.885353201194271E-01  4.204312217617994E-01  2.277674769605993E-02
  3.101956432358480E-01 -3.674813817886628E-01 -1.658413095806079E-01
  9.036604230221575E-02  2.621463108790596E-01 -3.740837916376562E-01
 -2.629432659847446E-01 -3.778408647774688E-01 -1.894642478321058E-01
 -2.522450290388453E-01 -3.177921071687352E-01 -2.473238246616762E-01
 -5.835593793866289E-01  3.265532641995273E-01 -1.771625751080804E-01
  6.390701335698438E-01 -2.856248724828462E-01  2.055294046980242E-01
  3.628628704633449E-01 -3.394484615238350E-01 -2.022395584477308E-01
  3.905519256108657E-01 -3.569160053340225E-01 -1.248811145952545E-01
 -5.060698095484937E-01  1.271943298007838E-01  3.129536415667999E-01
 -4.902341353908573E-01  2.804650687444656E-01 -2.349451563919389E-01
 -4.900542177789281E-01  3.420716686728005E-01 -1.778920998311989E-01
  4.925037482362623E-01  1.043401659871631E-01 -4.047940461051809E-01
 -1.054020172697933E-01  3.242835058850241E-02 -3.705476763459381E-01
 -6.958639174619690E-01 -1.885463558448164E-01 -1.116983795897871E-01
 -7.368060170908879E-01 -1.833066411375993E-01 -3.860320803404993E-02
  5.167372196434989E-01  3.513624314414024E-01 -4.044165193792698E-02
  3.773200294062708E-01 -7.439335979875732E-02  3.775247747099822E-01
  3.100981595752233E-01 -2.491682508366929E-02  3.861743822157823E-01
  1.272247408303903E-01  4.186912313590924E-01  2.287990211368596E-02
 -3.740784323078833E-01 -3.812012590745737E-01 -2.233028354133904E-01
 -3.037557601093632E-01 -4.000241141263516E-01 -1.817323874057102E-01
  3.286194349810341E-01  4.609927110001371E-01  2.642689802306277E-01
  2.184330851391831E-01 -4.707277765126886E-01  2.132984921773280E-01
  1.992011206923950E-01 -5.073186581084189E-01  1.404832337175469E-01
 -2.457083687492105E-01 -2.472444841442515E-01 -2.922526330795861E-01
 -2.412791550003010E-01 -1.686346914921617E-01 -3.209220654032636E-01
  8.074783158145002E-02 -9.413314745358448E-02  3.246216190224651E-01
 -1.299502187441934E-01  1.215436387235559E-01 -3.602389976246544E-01
 -2.093635721936386E-01  1.232896305786259E-01 -3.337176336447321E-01
  1.005947677596947E-01 -3.729799253518606E-01 -1.979882660821760E-01
 -2.514331076241269E-01  4.128656632077774E-02  2.801891571981337E-01
  2.340254046776880E-02  1.524166328063279E-01 -4.051289271684070E-01
 -5.304136482990353E-01  2.439638473257192E-01 -2.498725415749241E-01
 -6.116245783815484E-01  2.401067552752353E-01 -2.301234442019488E-01
  4.996206421757835E-01  3.557327438904567E-02 -4.210271878401124E-01
 -1.209556157708374E-01 -1.055744568882650E-01  2.387259995438041E-01
  2.884629523605662E-01 -1.727421436987240E-01  3.510803204654463E-01
  2.167033739111004E-01 -1.301727043688498E-01  3.561069560097359E-01
 -2.609906963948681E-03 -1.978874822273775E-01 -3.330912282735602E-01
 -2.165924756802466E-03 -2.560992637391030E-01 -2.731009921177417E-01
 -5.267464014698712E-01 -3.969665367065623E-01  2.111261677702606E-01
  4.741626245019461E-01  4.451568449595064E-01  1.206308881560562E-01
  4.093418548111094E-01  4.735751083497772E-01  1.649981278331952E-01
  6.042126443631914E-01  3.158512818941717E-01  3.165826252071575E-02
  6.523968953100239E-01  2.966545735086087E-01  9.710065115264417E-02
  4.494696483160767E-01  3.147079607329229E-01 -1.905269686740800E-01
  4.824962159012867E-01 -7.505525149372946E-02 -4.306454926685881E-01
  4.042759460766187E-01 -1.665394663577725E-01  3.608080723295524E-01
 -3.686707322163768E-01 -2.797443889572968E-01  2.688547264575274E-01
 -3.688165598191220E-01  4.102047580684624E-02  3.040570011020917E-01
  5.507764643812819E-01  2.046293896844913E-01  3.337489710558165E-01
  5.640090304373684E-01  2.818194563848574E-01  3.051435963446833E-01
  5.454142735311954E-01 -3.630288668124442E-01  1.753620305457269E-01
  3.008698429256269E-01  2.037207045121720E-01 -4.210784948791994E-01
  3.016389279171829E-01  2.651470127566484E-01 -3.648502550905457E-01
  5.414007777048722E-01 -2.106610184551764E-01  3.431829004881412E-01
  5.417950407830481E-01 -2.877428126833373E-01  3.116502165523793E-01
  5.091494512608408E-01  2.863027028270583E-01 -1.876099657986186E-01
  4.735201840527399E-01  2.664388139042314E-01 -2.601225953197947E-01
 -3.376340965488910E-01 -3.642999304398716E-01 -2.344125127474821E-01
  1.290522783885477E-01  1.166223392492823E-01 -4.297291971673884E-01
 -1.788070985541618E-03  2.841168290437710E-01 -3.162471272393590E-01
 -1.903948689676456E-03  2.196807179736188E-01 -3.686806589772907E-01
 -7.301382876630012E-02  2.410763754053963E-01  2.453995007930363E-01
  5.772444478546568E-01  2.282789307953066E-01 -2.027188701631153E-01
 -7.384025326028483E-01 -9.635162854222598E-02 -1.106990025352449E-01
 -6.910302769693498E-01 -3.904676640048806E-02  2.774553639429784E-01
 -4.736141020322006E-01 -4.758007677960035E-01  1.144851854387348E-01
 -4.487916929043591E-01 -4.778549408174611E-01  9.489294084328426E-02
 -3.765311610830281E-01 -4.673474788337251E-01  1.342569732784753E-01
  6.602014826784576E-01  2.964510991371674E-02  3.373127719433665E-01
  5.578174418894728E-01 -2.298864706510813E-01 -2.052924726380486E-01
 -5.613393047704390E-01 -3.777597836148371E-01 -1.147322630273959E-01
  7.703144856582718E-02 -2.439411517619701E-01 -3.441608378320938E-01
  3.356056297161742E-02 -1.128176177936183E-01  2.976106615189646E-01
 -6.901331628523577E-01 -2.698561368764147E-01 -3.740099732635908E-02
  1.770242460338376E-01 -1.892381161327269E-01 -3.897703892053227E-01
  7.264684975809687E-01 -8.966471122196137E-02  4.094236194013610E-02
 -4.948674408701907E-01  2.136322932392758E-02  3.168159460411965E-01
  3.345959427044251E-01 -1.220087672162978E-01  3.653309644377665E-01
 -2.727541431776622E-01 -4.365294439623086E-01  4.015675814942522E-02
 -8.367957025144503E-02  2.367687019016338E-01 -3.261128534728686E-01
 -3.737835901748300E-01 -3.491567137588608E-01 -2.504539499692572E-01
  6.524342094414377E-01 -8.776894783757282E-02  3.315954793289976E-01
  7.051943205923883E-01 -2.977957720265386E-02  3.053242096660118E-01
  4.121946606329124E-01 -2.471284090149570E-02  3.824493213799402E-01
 -3.622931352899995E-02  3.859803786453255E-01 -1.307697040401072E-01
  8.347600114853265E-02  8.915695573266860E-02  3.122499018503850E-01
  4.543021117239944E-01 -2.416573492315315E-01 -3.389194502106044E-01
  4.678942757446596E-01 -1.824028549163655E-01 -3.949101750111398E-01
 -3.932548922017869E-01  3.501339429116745E-01 -1.804281479198228E-01
  9.286842234183823E-02 -4.413158280935776E-01  2.280422417608171E-01
  3.874963858011385E-01 -1.983064594284307E-01 -4.157275154069082E-01
  3.360594979285831E-01 -1.219737792748391E-01 -4.329969616214125E-01
 -6.537837148640052E-01 -2.645721170011883E-01 -1.106804793448633E-01
  5.124681016248805E-01  3.858463078680793E-01  2.298726894153295E-02
 -2.775216976895294E-01  2.351337716030268E-01 -2.749445425451453E-01
 -2.594121539286373E-01  1.623990811693367E-01 -3.091009427256035E-01
 -7.283306915500586E-01  1.222704197072470E-01  2.730635101897637E-01
 -7.360970107569444E-01  4.050826509389732E-02  2.671531327940755E-01
  5.771041193568444E-01  2.767013527910354E-01 -8.046379310706718E-02
 -1.117053996282522E-01  1.345532626883654E-01  2.636138235998079E-01
 -6.517117874777136E-01 -1.144298681956952E-01  2.754135126189270E-01
 -6.295724568747153E-01 -3.861595739398975E-02  2.983221953702812E-01
 -5.804198004886930E-01 -3.128669411135722E-01  2.246462389188113E-01
 -6.335622672252428E-01 -3.417632076395142E-01  1.690948657223148E-01
  4.373735127376386E-01 -3.240560766458249E-01 -1.584868086296972E-01
  5.935962252825685E-01  1.892611985326643E-01 -2.492045804301296E-01
 -1.665840285954522E-01  3.757041400900595E-02  2.657286509489932E-01
  4.580523878886427E-01 -2.751651290274358E-01 -2.692979495743925E-01
  4.831897842781839E-01 -2.897256170707653E-01 -1.924914381011121E-01
  2.728507327468969E-01 -1.016530779782052E-01 -4.221981547882740E-01
  3.105438860102682E-01 -6.239727181898475E-02 -4.367526151992171E-01
  2.409293931903955E-01 -2.108579852971943E-02 -4.233419887745419E-01
  5.876652143755121E-01  3.683057180739177E-01  1.000947545031940E-01
 -3.715105045744676E-01  3.367058005801982E-01  2.068463051250927E-01
  3.545763742429153E-01  3.240923063010152E-01  3.315421010618454E-01
  1.098188482022488E-01  2.849998462078209E-04  3.446713639861291E-01
  3.692040757534455E-02  1.443593903519640E-04  3.071416883223574E-01
 -2.141340295720574E-01 -2.921113476681957E-01 -2.509519549126375E-01
 -1.501678604170301E-01 -2.986048571628940E-01 -2.001150424663382E-01
 -5.926506568473617E-01 -3.922336384138798E-01 -3.980011871421600E-02
  3.650721745402497E-01  4.387316610097696E-01  6.006323846278618E-02
  3.911776238883639E-01 -2.791033590248487E-01 -3.388097093880708E-01
  4.256133864557340E-01  2.093016793449004E-01 -3.664730869375979E-01
  5.312733157143343E-01 -3.180749148910781E-01 -3.843815116531211E-02
  5.073239588315859E-01 -3.035931951159084E-01 -1.153764453773376E-01
  4.633267050767049E-01 -3.411988615945617E-01 -8.262179471937882E-02
  5.790632683754658E-01 -2.431850451421806E-01 -1.267982100360485E-01
  6.393295283439157E-01  2.330340609821703E-01  2.910368117531015E-01
  2.271151840167626E-01  3.462659382003653E-01  3.148434410100738E-01
 -4.710338080404154E-01  6.266995678054274E-02 -3.021147482937674E-01
  5.920145602577027E-01  3.325761860921303E-01  3.727151235699856E-02
  6.162365550251930E-01  3.471484211359076E-01  1.139862937899961E-01
  4.790576186261445E-01  7.066537818605327E-02 -4.204110039413967E-01
  4.811441142355866E-01 -3.968194736667168E-01  1.805036464918120E-01
 -4.242478977383513E-01 -4.779557599030210E-01  7.609360964876977E-02
  4.570515796785793E-01 -1.113402024428854E-01 -4.315238195504642E-01
  4.255217550926118E-01 -3.731954500167838E-02 -4.452210932773634E-01
  3.355442087121876E-01  2.303541685329377E-01  3.384934759606641E-01
  3.280612225756757E-01  3.115208308389388E-01  3.339209227806159E-01
 -1.640983291802741E-01 -3.467149670214429E-01  1.985837195714122E-01
 -1.403320290092705E-01 -2.741085640299721E-01  2.272433600405789E-01
  4.113560764149126E-01  4.280004248609148E-01  2.897988406405376E-01
  3.888111685656842E-01  4.726702955579588E-01  2.255405953176285E-01
 -5.891183090451961E-01  1.554083437544416E-01 -2.621087916506457E-01
 -3.406625910338936E-04 -1.220833905736503E-01 -3.639104773807225E-01
 -1.792914373575749E-04 -4.080218679980952E-02 -3.711049655088753E-01
  6.860793953975499E-01 -1.750536055890309E-01  3.981711815019214E-02
  7.030950088540241E-01 -1.802906698677729E-01  1.194044419677460E-01
  5.247855510968367E-01 -1.784965375181526E-01 -3.559808743856832E-01
  6.695999787864070E-02 -3.518217227010649E-01 -2.021775507032543E-01
 -6.894405893812193E-01 -1.201188632799946E-01 -1.642880709623206E-01
  1.975900488671179E-01  1.544826811584166E-01 -4.392633633265381E-01
  3.488739991033690E-02  1.055805766886776E-01  2.879319444236407E-01
  1.203122745789207E-01 -2.812840472958661E-02  3.501451215885069E-01
  1.055416838710272E-01 -3.163311323514650E-01 -2.885378756483456E-01
  3.593626066486854E-02 -2.910217413421659E-01 -2.547326786362004E-01
  3.484336683581764E-01  1.213250314602851E-01  3.676377449552221E-01
 -2.970256491113907E-01 -2.810398866331002E-01  2.637599795892689E-01
  6.583545054414037E-01 -2.967609396988744E-02  3.378292551334792E-01
 -1.214385496521375E-01 -1.792028738225900E-01 -3.203127436356034E-01
  1.172783282250467E-01 -4.747635532385281E-01 -2.586729440984498E-02
  4.634690697181711E-01 -3.758916087330746E-01  2.239881389765437E-02
  2.465215092330051E-01  4.483831437906119E-01  8.181760099862627E-02
 -3.682149468571845E-01 -4.130643245430576E-01 -1.851069085713755E-01
  2.963532948010041E-01  4.626768347822767E-01  1.061172983206047E-01
  3.134017747548141E-01  4.272771082425797E-01  3.502675019232535E-02
  3.157221902197211E-01 -3.053861346635836E-01  3.139013386443654E-01
  6.711226707115709E-01  2.061893899850994E-01  2.821528669396176E-01
  4.165792305583044E-01  2.648801419490088E-01 -3.052951609529368E-01
  3.397332846720485E-01  2.832146888206913E-01 -3.237933055316971E-01
  5.268431485271926E-01  1.710342725547577E-01 -3.462206776361438E-01
  1.249636114740012E-01  3.595589696020696E-01 -1.931958102709609E-01
  3.043206751322030E-02 -4.289456566891686E-01 -5.577962695288943E-02
  2.028548443066586E-01  1.988899426239139E-01 -4.263483570503205E-01
 -3.617035601161171E-02  3.962521281752165E-01 -9.391018825915415E-02
  2.714497628329708E-01  2.595755394835356E-01 -3.812707250011536E-01
 -7.932579826139055E-01  2.306399030754838E-01 -1.024201294000484E-01
  2.606919663580449E-01 -4.245658545652164E-01  2.565620167360784E-01
  3.278746732689874E-01 -3.851478908957046E-01  2.787198219132039E-01
 -3.090227933594662E-01  4.040784475874081E-02  2.931381409158341E-01
 -3.166626677678812E-01  1.208986861652302E-01  2.889749264487395E-01
  1.771288685230422E-01 -3.946847001837263E-01  2.666707054268694E-01
  7.083220971948698E-01  8.435123612639565E-02  2.997155742370839E-01
 -6.049315249958312E-01  1.672118216460505E-01  3.029416460502387E-01
 -6.842126558643544E-01  1.652789940246689E-01  2.867759922560323E-01
  2.457404707357152E-01  4.716037570555918E-01  2.252900777161626E-01
 -1.204006683525892E-01 -1.051797635039404E-01 -3.523792210561289E-01
 -3.808202209271030E-02  1.020179222202740E-01  2.765620941748477E-01
  5.387955527889343E-01  3.014813697508280E-01 -1.126667097604450E-01
  5.650997531795261E-01  3.162162369748113E-01 -3.762870872961285E-02
  4.027914408497323E-02  4.107507976808993E-01 -1.126665245835086E-04
  1.211240158181729E-01  4.112773604468662E-01 -1.280319400736258E-04
  9.763890082778107E-02 -4.512593792913108E-01 -7.038577817295724E-02
  3.155467658761429E-02 -4.457064440174953E-01 -2.415548435580558E-02
 -6.381080249203777E-01  3.556630065122788E-01  1.639548542559418E-01
 -3.582851317824549E-02  4.084703778965860E-01 -1.889266688432107E-02
 -1.071950798801159E-01  4.049780511621821E-01 -5.656332257502628E-02
 -2.208006463794432E-01 -4.001549436714203E-01 -3.965206796038312E-02
  1.404040723829189E-01 -5.101207549652467E-01  5.056905322137546E-02
 -2.717758595533477E-01 -4.167159917167286E-01 -1.182447284479629E-01
 -2.791954408515103E-01 -4.325336870163655E-01 -3.942634253599560E-02
  2.688972747351051E-01  1.923070120079771E-01 -4.314550993200619E-01
  2.087124775325053E-01  2.391178111613858E-01 -4.051080248277930E-01
 -3.364238782508520E-01 -2.589677892264753E-01 -2.889287283266311E-01
  2.398122360544105E-01 -1.872962741705371E-01  3.403419387387893E-01
 -1.626115809724655E-01 -1.477615145826741E-01  2.434874434644382E-01
 -2.409850121385624E-01 -1.491403552575482E-01  2.623566323088583E-01
  2.850082081912834E-01  3.566803883732381E-01 -1.582726735173487E-01
  3.654141020342918E-01  3.520868603512472E-01 -1.563793624974540E-01
  5.257291130217120E-01  4.041293527903948E-01  7.280044414751340E-02
  5.619176999815663E-01  3.517661683038536E-01  2.351780135841857E-02
  2.634047051214519E-01  1.487091228328142E-01 -4.473025728887222E-01
  1.934712626997996E-01  1.090352753549456E-01 -4.436526425660650E-01
 -2.710884620406026E-02 -4.136703987189725E-01 -1.487827915694951E-02
 -7.969623407743345E-02 -3.599353709881027E-01 -4.401979998922690E-02
 -4.619182900242659E-01 -4.601586486764733E-01 -4.029148788100509E-02
